property_type,society,sector,price,price_per_sqft,area,areaWithType,bedRoom,bathroom,balcony,floorNum,facing,agePossession,super_built_up_area,built_up_area,carpet_area,study room,servant room,store room,pooja room,others,furnishing_type,luxury_score
flat,signature global park 4,sector 36,0.82,7585,1081,Super Built up area 1081(100.43 sq.m.)Carpet area: 650 sq.ft. (60.39 sq.m.),3,2,2,2,,New Property,1081,,650,0,0,0,0,0,0,8
flat,smart world gems,sector 89,0.95,8600,1105,Carpet area: 1103 (102.47 sq.m.),2,2,2,4,,New Property,,,1103,1,1,0,0,0,0,38
flat,pyramid elite,sector 86,0.46,79,58228,Carpet area: 58141 (5401.48 sq.m.),2,2,1,0,,Under Construction,,,58141,0,0,0,0,0,0,15
flat,breez global hill view,sohna road,0.32,5470,585,Built Up area: 1000 (92.9 sq.m.)Carpet area: 585 sq.ft. (54.35 sq.m.),2,2,1,17,,New Property,,1000,585,0,0,0,0,0,0,49
flat,bestech park view sanskruti,sector 92,1.6,8020,1995,Super Built up area 1995(185.34 sq.m.)Built Up area: 1615 sq.ft. (150.04 sq.m.)Carpet area: 1476 sq.ft. (137.12 sq.m.),3,4,3+,10,North-West,Relatively New,1995,1615,1476,0,1,0,0,1,1,174
flat,suncity avenue,sector 102,0.48,9022,532,Super Built up area 632(58.71 sq.m.)Carpet area: 532 sq.ft. (49.42 sq.m.),2,2,1,5,North-East,Relatively New,632,,532,0,0,1,0,0,0,159
flat,paras quartier,gwal pahari,7.5,14018,5350,Super Built up area 5350(497.03 sq.m.),4,4,3+,20,North-East,New Property,5350,,,0,1,0,1,1,1,49
flat,experion the heartsong,sector 108,2,8554,2338,Super Built up area 2338(217.21 sq.m.),3,3,3+,14,East,Relatively New,2338,,,0,1,0,0,0,0,95
flat,adani m2k oyster grande,sector 102,1.9,9105,2087,Super Built up area 1889(175.49 sq.m.),3,4,3,8,North-East,Relatively New,1889,,,0,1,0,0,0,0,165
house,independent,sector 105,1.2,10122,1186,Plot area 1185.51(110.14 sq.m.),6,2,1,2,North-West,Old Property,,1185.51,,0,0,0,0,0,0,9
house,dlf city phase 1,sector 26,4.5,33333,1350,Plot area 150(125.42 sq.m.),3,3,2,2,East,Moderately Old,,1350,,1,1,0,0,0,0,70
house,independent,sector 109,1.55,6567,2360,Built Up area: 2360 (219.25 sq.m.),3,2,0,1,,Undefined,,2360,,0,0,0,0,0,0,0
flat,dlf regency park,sector 28,1.6,14545,1100,Carpet area: 1100 (102.19 sq.m.),2,2,2,3,North,Relatively New,,,1100,0,0,0,0,0,0,52
flat,ats tourmaline,sector 109,2.25,8704,2585,Super Built up area 2585(240.15 sq.m.),3,4,3,14,North-East,Relatively New,2585,,,0,1,0,0,0,0,101
flat,emaar mgf emerald floors premier,sector 65,2.77,14025,1975,Carpet area: 1975 (183.48 sq.m.),4,4,3+,3,North-East,Relatively New,,,1975,1,1,0,0,0,2,174
house,independent,sector 12,1.2,14184,846,Plot area 846(78.6 sq.m.)Built Up area: 846 sq.ft. (78.6 sq.m.),4,4,2,2,North,Relatively New,,846,,0,0,0,1,0,1,7
flat,bestech park view sanskruti,sector 92,1.55,7568,2048,Super Built up area 1995(185.34 sq.m.),3,4,3,16,South,Relatively New,1995,,,0,1,0,0,0,1,60
flat,ss the leaf,sector 85,1.09,6666,1635,Super Built up area 1640(152.36 sq.m.)Built Up area: 1638 sq.ft. (152.18 sq.m.)Carpet area: 1635 sq.ft. (151.9 sq.m.),2,2,3,9,South-West,Relatively New,1640,1638,1635,0,0,1,0,0,0,174
flat,capital residences 360,sector 70a,1.15,11500,1000,Super Built up area 1450(134.71 sq.m.)Built Up area: 1400 sq.ft. (130.06 sq.m.)Carpet area: 1000 sq.ft. (92.9 sq.m.),2,2,3,4,East,New Property,1450,1400,1000,0,0,0,1,0,0,132
house,independent,sector 54,5.5,38194,1440,Plot area 160(133.78 sq.m.),18,18,3+,4,South-West,Relatively New,,1440,,0,1,0,0,0,2,70
flat,ss the leaf,sector 85,1.77,7350,2408,Super Built up area 2408(223.71 sq.m.),3,4,3+,7,South-West,New Property,2408,,,0,0,1,0,0,0,107
flat,afnhb jalvayu vihar,sector 30,0.85,12859,661,Carpet area: 661 (61.41 sq.m.),2,2,1,2,West,Old Property,,,661,0,0,0,0,1,1,49
flat,m3m woodshire,sector 107,0.9,6590,1366,Super Built up area 1366(126.91 sq.m.),2,2,3+,10,,Relatively New,1366,,,0,0,0,0,1,1,49
flat,godrej habitat,sector 3,1.2,8310,1444,Super Built up area 1444(134.15 sq.m.),2,2,3,0,,Under Construction,1444,,,0,0,0,0,0,0,60
flat,ansal api celebrity suites,sector 2,0.6,8163,735,Super Built up area 735(68.28 sq.m.),1,1,1,5,North-East,Moderately Old,735,,,0,0,0,0,0,1,88
house,independent,sector 41,9,27778,3240,Plot area 360(301.01 sq.m.),8,5,3+,3,,Old Property,,3240,,0,1,1,1,0,1,26
house,independent,sector 41,7,28283,2475,Plot area 275(229.94 sq.m.),7,7,3+,3,South-West,Moderately Old,,2475,,1,1,1,1,0,2,151
flat,chanderlok society,sector 28,0.9,7234,1244,Carpet area: 1244 (115.57 sq.m.),4,2,3+,1,,Old Property,,,1244,0,0,0,0,0,0,0
house,independent,sector 4,0.4,8889,450,Plot area 50(41.81 sq.m.),1,1,0,1,,Moderately Old,,450,,0,0,0,0,0,0,0
house,international city by sobha phase 2,sector 109,5.65,10463,5400,Plot area 600(501.68 sq.m.),4,4,3+,2,North-East,New Property,,5400,,0,1,0,0,1,1,44
flat,emaar digihomes,sector 62,2.15,14257,1508,Carpet area: 1508 (140.1 sq.m.),2,2,3,31,,Under Construction,,,1508,0,0,0,0,0,0,101
house,uppal southend,sector 49,4.4,15278,2880,Plot area 320(267.56 sq.m.),6,6,3,3,North,Moderately Old,,2880,,1,1,1,1,0,2,110
flat,vipul lavanya,sector 81,0.64,5261,1216,Carpet area: 1225 (113.81 sq.m.),2,2,3,12,East,Relatively New,,,1225,0,0,0,0,0,1,93
flat,m3m heights,sector 65,2.86,14000,2043,Carpet area: 2040 (189.52 sq.m.),3,3,3,45,East,Under Construction,,,2040,0,1,0,0,0,0,48
flat,emaar mgf the palm drive,sector 66,3.5,15909,2200,Super Built up area 2200(204.39 sq.m.)Built Up area: 2125 sq.ft. (197.42 sq.m.)Carpet area: 2000 sq.ft. (185.81 sq.m.),3,3,3,7,North-East,Moderately Old,2200,2125,2000,0,1,1,0,0,1,149
house,greenopolis,sector 89,0.7,5397,1297,Built Up area: 1297 (120.5 sq.m.),2,2,2,14,North-East,Undefined,,1297,,0,0,0,0,0,0,0
flat,dlf the skycourt,sector 86,1.54,9221,1670,Super Built up area 1929(179.21 sq.m.)Built Up area: 1780 sq.ft. (165.37 sq.m.)Carpet area: 1670 sq.ft. (155.15 sq.m.),3,3,3+,15,North-West,Relatively New,1929,1780,1670,0,1,0,0,0,0,174
house,independent,sector 104,0.45,12162,370,Plot area 370(34.37 sq.m.)Carpet area: 1500 sq.ft. (139.35 sq.m.),4,4,2,4,North,Moderately Old,,,1500,0,0,0,0,0,1,7
house,emaar mgf marbella,sector 66,,,,Plot area 350(292.64 sq.m.),5,5,3,2,,Relatively New,,350,,0,0,0,0,0,1,22
house,vipul tatvam villa,sector 48,8.25,38194,2160,Plot area 350(292.64 sq.m.)Built Up area: 300 sq.yards (250.84 sq.m.)Carpet area: 240 sq.yards (200.67 sq.m.),4,4,3+,3,North-East,Relatively New,,300,240,0,1,1,0,0,1,160
house,international city by sobha phase 1,sector 109,6.1,25103,2430,Plot area 270(225.75 sq.m.),5,6,3+,2,,Moderately Old,,2430,,0,1,0,0,0,0,30
flat,the arzoo cghs,sector 51,2.1,9130,2300,Built Up area: 2300 (213.68 sq.m.),4,4,3,1,,Relatively New,,2300,,0,0,0,0,0,0,58
flat,corona optus,sector 37,1.25,7175,1742,Super Built up area 1735(161.19 sq.m.)Carpet area: 1400 sq.ft. (130.06 sq.m.),3,3,3,2,North-West,Relatively New,1735,,1400,1,0,0,0,0,0,49
flat,lotus homz,sector 111,0.7,10057,696,Carpet area: 696 (64.66 sq.m.),2,2,2,8,East,Relatively New,,,696,0,0,0,0,0,0,68
flat,m3m merlin,sector 67,2.8,13678,2047,Super Built up area 2047(190.17 sq.m.)Carpet area: 1880 sq.ft. (174.66 sq.m.),3,3,3,5,North-East,Moderately Old,2047,,1880,0,1,0,0,0,2,26
house,housing board colony,sector 28,5.5,30556,1800,Plot area 200(167.23 sq.m.),4,3,3,2,North,Old Property,,1800,,0,0,0,1,1,1,22
flat,puri diplomatic greens,sector 111,2.58,11727,2200,Super Built up area 2200(204.39 sq.m.),3,4,2,10,North,Moderately Old,2200,,,0,1,0,0,0,0,86
flat,la vida by tata housing,sector 113,3,14285,2100,Super Built up area 2691(250 sq.m.)Built Up area: 2460 sq.ft. (228.54 sq.m.)Carpet area: 2100 sq.ft. (195.1 sq.m.),3,3,3+,3,East,Relatively New,2691,2460,2100,0,1,0,0,0,0,167
house,ganpati heights apartment,sector 13,1.25,151,82781,Plot area 115(7692.86 sq.m.),10,6,2,3,South-East,Old Property,,115,,0,0,0,0,1,0,7
flat,smart world orchard,sector 61,2.1,13750,1527,Super Built up area 1549(143.91 sq.m.)Carpet area: 1500 sq.ft. (139.35 sq.m.),3,2,3,3,South,Under Construction,1549,,1500,0,0,0,0,0,0,146
flat,tata gurgaon gateway,sector 113,2.45,10786,2271,Super Built up area 2225(206.71 sq.m.),3,3,3,8,North,Relatively New,2225,,,0,0,0,0,0,0,110
flat,tulip violet,sector 69,1.38,8972,1538,Carpet area: 1538 (142.88 sq.m.),3,3,1,12,West,Relatively New,,,1538,0,0,0,0,0,0,174
flat,smart world gems,sector 89,1.71,12000,1425,Built Up area: 1423 (132.2 sq.m.),3,2,0,3,,Undefined,,1423,,0,0,0,0,0,0,45
flat,ireo the corridors,sector 67a,1.85,9531,1941,Built Up area: 1941 (180.32 sq.m.),3,4,3,4,East,New Property,,1941,,1,0,1,0,0,1,150
flat,signature global the millennia,sector 37d,0.6,9230,650,Super Built up area 650(60.39 sq.m.)Carpet area: 596.12 sq.ft. (55.38 sq.m.),2,2,3,7,,New Property,650,,596.12,0,0,0,0,0,0,35
flat,vatika the seven lamps,sector 82,0.81,6192,1308,Super Built up area 1300(120.77 sq.m.),2,2,2,15,West,Relatively New,1300,,,0,0,0,0,0,1,117
flat,tulip monsella,sector 53,5.6,19363,2892,Super Built up area 2892(268.68 sq.m.),3,3,3+,1,,Under Construction,2892,,,0,0,0,0,0,0,42
flat,m3m skywalk,sector 74,1.5,12500,1200,Super Built up area 1400(130.06 sq.m.)Built Up area: 1300 sq.ft. (120.77 sq.m.)Carpet area: 1200 sq.ft. (111.48 sq.m.),2,2,3,17,North-East,Relatively New,1400,1300,1200,0,0,1,0,0,0,174
flat,bptp terra,sector 37d,1.45,8006,1811,Super Built up area 1811(168.25 sq.m.),3,3,3,9,North-East,Relatively New,1811,,,0,0,0,0,0,0,107
flat,experion the heartsong,sector 108,1.65,8237,2003,Super Built up area 2003(186.08 sq.m.)Built Up area: 1771.32 sq.ft. (164.56 sq.m.)Carpet area: 1302.01 sq.ft. (120.96 sq.m.),3,4,3,3,North-West,Moderately Old,2003,1771.32,1302.01,1,0,0,0,0,1,75
flat,huda housing board society,sector 52,0.45,9745,462,Carpet area: 461.77 (42.9 sq.m.),1,1,0,0,North-West,Moderately Old,,,461.77131,0,0,0,1,0,1,43
flat,shri balaji apartment,sector 12,0.35,4037,867,Super Built up area 867(80.55 sq.m.)Built Up area: 737 sq.ft. (68.47 sq.m.)Carpet area: 650 sq.ft. (60.39 sq.m.),2,2,1,1,North,Moderately Old,867,737,650,0,0,0,0,0,0,23
house,independent,sector 43,5.75,23662,2430,Plot area 270(225.75 sq.m.)Built Up area: 260 sq.yards (217.39 sq.m.)Carpet area: 220 sq.yards (183.95 sq.m.),4,4,2,4,North,Under Construction,,260,220,0,1,1,0,0,2,153
flat,ss the leaf,sector 85,1.12,6453,1736,Super Built up area 1741(161.74 sq.m.)Built Up area: 1485 sq.ft. (137.96 sq.m.)Carpet area: 1335 sq.ft. (124.03 sq.m.),2,2,3,10,East,Relatively New,1741,1485,1335,0,0,0,0,1,0,49
flat,avl 36 gurgaon,sector 36,0.75,7500,1000,Super Built up area 1000(92.9 sq.m.)Carpet area: 727 sq.ft. (67.54 sq.m.),2,2,2,5,North-East,Relatively New,1000,,727,0,0,0,0,0,0,26
flat,adani aangan galleria,sector 89,0.25,5000,500,Super Built up area 500(46.45 sq.m.)Built Up area: 430 sq.ft. (39.95 sq.m.)Carpet area: 410 sq.ft. (38.09 sq.m.),1,1,1,6,,New Property,500,430,410,0,0,0,0,0,0,74
house,independent,sector 13,0.5,90909,55,Plot area 55(5.11 sq.m.),12,4,3,4,,Old Property,,55,,0,0,0,0,0,0,15
house,independent,sector 4,0.67,8557,783,Plot area 87(72.74 sq.m.),3,2,1,1,South,Moderately Old,,783,,0,0,0,1,1,0,19
flat,bestech park view residency,sector 2,0.56,8632,649,Carpet area: 651 (60.48 sq.m.),1,1,2,6,South,Moderately Old,,,651,0,0,0,0,0,0,77
flat,aipl zen residences,sector 70a,1.75,10257,1706,Built Up area: 1706 (158.49 sq.m.)Carpet area: 1050 sq.ft. (97.55 sq.m.),3,4,3+,20,North-East,Relatively New,,1706,1050,0,0,0,0,1,2,49
house,independent,sector 14,4.15,18444,2250,Plot area 250(209.03 sq.m.),5,4,2,2,North-West,Old Property,,2250,,0,0,0,0,0,1,51
flat,m3m merlin,sector 67,3.4,14418,2358,Super Built up area 2358(219.07 sq.m.),3,4,3,17,North,Relatively New,2358,,,0,1,0,0,0,1,174
flat,smart world gems,sector 89,0.95,8600,1105,Carpet area: 1103 (102.47 sq.m.),2,2,2,4,,New Property,,,1103,1,1,0,0,0,0,38
flat,dlf the ultima,sector 81,2.3,10936,2103,Super Built up area 2103(195.38 sq.m.)Built Up area: 1617 sq.ft. (150.22 sq.m.)Carpet area: 1257 sq.ft. (116.78 sq.m.),3,3,3+,19,East,Relatively New,2103,1617,1257,1,1,0,1,1,2,49
house,independent,sector 25,7.6,38760,1961,Plot area 215(179.77 sq.m.),9,9,3,4,East,Relatively New,,1935,,1,0,1,1,0,1,84
flat,rof ananda,sector 95,0.32,5736,558,Carpet area: 549.16 (51.02 sq.m.),2,2,1,10,North,Relatively New,,,549.174178,0,0,0,1,0,1,50
flat,rof aalayas,sector 102,0.45,6000,750,Built Up area: 750 (69.68 sq.m.),1,1,2,6,,Undefined,,750,,0,0,0,0,0,0,0
house,independent,sector 56,2.99,20635,1449,Plot area 161(134.62 sq.m.),4,4,2,2,South,Moderately Old,,1449,,1,1,0,1,0,1,49
house,independent,sector 17,3.87,5160,7500,Plot area 1623(150.78 sq.m.)Built Up area: 7500 sq.ft. (696.77 sq.m.),19,17,3+,5,North-West,Relatively New,,7500,,1,0,1,0,0,0,68
flat,ats tourmaline,sector 109,1.5,6976,2150,Super Built up area 2150(199.74 sq.m.)Built Up area: 1797 sq.ft. (166.95 sq.m.)Carpet area: 1670 sq.ft. (155.15 sq.m.),3,4,3+,4,North-West,Relatively New,2150,1797,1670,0,1,0,0,0,0,39
house,dlf south city 1,sector 41,2.65,18928,1400,Plot area 2160(200.67 sq.m.)Built Up area: 1800 sq.ft. (167.23 sq.m.)Carpet area: 1400 sq.ft. (130.06 sq.m.),3,3,3,4,North-East,New Property,,1800,1400,0,1,0,0,0,1,22
house,bhim garh kheri,sector 3,1.5,7576,1980,Plot area 220(183.95 sq.m.),7,2,0,1,,Undefined,,1980,,0,0,0,0,0,0,0
flat,dlf the skycourt,sector 86,1.5,7894,1900,Super Built up area 1900(176.52 sq.m.),3,3,1,16,East,Relatively New,1900,,,0,0,0,0,1,0,49
flat,central park resorts,sector 48,9.3,24926,3731,Super Built up area 3931(365.2 sq.m.)Built Up area: 3831 sq.ft. (355.91 sq.m.)Carpet area: 3731 sq.ft. (346.62 sq.m.),4,4,3+,10,North-East,Moderately Old,3931,3831,3731,1,1,1,1,0,1,67
flat,ss the leaf,sector 83,1.19,7225,1647,Super Built up area 1640(152.36 sq.m.)Built Up area: 1630 sq.ft. (151.43 sq.m.)Carpet area: 1620 sq.ft. (150.5 sq.m.),2,2,3,4,South-East,Relatively New,1640,1630,1620,0,0,0,0,0,0,49
flat,signature global solera,sector 107,0.5,4761,1050,Super Built up area 1050(97.55 sq.m.)Built Up area: 850 sq.ft. (78.97 sq.m.)Carpet area: 645 sq.ft. (59.92 sq.m.),3,2,2,5,South,Relatively New,1050,850,645,0,0,0,0,1,0,35
flat,hero homes,sector 104,1.4,15826,885,Super Built up area 1389(129.04 sq.m.)Carpet area: 884.58 sq.ft. (82.18 sq.m.),3,2,2,4,North,Under Construction,1389,,884.58,0,0,0,0,0,0,49
flat,godrej oasis,sector 88a,1,6896,1450,Carpet area: 1450 (134.71 sq.m.),2,2,3,7,,Relatively New,,,1450,1,0,0,0,0,0,72
flat,eldeco accolade,sohna road,1.3,7424,1751,Super Built up area 1751(162.67 sq.m.)Carpet area: 1290 sq.ft. (119.84 sq.m.),3,3,3+,10,East,Relatively New,1751,,1290,0,0,0,0,0,0,49
flat,orris carnation residency,sector 85,0.9,6428,1400,Super Built up area 1485(137.96 sq.m.)Built Up area: 1402 sq.ft. (130.25 sq.m.)Carpet area: 1400 sq.ft. (130.06 sq.m.),3,3,2,12,,Relatively New,1485,1402,1400,0,0,0,0,0,0,120
house,independent,sector 105,0.5,50000,100,Built Up area: 100 (9.29 sq.m.),2,2,0,1,,Undefined,,100,,0,0,0,0,0,0,0
flat,vatika gurgaon,sector 83,1.15,5808,1980,Super Built up area 1980(183.95 sq.m.)Built Up area: 1350 sq.ft. (125.42 sq.m.)Carpet area: 1308 sq.ft. (121.52 sq.m.),3,3,2,3,South,Relatively New,1980,1350,1308,1,1,1,1,0,1,165
flat,tulip violet,sector 69,1.36,8618,1578,Super Built up area 1578(146.6 sq.m.),3,3,2,12,West,Relatively New,1578,,,0,0,0,1,0,1,49
house,independent,sector 105,1.1,12222,900,Carpet area: 900 (83.61 sq.m.),6,4,1,1,South-West,Undefined,,,900,0,0,0,0,0,0,0
flat,shapoorji pallonji joyville gurugram,sector 102,1.4,11666,1200,Super Built up area 1368(127.09 sq.m.)Carpet area: 1200 sq.ft. (111.48 sq.m.),2,2,3,0,North,Relatively New,1368,,1200,0,0,0,0,0,0,80
house,independent,sector 55,2.8,18667,1500,Built Up area: 1500 (139.35 sq.m.),4,4,0,2,,Undefined,,1500,,0,0,0,0,0,0,0
house,unitech espace,sector 50,10.45,32253,3240,Plot area 360(301.01 sq.m.),5,7,3+,3,,Moderately Old,,3240,,1,1,0,1,1,1,153
flat,pivotal devaan,sector 84,0.34,7039,483,Carpet area: 483 (44.87 sq.m.),2,2,1,1,East,Relatively New,,,483,0,0,1,0,0,1,84
flat,pivotal devaan apartments,sector 84,0.39,6500,600,Super Built up area 600(55.74 sq.m.)Carpet area: 500 sq.ft. (46.45 sq.m.),2,2,0,5,North,Undefined,600,,500,0,0,0,0,0,0,0
house,independent,sector 4,1.1,11111,990,Built Up area: 990 (91.97 sq.m.),6,4,1,2,North,Undefined,,990,,0,0,0,0,0,0,0
flat,gls arawali homes,sohna road,0.35,6076,576,Super Built up area 576(53.51 sq.m.),2,2,2,12,,New Property,576,,,0,0,0,0,0,0,42
flat,tarc maceo,sector 91,1.75,11121,1574,Super Built up area 2724(253.07 sq.m.)Carpet area: 1573.59 sq.ft. (146.19 sq.m.),4,3,3+,8,South,Relatively New,2724,,1573.59,1,1,1,1,0,0,128
flat,vatika city,sector 49,2.1,10418,2016,Super Built up area 2015.58(187.25 sq.m.)Built Up area: 1604.25 sq.ft. (149.04 sq.m.),3,3,3,9,South,Moderately Old,2015.58,1604.25,,0,0,0,1,0,1,132
flat,central park resorts,sector 48,3.65,15240,2395,Super Built up area 1870(173.73 sq.m.)Built Up area: 1869 sq.ft. (173.64 sq.m.),3,3,3+,9,North-West,Relatively New,1870,1869,,0,0,0,0,1,1,157
flat,ashiana mulberry,sohna road,0.95,6485,1465,Super Built up area 1465(136.1 sq.m.)Built Up area: 1175.97 sq.ft. (109.25 sq.m.)Carpet area: 834.96 sq.ft. (77.57 sq.m.),2,2,3+,3,,New Property,1465,1175.97,834.96,1,0,0,0,0,0,89
flat,tulip violet,sector 69,1.29,8227,1568,Super Built up area 1568(145.67 sq.m.),3,3,1,12,North-East,Relatively New,1568,,,0,0,0,1,0,1,86
house,suncity avenue 76,sector 76,0.75,10067,745,Plot area 745(69.21 sq.m.)Built Up area: 745 sq.ft. (69.21 sq.m.),2,2,2,11,North-East,New Property,,745,,0,0,0,0,0,0,40
flat,dlf the primus,sector 82a,1.85,10283,1799,Super Built up area 1799(167.13 sq.m.)Carpet area: 1538 sq.ft. (142.88 sq.m.),3,3,3+,2,South,Relatively New,1799,,1538,0,0,0,0,0,1,44
flat,umang monsoon breeze,sector 78,0.7,5719,1224,Built Up area: 1224 (113.71 sq.m.),2,2,2,5,,Undefined,,1224,,0,0,0,0,0,0,0
flat,rof ananda,sector 95,0.32,5827,549,Carpet area: 549.16 (51.02 sq.m.),2,2,1,9,North,Relatively New,,,549.174178,0,0,0,1,0,1,71
flat,the crew bos chs manesar,manesar,0.85,3695,2300,Carpet area: 2300 (213.68 sq.m.),3,3,2,2,East,Moderately Old,,,2300,0,0,0,0,0,0,44
flat,spaze privvy the address,sector 93,1.25,5701,2193,Built Up area: 2105 (195.56 sq.m.)Carpet area: 1700 sq.ft. (157.94 sq.m.),4,4,3,16,,Relatively New,,2105,1700,0,0,0,0,0,0,0
flat,"m m residency, krishna colony, gurgaon",sector 7,0.54,5888,917,Carpet area: 900 (83.61 sq.m.),2,2,1,3,East,Relatively New,,,900,0,0,0,0,0,0,70
flat,chd avenue,sector 71,0.79,6594,1198,Super Built up area 1198(111.3 sq.m.),2,2,2,8,South-East,Relatively New,1198,,,0,0,0,0,1,0,0
house,independent,sector 25,10,37037,2700,Plot area 2700(250.84 sq.m.)Built Up area: 9500 sq.ft. (882.58 sq.m.)Carpet area: 9000 sq.ft. (836.13 sq.m.),5,5,3+,3,East,Moderately Old,,9500,9000,0,1,0,1,0,2,29
flat,signature the serenas,sohna road,0.28,57,49123,Carpet area: 48811 (4534.69 sq.m.),1,1,2,1,North-West,Relatively New,,,48811,1,0,0,0,0,0,37
flat,park royal apartment,sector 56,1.71,7600,2250,Built Up area: 2251 (209.12 sq.m.)Carpet area: 2250 sq.ft. (209.03 sq.m.),3,3,3+,5,North-East,Moderately Old,,2251,2250,0,1,0,0,0,1,118
flat,mahindra aura,sector 110,1.4,9655,1450,Super Built up area 1615(150.04 sq.m.)Built Up area: 1550 sq.ft. (144 sq.m.)Carpet area: 1450 sq.ft. (134.71 sq.m.),3,3,3,10,North,Relatively New,1615,1550,1450,0,0,0,0,0,1,142
flat,ireo victory valley,sector 67,3.65,13528,2698,Super Built up area 2698(250.65 sq.m.)Built Up area: 2490 sq.ft. (231.33 sq.m.),3,4,3+,18,North,Relatively New,2698,2490,,0,1,0,1,0,1,61
house,independent,sector 55,7.49,27741,2700,Plot area 300(250.84 sq.m.),12,12,3+,4,South-East,Relatively New,,2700,,1,1,0,1,0,1,49
flat,signature global solera,sector 107,0.6,8000,750,Built Up area: 750 (69.68 sq.m.)Carpet area: 650 sq.ft. (60.39 sq.m.),3,2,2,8,,Undefined,,750,650,0,0,0,0,0,0,55
flat,tulip violet,sector 69,1.44,9125,1578,Super Built up area 1578(146.6 sq.m.)Carpet area: 1200 sq.ft. (111.48 sq.m.),3,3,2,1,South,Relatively New,1578,,1200,0,0,0,1,0,0,174
flat,m3m capital,sector 113,2.37,11500,2061,Built Up area: 2060 (191.38 sq.m.)Carpet area: 1600 sq.ft. (148.64 sq.m.),4,4,3+,20,East,Under Construction,,2060,1600,1,0,0,0,0,0,143
flat,zara aavaas,sector 104,0.2,6644,301,Carpet area: 301 (27.96 sq.m.),1,2,2,3,,New Property,,,301,0,0,0,0,0,0,67
flat,godrej nature plus,sector 33,1.5,10200,1471,Carpet area: 1385 (128.67 sq.m.),2,2,3+,2,South-East,Under Construction,,,1385,0,0,0,0,0,0,87
flat,m3m capital,sector 113,1.83,13969,1310,Built Up area: 1310 (121.7 sq.m.),2,2,0,7,,Undefined,,1310,,0,0,0,0,0,0,68
house,independent,sector 4,3.2,14222,2250,Plot area 250(209.03 sq.m.),3,3,2,2,,Old Property,,2250,,0,0,0,0,0,0,13
house,independent,sector 57,6.95,38611,1800,Plot area 192(160.54 sq.m.),12,12,3+,4,East,New Property,,1728,,0,1,1,0,0,1,73
flat,breez global heights 88a,sector 88a,0.5,8375,597,Carpet area: 597 (55.46 sq.m.),3,2,2,2,,Under Construction,,,597,0,0,0,0,0,0,15
flat,south city 1 floors,sector 41,3.4,11724,2900,Built Up area: 2900 (269.42 sq.m.),4,4,3,0,,Undefined,,2900,,0,0,0,0,0,0,0
flat,adani m2k oyster grande,sector 102,4.55,10000,4550,Super Built up area 4650(432 sq.m.)Built Up area: 4630 sq.ft. (430.14 sq.m.)Carpet area: 4550 sq.ft. (422.71 sq.m.),4,4,3+,11,North-East,Relatively New,4650,4630,4550,0,0,0,0,0,1,60
flat,vatika city,sector 49,1.72,7818,2200,Carpet area: 2200 (204.39 sq.m.),3,3,2,2,North-East,Old Property,,,2200,0,0,0,0,0,1,144
flat,smart world orchard,sector 61,2.2,13500,1630,Carpet area: 1600 (148.64 sq.m.),3,3,2,1,North-East,Under Construction,,,1600,0,0,0,0,0,0,49
flat,vatika iris floors,sector 82,0.63,5590,1127,Super Built up area 1134(105.35 sq.m.),2,2,3+,2,East,Relatively New,1134,,,1,0,0,0,0,0,110
flat,corona optus,sector 37,1.4,7035,1990,Super Built up area 1990(184.88 sq.m.)Built Up area: 1890 sq.ft. (175.59 sq.m.)Carpet area: 1790 sq.ft. (166.3 sq.m.),3,3,3+,4,South,Relatively New,1990,1890,1790,0,1,0,0,0,0,149
flat,unitech south park,sector 70,1.13,7000,1614,Super Built up area 1610(149.57 sq.m.),3,3,2,1,,Under Construction,1610,,,0,0,0,0,0,0,46
house,hero homes,sector 104,1.95,21195,920,Plot area 920(85.47 sq.m.),3,5,3+,2,,Moderately Old,,920,,0,0,0,0,0,0,64
flat,shree vardhman victoria,sector 70,1.75,8974,1950,Built Up area: 1950 (181.16 sq.m.),3,5,0,0,,Undefined,,1950,,0,0,0,0,0,0,47
flat,indiabulls centrum park,sector 103,2.45,8521,2875,Super Built up area 2875(267.1 sq.m.),4,4,3,11,East,Relatively New,2875,,,1,1,1,1,0,0,38
house,vatika signature villas,sector 82,4.7,21759,2160,Plot area 240(200.67 sq.m.),3,3,3+,3,,New Property,,2160,,0,1,0,0,0,0,33
house,independent,sector 28,0.7,8101,864,Plot area 864(80.27 sq.m.),4,2,0,2,North,Old Property,,864,,0,0,0,0,0,0,7
flat,m3m soulitude,sector 89,1.3,8700,1494,Super Built up area 1500(139.35 sq.m.)Carpet area: 900 sq.ft. (83.61 sq.m.),3,3,2,1,,New Property,1500,,900,0,0,0,0,1,0,45
house,international city by sobha phase 2,sector 109,6.5,12037,5400,Plot area 5400(501.68 sq.m.),4,4,3+,1,North-East,New Property,,5400,,0,1,0,0,0,1,160
flat,signature global the millennia,sector 37d,0.55,9166,600,Super Built up area 600(55.74 sq.m.),2,2,3,3,,New Property,600,,,0,0,0,0,0,0,53
flat,signature global park,sohna road,0.9,8035,1120,Super Built up area 1120(104.05 sq.m.),3,2,2,2,South,Under Construction,1120,,,0,0,0,0,0,0,144
flat,m3m woodshire,sector 107,1.15,7496,1534,Super Built up area 1534(142.51 sq.m.)Carpet area: 1056 sq.ft. (98.11 sq.m.),2,2,3,0,North-East,Relatively New,1534,,1056,1,0,0,0,0,0,29
flat,emaar mgf the palm drive,sector 66,3.5,16470,2125,Super Built up area 2200(204.39 sq.m.)Built Up area: 2150 sq.ft. (199.74 sq.m.)Carpet area: 2125 sq.ft. (197.42 sq.m.),3,4,3,6,North,Relatively New,2200,2150,2125,0,1,0,0,0,0,68
flat,dlf regal gardens,sector 90,1.78,8036,2215,Super Built up area 2215(205.78 sq.m.)Built Up area: 2000 sq.ft. (185.81 sq.m.)Carpet area: 1650 sq.ft. (153.29 sq.m.),4,4,3+,8,South,Relatively New,2215,2000,1650,0,0,0,0,0,0,126
flat,sanskriti apartments,sector 43,2.5,13513,1850,Super Built up area 1850(171.87 sq.m.),3,2,3,5,East,Old Property,1850,,,1,0,0,0,0,0,0
house,independent,sector 38,3.9,21242,1836,Plot area 204(170.57 sq.m.),6,6,3+,3,North-East,Moderately Old,,1836,,1,1,0,1,0,0,32
house,independent,sector 3,0.55,6707,820,Plot area 820(76.18 sq.m.)Built Up area: 810 sq.ft. (75.25 sq.m.)Carpet area: 715 sq.ft. (66.43 sq.m.),2,2,1,2,South-East,Moderately Old,,810,715,0,0,0,0,0,0,0
flat,bptp terra,sector 37d,1.67,7622,2191,Super Built up area 2191(203.55 sq.m.)Built Up area: 2091 sq.ft. (194.26 sq.m.)Carpet area: 1991 sq.ft. (184.97 sq.m.),4,4,3,11,West,Relatively New,2191,2091,1991,0,0,0,0,0,1,149
flat,shree vardhman flora,sector 90,0.65,6789,957,Super Built up area 1350(125.42 sq.m.)Built Up area: 1050 sq.ft. (97.55 sq.m.)Carpet area: 950 sq.ft. (88.26 sq.m.),2,2,3,9,South-East,Relatively New,1350,1050,950,1,0,0,0,0,0,67
flat,m3m golfestate,sector 65,5.5,16959,3243,Super Built up area 3243(301.28 sq.m.)Built Up area: 2803 sq.ft. (260.41 sq.m.)Carpet area: 2388 sq.ft. (221.85 sq.m.),3,4,3,3,North-East,Relatively New,3243,2803,2388,0,1,0,0,0,0,49
flat,dlf regal gardens,sector 90,2.05,9000,2278,Super Built up area 2215(205.78 sq.m.),4,4,3+,5,,Relatively New,2215,,,0,0,0,0,0,1,49
house,independent,sector 51,2.25,25000,900,Plot area 100(83.61 sq.m.),6,3,3+,3,North-West,Relatively New,,900,,0,0,0,0,0,0,54
house,unitech uniworld resorts,sector 33,11,26667,4125,Plot area 500(418.06 sq.m.),5,6,3,3,,New Property,,500,,1,1,0,0,0,0,58
flat,shapoorji pallonji joyville gurugram,sector 102,1.41,10307,1368,Super Built up area 1368(127.09 sq.m.),2,2,3,0,North-East,Relatively New,1368,,,0,0,0,0,1,0,49
flat,mapsko mount ville,sector 79,1.65,9091,1815,Built Up area: 1815 (168.62 sq.m.),3,3,0,12,,Undefined,,1815,,0,0,0,0,0,0,0
flat,vatika gurgaon,sector 83,0.98,8166,1200,Super Built up area 1445(134.24 sq.m.)Built Up area: 1300 sq.ft. (120.77 sq.m.)Carpet area: 1200 sq.ft. (111.48 sq.m.),2,2,3,5,South,Relatively New,1445,1300,1200,0,0,0,0,0,1,96
flat,essel towers,sector 14,2.2,12500,1760,Carpet area: 1760 (163.51 sq.m.),3,4,3+,3,North-West,Undefined,,,1760,0,0,0,0,0,0,0
flat,dlf the skycourt,sector 86,1.5,7776,1929,Super Built up area 1929(179.21 sq.m.)Built Up area: 1550 sq.ft. (144 sq.m.)Carpet area: 1330 sq.ft. (123.56 sq.m.),3,3,1,15,South-East,Relatively New,1929,1550,1330,0,0,0,0,0,0,159
house,satya the hermitage,sector 103,4.35,13501,3222,Plot area 358(299.33 sq.m.),4,4,3+,2,North,Relatively New,,3222,,1,1,1,1,0,1,138
flat,tulip violet,sector 69,1.3,8283,1569,Super Built up area 1568(145.67 sq.m.),3,3,1,12,South-West,Relatively New,1568,,,0,0,0,1,0,0,86
flat,chd avenue,sector 71,1.1,6104,1802,Super Built up area 1802(167.41 sq.m.),3,4,3,3,South,Moderately Old,1802,,,0,1,0,0,0,0,26
flat,dlf the primus,sector 82a,1.59,10338,1538,Super Built up area 1799(167.13 sq.m.)Carpet area: 1538 sq.ft. (142.88 sq.m.),3,3,3+,5,North-East,Relatively New,1799,,1538,0,0,0,0,1,2,167
flat,godrej icon,sector 88a,1.65,9041,1825,Super Built up area 1825(169.55 sq.m.),3,3,3,12,,New Property,1825,,,0,0,0,0,0,0,60
flat,dlf the ultima,sector 81,2.28,10841,2103,Super Built up area 2103(195.38 sq.m.)Built Up area: 1750 sq.ft. (162.58 sq.m.)Carpet area: 1257 sq.ft. (116.78 sq.m.),3,3,3+,14,East,Relatively New,2103,1750,1257,0,1,0,0,0,2,49
flat,dlf new town heights,sector 90,1.6,6768,2364,Super Built up area 2364(219.62 sq.m.),4,4,3+,10,West,Relatively New,2364,,,0,1,0,1,0,0,88
flat,dlf regal gardens,sector 90,1.21,6926,1747,Super Built up area 1747(162.3 sq.m.),3,3,3+,29,West,Relatively New,1747,,,0,0,0,0,1,0,95
flat,dlf regal gardens,sector 90,1.25,10416,1200,Super Built up area 1702(158.12 sq.m.)Carpet area: 1200 sq.ft. (111.48 sq.m.),3,3,3,18,North,Moderately Old,1702,,1200,0,1,0,0,0,0,100
flat,bestech park view residency,sector 2,0.98,6932,1414,Super Built up area 1415(131.46 sq.m.),2,2,3,11,East,Moderately Old,1415,,,0,0,0,0,0,0,83
flat,experion the heartsong,sector 108,0.93,6079,1530,Super Built up area 1283(119.19 sq.m.),2,3,3,10,East,Relatively New,1283,,,0,0,0,0,0,0,81
flat,smart world orchard,sector 61,2.24,14460,1549,Super Built up area 1549(143.91 sq.m.),3,3,2,3,,New Property,1549,,,0,0,0,0,1,0,61
flat,kiran residency,sector 56,1.55,7750,2000,Super Built up area 2000(185.81 sq.m.),3,3,3,5,North,Old Property,2000,,,0,1,0,0,0,1,52
flat,supertech araville,sector 79,0.78,6023,1295,Super Built up area 1295(120.31 sq.m.),2,2,3+,17,,Relatively New,1295,,,0,0,0,0,0,0,24
flat,la vida by tata housing,sector 113,1.93,12222,1579,Super Built up area 1579(146.69 sq.m.),3,3,2,8,,Under Construction,1579,,,0,0,0,0,0,0,71
flat,ats triumph,sector 104,2.6,8813,2950,Super Built up area 3150(292.64 sq.m.)Carpet area: 2950 sq.ft. (274.06 sq.m.),4,4,3+,16,East,Relatively New,3150,,2950,0,1,0,0,0,1,150
house,experion windchants,sector 112,7.46,10260,7271,Built Up area: 6350 (589.93 sq.m.),4,4,3+,2,East,Relatively New,,6350,,0,1,0,1,0,1,62
flat,ambience creacions,sector 22,4.8,19200,2500,Carpet area: 2500 (232.26 sq.m.),4,6,3+,10,North-East,New Property,,,2500,0,1,0,1,0,2,49
flat,experion the heartsong,sector 108,0.97,9238,1050,Carpet area: 1050 (97.55 sq.m.),2,2,3,10,North-East,Relatively New,,,1050,0,1,0,0,0,0,165
flat,shapoorji pallonji joyville gurugram,sector 102,0.97,10601,915,Super Built up area 915(85.01 sq.m.),2,2,2,12,East,Relatively New,915,,,0,0,0,0,0,0,100
flat,dlf garden city floors,sector 92,1.7,8588,1980,Super Built up area 1630(151.43 sq.m.),3,4,2,1,,Under Construction,1630,,,0,0,0,0,0,0,63
house,independent,sector 26,6.75,27778,2430,Plot area 270(225.75 sq.m.),3,3,3,2,North-East,Moderately Old,,2430,,0,0,0,0,0,0,27
flat,dlf new town heights,sector 90,1.2,6217,1930,Carpet area: 1930 (179.3 sq.m.),3,3,3+,8,North-West,Moderately Old,,,1930,0,1,0,1,0,0,59
flat,shree vardhman victoria,sector 70,1.65,8461,1950,Super Built up area 1950(181.16 sq.m.)Carpet area: 1161 sq.ft. (107.86 sq.m.),3,5,3,6,North-East,Relatively New,1950,,1161,0,1,0,1,0,0,167
house,independent,sector 13,1.5,11538,1300,Plot area 1300(120.77 sq.m.),10,7,3,4,East,Moderately Old,,1300,,0,0,0,0,0,0,0
flat,antriksh heights,sector 84,0.69,5111,1350,Super Built up area 1350(125.42 sq.m.),2,2,3+,8,West,Relatively New,1350,,,1,0,0,0,0,0,59
flat,ss,sector 85,1.2,7151,1678,Super Built up area 1671(155.24 sq.m.)Built Up area: 1660 sq.ft. (154.22 sq.m.)Carpet area: 1650 sq.ft. (153.29 sq.m.),2,2,3,15,North-East,Relatively New,1671,1660,1650,0,0,0,0,0,0,49
flat,apartment,sector 92,0.75,4687,1600,Carpet area: 1600 (148.64 sq.m.),3,4,3,2,East,Moderately Old,,,1600,1,0,0,0,0,0,113
flat,vatika city,sector 49,1.69,8622,1960,Carpet area: 1960 (182.09 sq.m.),3,3,3,3,North,Moderately Old,,,1960,0,0,0,1,0,0,136
flat,ireo victory valley,sector 67,4.5,14097,3192,Super Built up area 3192(296.55 sq.m.)Built Up area: 3160 sq.ft. (293.57 sq.m.)Carpet area: 3000 sq.ft. (278.71 sq.m.),4,4,3+,0,North,Relatively New,3192,3160,3000,0,1,0,1,0,1,42
house,unitech uniworld resorts,sector 33,8.5,17820,4770,Plot area 530(443.15 sq.m.),5,5,3+,3,North,New Property,,4770,,1,1,1,1,0,1,145
flat,signature global solera,sector 107,0.4,6644,602,Super Built up area 602(55.93 sq.m.)Carpet area: 548 sq.ft. (50.91 sq.m.),2,2,1,7,,Relatively New,602,,548,0,0,0,0,0,1,55
flat,hsiidc sidco aravali,manesar,0.9,3648,2467,Super Built up area 2467(229.19 sq.m.),4,4,3,7,,Moderately Old,2467,,,0,0,0,0,0,0,0
flat,residency grand,sector 52,5,7692,6500,Carpet area: 5200 (483.1 sq.m.),5,7,3+,1,East,Moderately Old,,,5200,0,1,0,1,0,0,77
flat,whiteland blissville,sector 76,1.9,11363,1672,Super Built up area 1672(155.33 sq.m.),3,3,2,0,,Under Construction,1672,,,0,0,0,0,0,0,61
flat,spaze privy at,sector 84,1.24,6465,1918,Super Built up area 1918(178.19 sq.m.)Built Up area: 1650 sq.ft. (153.29 sq.m.)Carpet area: 1550 sq.ft. (144 sq.m.),3,3,3,8,North-East,Relatively New,1918,1650,1550,1,0,0,0,0,1,158
flat,central park flower valley,sector 33,1.4,21538,650,Super Built up area 650(60.39 sq.m.),3,3,3,2,,Under Construction,650,,,0,0,0,0,0,0,54
flat,rof ananda,sector 95,0.46,6318,728,Carpet area: 728 (67.63 sq.m.),2,2,2,11,North-West,New Property,,,728,1,0,0,0,0,0,82
flat,suncity vatsal valley,gwal pahari,1.38,12212,1130,Built Up area: 1130 (104.98 sq.m.),2,2,2,4,East,Under Construction,,1130,,0,0,0,0,0,1,133
flat,conscient heritage max,sector 102,1.82,9371,1942,Super Built up area 1942(180.42 sq.m.),3,4,3+,15,East,Moderately Old,1942,,,0,1,0,0,0,0,125
flat,tulsiani easy in homes,sohna road,0.4,6722,595,Carpet area: 595 (55.28 sq.m.),2,2,3,12,,New Property,,,595,0,0,0,0,0,0,36
flat,hsiidc sidco aravali,manesar,0.86,3323,2588,Super Built up area 2588(240.43 sq.m.)Built Up area: 1900 sq.ft. (176.52 sq.m.)Carpet area: 1877 sq.ft. (174.38 sq.m.),3,3,3+,3,South,Moderately Old,2588,1900,1877,0,1,0,0,0,0,81
flat,shree vardhman victoria,sector 70,1.65,8461,1950,Carpet area: 1950 (181.16 sq.m.),3,3,2,6,North-West,Relatively New,,,1950,1,0,0,0,0,0,72
flat,conscient elevate,sector 59,3.78,16500,2291,Carpet area: 2295 (213.21 sq.m.),3,3,3,3,,Under Construction,,,2295,0,0,0,0,0,0,31
flat,emaar gurgaon greens,sector 102,1.42,8606,1650,Super Built up area 1650(153.29 sq.m.)Carpet area: 1022.58 sq.ft. (95 sq.m.),3,3,3,7,East,Relatively New,1650,,1022.58,0,1,0,0,0,0,128
flat,ats tourmaline,sector 109,1.4,8000,1750,Super Built up area 1750(162.58 sq.m.)Built Up area: 1466 sq.ft. (136.2 sq.m.)Carpet area: 1350 sq.ft. (125.42 sq.m.),3,3,3+,8,North-East,Relatively New,1750,1466,1350,0,0,1,0,0,0,119
flat,ramson kshitij sec-95 gurugram,sector 95,0.27,2700,1000,Super Built up area 1000(92.9 sq.m.)Carpet area: 550 sq.ft. (51.1 sq.m.),2,2,0,1,West,Undefined,1000,,550,0,0,0,0,0,0,0
flat,pyramid urban homes 2,sector 86,0.42,8483,495,Carpet area: 501 (46.54 sq.m.),2,2,1,2,North-East,New Property,,,501,1,1,0,1,1,0,84
flat,prime habitat,sector 99,0.26,4745,548,Carpet area: 550 (51.1 sq.m.),2,2,1,6,North-East,Relatively New,,,550,0,0,0,0,1,0,79
flat,ramsons kshitij,sector 95,0.4,5839,685,Carpet area: 685 (63.64 sq.m.),3,2,2,6,,Undefined,,,685,0,0,0,0,0,0,0
flat,the lions cghs,sector 56,2.05,9534,2150,Super Built up area 2150(199.74 sq.m.)Built Up area: 2000 sq.ft. (185.81 sq.m.)Carpet area: 1950 sq.ft. (181.16 sq.m.),4,4,3,7,West,Relatively New,2150,2000,1950,0,1,0,0,1,1,49
flat,sare crescent parc,sector 92,0.87,4971,1750,Super Built up area 1750(162.58 sq.m.),4,4,2,2,East,Moderately Old,1750,,,0,0,1,0,0,2,115
flat,microtek greenburg,sector 86,1.65,8707,1895,Super Built up area 1895(176.05 sq.m.),3,4,3,8,North-West,Relatively New,1895,,,0,1,0,0,0,0,124
house,bhawani enclave,sector 12,0.42,8235,510,Plot area 565(52.49 sq.m.)Carpet area: 510 sq.ft. (47.38 sq.m.),3,3,0,2,East,New Property,,,510,0,0,0,1,0,0,0
flat,emaar mgf emerald floors premier,sector 65,2.75,13924,1975,Super Built up area 1975(183.48 sq.m.)Built Up area: 1750 sq.ft. (162.58 sq.m.)Carpet area: 1650 sq.ft. (153.29 sq.m.),4,4,3,3,North-West,Relatively New,1975,1750,1650,1,1,0,0,0,1,113
flat,the khushboo cooperative housing society ltd,sector 9,0.88,4888,1800,Super Built up area 1800(167.23 sq.m.)Carpet area: 1123 sq.ft. (104.33 sq.m.),3,3,2,2,North-West,Old Property,1800,,1123,0,0,0,0,0,1,31
flat,tarc maceo,sector 91,1.4,7407,1890,Super Built up area 1890(175.59 sq.m.)Built Up area: 1700 sq.ft. (157.94 sq.m.)Carpet area: 1600 sq.ft. (148.64 sq.m.),3,3,3+,7,North,Relatively New,1890,1700,1600,0,0,0,0,0,0,76
flat,m3m golfestate,sector 65,5.9,17543,3363,Super Built up area 3363(312.43 sq.m.),3,3,3,9,,Moderately Old,3363,,,1,0,0,0,0,2,21
flat,signature global city 81,sector 81,0.82,8639,949,Built Up area: 955 (88.72 sq.m.)Carpet area: 565 sq.ft. (52.49 sq.m.),2,2,3,2,East,Undefined,,955,565,0,0,0,0,0,0,53
flat,bestech park view grand spa,sector 81,3.3,12222,2700,Super Built up area 3470(322.37 sq.m.)Carpet area: 2700 sq.ft. (250.84 sq.m.),4,5,3+,4,North-East,Relatively New,3470,,2700,1,1,0,0,0,1,174
flat,gls avenue 51,sector 92,0.5,7812,640,Carpet area: 640 (59.46 sq.m.),3,3,1,12,,New Property,,,640,0,0,0,0,0,2,95
flat,tulip purple,sector 69,1.8,9000,2000,Super Built up area 2400(222.97 sq.m.)Built Up area: 2200 sq.ft. (204.39 sq.m.)Carpet area: 2000 sq.ft. (185.81 sq.m.),4,5,3+,4,North-East,Relatively New,2400,2200,2000,0,1,0,0,0,0,165
flat,ireo the grand arch,sector 58,4.85,16934,2864,Carpet area: 2864 (266.07 sq.m.),4,5,3,23,North-West,Relatively New,,,2864,1,1,0,1,1,1,49
flat,emaar palm heights,sector 77,1.79,8839,2025,Super Built up area 2025(188.13 sq.m.)Built Up area: 1600 sq.ft. (148.64 sq.m.)Carpet area: 1548 sq.ft. (143.81 sq.m.),3,3,3,1,North-East,New Property,2025,1600,1548,0,1,0,0,0,1,49
flat,pareena coban residences,sector 99,1.13,5658,1997,Super Built up area 1997(185.53 sq.m.)Built Up area: 1790 sq.ft. (166.3 sq.m.)Carpet area: 1500 sq.ft. (139.35 sq.m.),3,5,3,5,East,Relatively New,1997,1790,1500,0,1,0,0,1,0,49
flat,dlf the ultima,sector 81,2.29,10928,2096,Super Built up area 2100(195.1 sq.m.),3,4,3+,15,West,Relatively New,2100,,,0,1,0,0,0,2,103
flat,breez global heights,sohna road,0.26,6598,394,Carpet area: 394 (36.6 sq.m.),1,1,1,6,,New Property,,,394,0,0,0,0,0,0,26
house,rk excelo,sector 12,0.6,120000,50,Plot area 50(4.65 sq.m.)Built Up area: 30 sq.ft. (2.79 sq.m.)Carpet area: 15 sq.ft. (1.39 sq.m.),5,3,2,3,North,Moderately Old,,30,15,0,0,0,0,1,0,0
flat,ramsons kshitij,sector 95,0.29,5178,560,Super Built up area 560(52.03 sq.m.),2,2,2,14,,Relatively New,560,,,0,0,0,0,0,0,50
house,independent,sector 1,1.85,16003,1156,Carpet area: 1156 (107.4 sq.m.),4,3,2,3,,Undefined,,,1156,0,0,0,0,0,0,0
flat,bestech park view residency,sector 2,0.95,6709,1416,Carpet area: 1416 (131.55 sq.m.),2,2,3,10,North-East,Old Property,,,1416,0,0,0,0,0,1,88
flat,brisk lumbini terrace homes,sector 109,1.5,6616,2267,Carpet area: 2267 (210.61 sq.m.),3,3,1,4,North,New Property,,,2267,0,1,0,0,0,0,37
flat,indiabulls enigma,sector 110,4,9851,4061,Built Up area: 3350 (311.23 sq.m.),4,4,3,17,,New Property,,3350,,0,0,0,0,0,0,59
flat,global height,sohna road,0.45,6338,710,Carpet area: 710 (65.96 sq.m.),2,2,2,6,East,Relatively New,,,710,0,0,0,0,0,2,49
flat,spectrum centre,sector 82a,0.62,9538,650,Built Up area: 650 (60.39 sq.m.),1,1,0,6,,Undefined,,650,,0,0,0,0,0,0,0
flat,dlf new town heights,sector 90,1.15,5958,1930,Super Built up area 1930(179.3 sq.m.),3,3,3+,9,North-West,Relatively New,1930,,,0,1,0,1,0,0,88
flat,vatika gurgaon,sector 83,1.4,6628,2112,Super Built up area 1735(161.19 sq.m.),3,3,2,7,,Relatively New,1735,,,0,0,0,0,0,1,74
house,independent,sector 57,3.15,20349,1548,Plot area 172(143.81 sq.m.),5,4,3+,2,North-East,Moderately Old,,1548,,0,0,1,0,0,1,60
flat,chd avenue,sector 71,0.98,6049,1620,Super Built up area 1620(150.5 sq.m.),3,3,3,0,South-East,Moderately Old,1620,,,1,0,0,0,0,0,65
flat,shapoorji pallonji joyville gurugram,sector 102,1.75,15514,1128,Super Built up area 1852(172.06 sq.m.)Carpet area: 1128 sq.ft. (104.79 sq.m.),3,3,3+,1,East,Relatively New,1852,,1128,0,0,0,0,0,0,49
flat,m3m golfestate,sector 65,5,16666,3000,Super Built up area 3246(301.56 sq.m.)Built Up area: 3245 sq.ft. (301.47 sq.m.)Carpet area: 3000 sq.ft. (278.71 sq.m.),3,3,3,2,East,Relatively New,3246,3245,3000,0,1,0,0,0,1,174
flat,emaar mgf emerald floors premier,sector 65,2.55,15454,1650,Super Built up area 1650(153.29 sq.m.)Carpet area: 1300 sq.ft. (120.77 sq.m.),3,3,3,3,West,Relatively New,1650,,1300,1,1,0,0,0,0,21
flat,godrej nature plus,sector 33,1.65,8266,1996,Carpet area: 1996 (185.43 sq.m.),3,3,3,2,,Under Construction,,,1996,0,1,0,0,0,0,37
flat,paras dews,sector 106,2.1,8917,2355,Super Built up area 2355(218.79 sq.m.),4,6,3+,6,South-East,Relatively New,2355,,,0,1,0,0,1,0,60
flat,jammu and kashmir bank employees cghs,sector 9,0.95,6129,1550,Super Built up area 1550(144 sq.m.),3,3,2,5,West,Moderately Old,1550,,,0,0,0,0,1,0,30
house,independent,sector 7,0.89,18658,477,Plot area 477(44.31 sq.m.),5,3,2,2,East,Old Property,,477,,0,0,0,0,0,0,8
flat,ats kocoon,sector 109,2.2,10501,2095,Super Built up area 2095(194.63 sq.m.)Built Up area: 1860 sq.ft. (172.8 sq.m.),3,4,3,13,West,Relatively New,2095,1860,,0,1,0,0,0,0,165
flat,vipul world,sector 48,1.38,9482,1455,Carpet area: 1450 (134.71 sq.m.),3,3,1,2,,Relatively New,,,1450,0,0,0,0,0,0,60
house,nul,sector 25,15,23437,6400,Built Up area: 6400 (594.58 sq.m.),5,5,3,2,West,Moderately Old,,6400,,1,1,0,1,0,1,112
flat,uphaar residency 2,sector 105,0.42,5600,750,Carpet area: 750 (69.68 sq.m.),3,2,1,0,East,Moderately Old,,,750,0,0,0,0,1,0,7
flat,smart world orchard,sector 61,2.55,15644,1630,Carpet area: 1630 (151.43 sq.m.),3,3,2,4,,New Property,,,1630,0,0,0,0,1,0,30
flat,ats tourmaline,sector 109,2.3,8897,2585,Super Built up area 2585(240.15 sq.m.),3,4,3+,10,East,New Property,2585,,,0,1,0,0,1,0,74
flat,emaar mgf emerald floors,sector 65,3.2,10159,3150,Built Up area: 3150 (292.64 sq.m.)Carpet area: 1750 sq.ft. (162.58 sq.m.),4,3,2,1,,Relatively New,,3150,1750,0,1,0,0,0,0,0
house,uppal southend,sector 49,3.75,25562,1467,Plot area 163(136.29 sq.m.),6,6,3,3,East,Moderately Old,,1467,,0,0,0,0,1,0,49
flat,smartworld 1dxp,sector 113,2.75,10589,2597,Carpet area: 2597 (241.27 sq.m.),4,4,3+,20,East,Under Construction,,,2597,1,1,0,1,0,2,57
flat,central park flower valley aqua front towers,sector 33,2,11179,1789,Super Built up area 1789(166.2 sq.m.),3,3,3+,8,North-East,New Property,1789,,,0,0,0,0,0,0,23
flat,dlf the primus,sector 82a,1.85,10176,1818,Super Built up area 1818(168.9 sq.m.)Carpet area: 1538 sq.ft. (142.88 sq.m.),3,3,3,15,East,Moderately Old,1818,,1538,0,0,0,0,1,0,38
flat,ramprastha city,dwarka expressway,1.3,9285,1400,Super Built up area 1400(130.06 sq.m.),3,3,2,3,,Under Construction,1400,,,0,0,0,0,0,0,0
flat,dlf regal gardens,sector 90,1.23,7052,1744,Super Built up area 1744(162.02 sq.m.),3,3,2,19,North,Relatively New,1744,,,0,0,0,0,1,0,6
flat,m3m heights,sector 65,2.65,18492,1433,Super Built up area 1433(133.13 sq.m.),2,2,3,4,North-East,New Property,1433,,,1,0,0,0,0,0,38
house,independent,sector 9,1.65,18333,900,Built Up area: 900 (83.61 sq.m.),2,3,0,3,,Undefined,,900,,0,0,0,0,0,0,0
flat,dlf trinity towers,sector 43,3.8,15510,2450,Built Up area: 2450 (227.61 sq.m.),3,3,3+,1,South-East,Moderately Old,,2450,,0,1,0,1,0,1,68
flat,emaar mgf emerald floors premier,sector 65,2.85,14430,1975,Super Built up area 1975(183.48 sq.m.),4,4,3+,0,West,Relatively New,1975,,,1,1,0,0,0,1,151
flat,dlf the arbour,sector 63,7.8,19747,3950,Built Up area: 3950 (366.97 sq.m.),4,4,0,6,,Undefined,,3950,,0,0,0,0,0,0,61
flat,bestech park view residency,sector 2,1.5,7825,1917,Super Built up area 1920(178.37 sq.m.),3,4,3+,10,North-East,Moderately Old,1920,,,0,1,0,0,0,0,93
house,ninex city,sector 76,1.75,6250,2800,Carpet area: 2800 (260.13 sq.m.),4,4,0,14,,Undefined,,,2800,0,0,0,0,0,0,0
flat,suposhaa smartworld orchard,sector 61,2.17,14000,1550,Carpet area: 1549 (143.91 sq.m.),3,3,3,1,,Under Construction,,,1549,0,0,0,0,0,0,0
flat,emaar gurgaon greens,sector 102,1.35,8181,1650,Super Built up area 1650(153.29 sq.m.)Carpet area: 1022.58 sq.ft. (95 sq.m.),3,3,3,9,North-East,Relatively New,1650,,1022.58,0,1,0,0,0,0,100
flat,paras dews,sector 106,1.05,8536,1230,Super Built up area 1760(163.51 sq.m.)Built Up area: 1345 sq.ft. (124.95 sq.m.)Carpet area: 1230 sq.ft. (114.27 sq.m.),3,4,3+,10,North-East,Relatively New,1760,1345,1230,0,1,0,0,0,0,174
flat,unitech heritage city,sector 14,4.26,13108,3250,Built Up area: 3250 (301.93 sq.m.),4,4,0,9,,Undefined,,3250,,0,0,0,0,0,0,0
flat,signature the roselia,sector 95,0.41,6194,662,Built Up area: 670 (62.25 sq.m.)Carpet area: 569.25 sq.ft. (52.89 sq.m.),2,2,2,12,North,New Property,,670,569.25,1,0,0,0,0,1,90
house,ansals florence villa,sector 57,3.65,10579,3450,Plot area 3450(320.52 sq.m.),6,6,2,3,North-West,Moderately Old,,3450,,1,1,1,1,0,2,152
flat,sbtl caladium,sector 109,1.2,6382,1880,Super Built up area 1880(174.66 sq.m.),3,2,2,8,South,Relatively New,1880,,,0,0,0,0,0,0,151
flat,m3m woodshire,sector 107,0.98,6421,1526,Super Built up area 1534(142.51 sq.m.)Carpet area: 1056 sq.ft. (98.11 sq.m.),2,2,3,7,West,Relatively New,1534,,1056,1,0,0,0,0,1,174
house,independent,sector 56,7.5,23148,3240,Plot area 360(301.01 sq.m.),8,8,3+,3,North-East,Relatively New,,3240,,1,1,0,1,0,2,42
flat,krrish florence estate,sector 70,1.65,7764,2125,Super Built up area 2125(197.42 sq.m.),3,4,3+,27,North-East,New Property,2125,,,1,1,0,0,0,0,81
house,vipul tatvam villa,sector 48,5.5,21219,2592,Plot area 288(240.8 sq.m.),3,6,2,2,North,Moderately Old,,2592,,0,1,0,0,1,1,106
flat,tulip violet,sector 69,1.38,8972,1538,Super Built up area 1538(142.88 sq.m.),3,3,1,12,East,Relatively New,1538,,,0,0,0,0,0,0,157
house,independent,sector 69,0.8,10484,763,Built Up area: 763 (70.89 sq.m.),1,1,0,1,,Undefined,,763,,0,0,0,0,0,0,0
flat,smart world gems,sector 89,0.9,8159,1103,Super Built up area 1103(102.47 sq.m.),2,2,2,3,,New Property,1103,,,1,0,0,0,1,0,95
flat,green homes,sector 52,1.85,7872,2350,Super Built up area 2350(218.32 sq.m.),3,3,3,7,,Moderately Old,2350,,,0,1,0,0,0,0,28
flat,umang monsoon breeze,sector 78,0.75,6053,1239,Built Up area: 1239 (115.11 sq.m.)Carpet area: 1100 sq.ft. (102.19 sq.m.),2,2,1,5,East,Undefined,,1239,1100,0,0,0,0,0,0,0
flat,pareena coban residences,sector 99,1.3,6510,1997,Built Up area: 1997 (185.53 sq.m.),3,3,0,16,,Undefined,,1997,,0,0,0,0,0,0,0
flat,signature global park,sohna road,0.54,7248,745,Carpet area: 745 (69.21 sq.m.),2,1,3,1,,New Property,,,745,0,0,0,0,0,0,65
flat,signature global the millennia,sector 37d,0.55,9166,600,Super Built up area 850(78.97 sq.m.)Built Up area: 610 sq.ft. (56.67 sq.m.)Carpet area: 600 sq.ft. (55.74 sq.m.),2,2,3,3,,New Property,850,610,600,0,0,0,0,0,0,71
flat,m3m heights,sector 65,2,13957,1433,Built Up area: 1433 (133.13 sq.m.)Carpet area: 1000 sq.ft. (92.9 sq.m.),2,2,2,32,,Undefined,,1433,1000,0,0,0,0,0,0,48
flat,pareena coban residences,sector 99,1.32,6609,1997,Super Built up area 1997(185.53 sq.m.)Carpet area: 1500 sq.ft. (139.35 sq.m.),3,5,3,11,North-East,New Property,1997,,1500,0,1,0,0,0,0,88
flat,experion windchants,sector 112,5.49,11584,4739,Super Built up area 4739(440.27 sq.m.)Built Up area: 3655.35 sq.ft. (339.59 sq.m.),4,5,3+,5,South,Relatively New,4739,3655.35,,0,1,0,0,0,1,168
flat,smart world gems,sector 89,1,9007,1110,Carpet area: 1110 (103.12 sq.m.),2,2,3,3,,New Property,,,1110,1,0,0,0,1,0,99
flat,supertech araville,sector 79,1,6535,1530,Carpet area: 1530 (142.14 sq.m.),2,2,3,4,,Relatively New,,,1530,1,0,0,0,0,0,24
flat,smart world gems,sector 89,0.9,8159,1103,Super Built up area 1103(102.47 sq.m.),2,2,2,2,East,New Property,1103,,,1,0,0,0,1,0,44
house,sector 57 huda,sector 57,3.8,26063,1458,Plot area 162(135.45 sq.m.)Built Up area: 162 sq.yards (135.45 sq.m.)Carpet area: 160 sq.yards (133.78 sq.m.),8,8,3+,4,East,Relatively New,,162,160,0,0,1,1,0,1,94
flat,sare homes,sector 92,0.65,4587,1417,Carpet area: 1417 (131.64 sq.m.),3,3,2,3,,Relatively New,,,1417,0,0,0,0,0,0,6
flat,signature global city 37d ph 2,sector 37d,1.36,8846,1537,Built Up area: 1535 (142.61 sq.m.),3,3,3,1,North-East,Under Construction,,1535,,0,0,0,1,1,0,37
house,international city by sobha phase 2,sector 109,11.3,25111,4500,Plot area 500(418.06 sq.m.)Built Up area: 480 sq.yards (401.34 sq.m.)Carpet area: 460 sq.yards (384.62 sq.m.),7,5,3+,4,East,Relatively New,,480,460,1,1,0,1,1,0,49
flat,ramprastha skyz,sector 37d,1.25,7250,1724,Built Up area: 1725 (160.26 sq.m.),3,3,3+,2,North-East,Under Construction,,1725,,0,0,0,0,0,0,8
flat,my home,sector 110,0.28,3166,884,Carpet area: 900 (83.61 sq.m.),2,1,1,2,,Relatively New,,,900,0,0,0,0,1,0,15
flat,shapoorji pallonji joyville gurugram,sector 102,1.3,17691,735,Super Built up area 1215(112.88 sq.m.)Built Up area: 1009 sq.ft. (93.74 sq.m.)Carpet area: 734.8 sq.ft. (68.27 sq.m.),2,2,3,0,East,Relatively New,1215,1009,734.8,0,0,1,0,0,0,125
house,dlf city plot phase 4,sector 28,13,1992,65261,Carpet area: 7250 (6061.92 sq.m.),10,10,3+,1,,Undefined,,,7250,0,0,0,0,0,0,0
flat,parsvnath exotica,sector 53,4.8,16580,2895,Super Built up area 2895(268.95 sq.m.)Built Up area: 2500 sq.ft. (232.26 sq.m.)Carpet area: 2200 sq.ft. (204.39 sq.m.),3,4,3+,8,North-East,Relatively New,2895,2500,2200,0,1,0,1,1,1,174
flat,godrej summit,sector 104,1.35,5014,2692,Carpet area: 2692 (250.09 sq.m.),4,5,3+,0,South-East,Relatively New,,,2692,1,1,1,1,0,0,88
flat,tulip monsella,sector 53,8.25,28000,2946,Super Built up area 2940(273.13 sq.m.),3,4,3,8,,Under Construction,2940,,,0,1,0,0,0,2,35
house,not applicable,sector 4,,,,Plot area 670(560.21 sq.m.),5,3,2,3,,Moderately Old,,670,,0,0,0,0,0,0,0
house,independent,sector 5,0.85,8500,1000,Built Up area: 1000 (92.9 sq.m.),1,1,0,1,,Undefined,,1000,,0,0,0,0,0,0,0
flat,sare crescent parc royal greens phase 1,sector 92,0.65,4512,1441,Super Built up area 1440.45(133.82 sq.m.),3,3,3,1,East,Moderately Old,1440.45,,,0,0,0,0,0,0,91
flat,surendra avenue 69,sector 69,0.75,6818,1100,Built Up area: 1100 (102.19 sq.m.),2,2,2,4,,Moderately Old,,1100,,0,0,0,0,0,0,0
house,independent,sector 7,0.69,9103,758,Built Up area: 758 (70.42 sq.m.)Carpet area: 500 sq.ft. (46.45 sq.m.),1,1,1,2,,Undefined,,758,500,0,0,0,0,0,0,0
house,independent,sector 40,5,21124,2367,Plot area 263(219.9 sq.m.),9,9,3+,3,North-West,Moderately Old,,2367,,0,1,1,0,0,1,83
flat,umang monsoon breeze,sector 78,0.88,4746,1854,Super Built up area 1854(172.24 sq.m.)Built Up area: 1668 sq.ft. (154.96 sq.m.)Carpet area: 1501 sq.ft. (139.45 sq.m.),3,4,3,8,North-West,Moderately Old,1854,1668,1501,0,1,0,1,0,0,111
flat,emaar mgf the enclave,sector 66,2.1,12352,1700,Super Built up area 1920(178.37 sq.m.)Built Up area: 1800 sq.ft. (167.23 sq.m.)Carpet area: 1700 sq.ft. (157.94 sq.m.),3,4,2,12,North-East,Relatively New,1920,1800,1700,0,1,0,0,0,1,156
flat,m3m skycity,sector 65,3,16411,1828,Super Built up area 1828(169.83 sq.m.),3,3,3,17,East,Under Construction,1828,,,0,0,0,0,0,0,99
flat,dlf regal gardens,sector 90,1.7,7223,2354,Super Built up area 2215(205.78 sq.m.),4,4,3+,15,North-West,Moderately Old,2215,,,0,1,0,0,0,0,38
flat,emaar palm gardens,sector 83,1.8,9473,1900,Super Built up area 1900(176.52 sq.m.)Carpet area: 1240.04 sq.ft. (115.2 sq.m.),3,3,3,6,South,Relatively New,1900,,1240.04,0,1,0,0,0,1,97
flat,smart world orchard,sector 61,1.85,14800,1250,Carpet area: 1250 (116.13 sq.m.),2,2,2,3,,New Property,,,1250,0,0,0,0,0,0,44
flat,parsvnath exotica,sector 53,6.5,19174,3390,Super Built up area 3390(314.94 sq.m.)Built Up area: 3000 sq.ft. (278.71 sq.m.)Carpet area: 2500 sq.ft. (232.26 sq.m.),4,5,3+,10,South,Relatively New,3390,3000,2500,1,1,0,1,0,1,174
house,independent,sector 26,5.8,12837,4518,Plot area 502(419.74 sq.m.),4,4,3+,4,,Old Property,,4518,,0,0,0,0,0,0,38
flat,godrej nature plus,sector 33,1.1,7971,1380,Carpet area: 1380 (128.21 sq.m.),2,2,2,14,North,Undefined,,,1380,0,0,0,0,0,0,56
house,independent,sector 5,1.5,5000,3000,Built Up area: 3000 (278.71 sq.m.),6,1,0,1,,New Property,,3000,,0,0,0,0,0,0,0
flat,sare green parc phase 3,sector 92,0.7,5279,1326,Super Built up area 1326(123.19 sq.m.)Built Up area: 1325 sq.ft. (123.1 sq.m.)Carpet area: 1320 sq.ft. (122.63 sq.m.),3,2,2,4,,Relatively New,1326,1325,1320,0,0,0,0,0,0,56
flat,shapoorji pallonji joyville gurugram,sector 102,2,17729,1128,Super Built up area 1852(172.06 sq.m.)Built Up area: 1456 sq.ft. (135.27 sq.m.)Carpet area: 1128.09 sq.ft. (104.8 sq.m.),3,3,3+,1,South,Relatively New,1852,1456,1128.09,0,0,1,0,0,0,139
house,signature global park,sohna road,0.85,7589,1120,Built Up area: 1120 (104.05 sq.m.),3,2,2,1,,Under Construction,,1120,,0,0,0,0,0,0,15
house,anamika enclave,sector 12,6,14492,4140,Plot area 4140(384.62 sq.m.)Built Up area: 9000 sq.ft. (836.13 sq.m.),9,9,3+,3,North-West,Old Property,,9000,,0,0,0,0,0,0,9
house,sector 14 rwa,sector 14,6.5,20635,3150,Plot area 350(292.64 sq.m.),4,4,3+,2,,Moderately Old,,3150,,0,0,0,0,0,0,0
flat,sare homes,sector 92,1.18,5207,2266,Carpet area: 2266 (210.52 sq.m.),4,4,3,8,North,Relatively New,,,2266,0,1,0,0,0,0,108
flat,paras dews,sector 106,1.15,7419,1550,Super Built up area 1760(163.51 sq.m.)Built Up area: 1650 sq.ft. (153.29 sq.m.)Carpet area: 1550 sq.ft. (144 sq.m.),3,3,3,11,North-East,Relatively New,1760,1650,1550,0,1,0,1,0,1,174
flat,wings apartment,sector 9,1.2,6666,1800,Carpet area: 1800 (167.23 sq.m.),4,3,2,4,South-East,Moderately Old,,,1800,0,0,0,0,0,1,23
flat,gls arawali homes,sohna road,0.28,5982,468,Carpet area: 468 (43.48 sq.m.),2,2,2,3,,Relatively New,,,468,0,0,0,0,0,0,42
house,independent,sector 23,2.7,18620,1450,Plot area 1450(134.71 sq.m.),5,5,2,3,East,Old Property,,1450,,0,0,0,0,0,1,17
flat,m3m skywalk,sector 74,2.7,13379,2018,Super Built up area 2018(187.48 sq.m.),3,3,3,13,,New Property,2018,,,0,0,1,0,0,0,92
flat,raheja sampada,sector 92,0.7,4453,1572,Built Up area: 1572 (146.04 sq.m.),3,3,0,7,,Undefined,,1572,,0,0,0,0,0,0,0
house,independent,sector 6,1,41666,240,Built Up area: 240 (22.3 sq.m.),6,4,0,3,,Undefined,,240,,0,0,0,0,0,0,0
house,independent,sector 53,4,17778,2250,Plot area 250(209.03 sq.m.),5,5,2,3,,Relatively New,,2250,,1,0,0,0,0,0,23
house,bhim garh kheri,sector 3,0.75,6410,1170,Plot area 130(108.7 sq.m.),4,2,2,2,West,Old Property,,1170,,0,0,0,0,0,0,16
flat,gls arawali homes,sohna road,0.28,4938,567,Super Built up area 567(52.68 sq.m.)Built Up area: 500 sq.ft. (46.45 sq.m.)Carpet area: 467 sq.ft. (43.39 sq.m.),2,2,2,3,East,Relatively New,567,500,467,0,0,0,0,0,1,42
house,independent,sector 28,4.5,125000,360,Built Up area: 360 (33.45 sq.m.),4,4,0,4,,Undefined,,360,,0,0,0,0,0,0,0
flat,godrej summit,sector 104,0.85,6896,1233,Carpet area: 1450 (134.71 sq.m.),2,2,3,12,,Relatively New,,,1450,1,0,0,0,1,0,61
house,spaze privy,sector 72,3.09,6981,4426,Built Up area: 3653 (339.37 sq.m.)Carpet area: 2922 sq.ft. (271.46 sq.m.),5,5,3+,14,East,Relatively New,,3653,2922,0,1,0,0,0,1,33
flat,conscient habitat,sector 99,0.35,6422,545,Carpet area: 545 (50.63 sq.m.),2,2,1,3,North-East,Relatively New,,,545,0,0,0,0,0,0,62
flat,bptp mansions park prime,sector 66,3,10853,2764,Super Built up area 2764(256.78 sq.m.)Built Up area: 2700 sq.ft. (250.84 sq.m.)Carpet area: 2500 sq.ft. (232.26 sq.m.),4,4,3,3,North,Relatively New,2764,2700,2500,1,1,0,1,1,1,174
flat,unitech uniworld gardens,sector 47,1.05,10531,997,Carpet area: 997 (92.62 sq.m.),2,2,2,3,North-East,Relatively New,,,997,0,0,0,0,0,1,34
house,unitech nirvana birch court,sector 50,7.1,283333,251,Plot area 240(22.3 sq.m.),3,3,3,1,East,Moderately Old,,240,,0,1,0,0,0,0,49
house,sector 38 rwa,sector 38,4.3,28782,1494,Plot area 166(138.8 sq.m.)Built Up area: 165 sq.yards (137.96 sq.m.)Carpet area: 164 sq.yards (137.12 sq.m.),9,9,3+,3,East,Relatively New,,165,164,0,0,0,1,1,1,41
flat,ramprastha the edge towers,sector 37d,0.71,5420,1310,Super Built up area 1310(121.7 sq.m.)Built Up area: 1100 sq.ft. (102.19 sq.m.)Carpet area: 1000 sq.ft. (92.9 sq.m.),2,2,3,10,South-East,New Property,1310,1100,1000,0,0,0,0,1,0,38
flat,sbtl caladium,sector 109,1.6,6286,2545,Super Built up area 2545(236.44 sq.m.),3,3,3,9,North,Relatively New,2545,,,0,1,0,0,0,0,75
flat,emaar palm heights,sector 77,1.75,11666,1500,Super Built up area 2025(188.13 sq.m.)Built Up area: 1900 sq.ft. (176.52 sq.m.)Carpet area: 1500 sq.ft. (139.35 sq.m.),3,3,3+,11,South-West,Relatively New,2025,1900,1500,0,1,0,0,0,0,94
flat,sushant lok 1 builder floors,sector 43,2.5,12920,1935,Super Built up area 215(179.77 sq.m.),3,3,2,2,,New Property,215,,,0,0,0,0,0,0,0
flat,ats triumph,sector 104,1.95,8515,2290,Carpet area: 2290 (212.75 sq.m.),3,3,3+,3,,New Property,,,2290,0,1,0,0,0,0,69
flat,alpha corp gurgaonone,sector 84,2.2,7586,2900,Carpet area: 2900 (269.42 sq.m.),4,4,3,10,South,Relatively New,,,2900,0,1,0,0,0,0,21
house,independent,sector 45,8.5,26235,3240,Plot area 360(301.01 sq.m.),5,4,2,1,North-East,Moderately Old,,3240,,0,1,0,1,0,1,49
flat,unitech vistas,sector 70,0.53,4800,1104,Super Built up area 1095(101.73 sq.m.),2,2,2,9,,Under Construction,1095,,,0,0,0,0,1,0,24
flat,m3m sky lofts,sector 71,0.9,13177,683,Built Up area: 683 (63.45 sq.m.),1,1,0,6,,New Property,,683,,0,0,0,0,0,0,77
flat,central park flower valley,sector 33,2.3,12777,1800,Carpet area: 1800 (167.23 sq.m.),4,4,3+,5,North-East,New Property,,,1800,0,1,0,1,0,0,42
house,independent,sector 46,6.5,27461,2367,Plot area 263(219.9 sq.m.),12,12,3+,4,North-West,Relatively New,,2367,,1,0,0,1,0,1,32
house,ashok vihar phase 3 gurgaon,sector 5,0.95,8878,1070,Plot area 1070(99.41 sq.m.),4,3,2,1,East,Old Property,,1070,,0,0,0,0,0,0,8
flat,ramsons kshitij,sector 95,0.35,5495,637,Built Up area: 637 (59.18 sq.m.),2,2,0,5,,Undefined,,637,,0,0,0,0,0,0,0
flat,umang monsoon breeze,sector 78,0.75,6053,1239,Built Up area: 1239 (115.11 sq.m.)Carpet area: 1100 sq.ft. (102.19 sq.m.),2,2,1,5,East,Undefined,,1239,1100,0,0,0,0,0,0,0
flat,emaar palm gardens,sector 83,3.15,8400,3750,Super Built up area 3750(348.39 sq.m.)Built Up area: 3200 sq.ft. (297.29 sq.m.)Carpet area: 2444.94 sq.ft. (227.14 sq.m.),5,7,3+,15,West,Relatively New,3750,3200,2444.94,0,1,0,0,0,1,165
flat,signature global grand iva,sector 103,0.23,6527,352,Carpet area: 360 (33.45 sq.m.),1,1,1,4,North-East,Relatively New,,,360,0,0,0,0,0,0,23
flat,m3m heights,sector 65,2.78,15200,1829,Super Built up area 1828(169.83 sq.m.),3,3,3,44,,Undefined,1828,,,0,0,0,0,0,0,56
flat,alpha corp gurgaonone,sector 84,1.5,7641,1963,Super Built up area 1963(182.37 sq.m.)Carpet area: 1700 sq.ft. (157.94 sq.m.),3,3,3,20,North-West,Relatively New,1963,,1700,0,1,0,0,0,1,37
flat,signature global synera,sector 81,0.49,6666,735,Super Built up area 735(68.28 sq.m.)Built Up area: 700 sq.ft. (65.03 sq.m.)Carpet area: 635 sq.ft. (58.99 sq.m.),2,2,3,5,South,Relatively New,735,700,635,0,0,0,0,0,0,117
house,central park flower valley cerise floors,sector 33,1.35,11157,1210,Built Up area: 1210 (112.41 sq.m.),2,2,2,4,East,New Property,,1210,,1,0,0,0,0,2,107
house,independent,sector 14,6.4,20317,3150,Plot area 350(292.64 sq.m.)Built Up area: 349 sq.yards (291.81 sq.m.)Carpet area: 348 sq.yards (290.97 sq.m.),6,6,3+,3,North,Old Property,,349,348,0,0,0,0,1,0,35
flat,m3m sierra 68,sector 68,1.1,8986,1224,Super Built up area 1224(113.71 sq.m.)Built Up area: 1150 sq.ft. (106.84 sq.m.)Carpet area: 830 sq.ft. (77.11 sq.m.),2,2,3,1,North-East,Relatively New,1224,1150,830,0,0,0,0,0,1,127
flat,tulip violet,sector 69,1.3,8445,1539,Super Built up area 1538(142.88 sq.m.),3,3,1,12,West,Relatively New,1538,,,0,0,0,1,0,1,94
flat,m3m capital,sector 113,2.9,12619,2298,Carpet area: 2298 (213.49 sq.m.),4,4,3+,11,North,Under Construction,,,2298,1,1,0,0,0,0,49
flat,parsvnath green ville,sector 48,1.5,8787,1707,Super Built up area 1707(158.59 sq.m.)Built Up area: 1600 sq.ft. (148.64 sq.m.)Carpet area: 1400 sq.ft. (130.06 sq.m.),3,3,3,1,North,Old Property,1707,1600,1400,0,0,0,0,0,1,128
house,independent,sector 43,2.55,13178,1935,Built Up area: 215 (179.77 sq.m.),3,3,2,3,,Relatively New,,215,,0,0,0,0,0,1,60
flat,dlf the arbour,sector 63,8.5,21519,3950,Built Up area: 3950 (366.97 sq.m.),4,4,0,27,,Undefined,,3950,,0,0,0,0,0,0,61
flat,raheja vedaanta,sector 108,0.65,4761,1365,Super Built up area 1365(126.81 sq.m.),2,2,2,5,East,Relatively New,1365,,,0,0,0,1,0,1,174
house,independent,sector 11,4.5,25000,1800,Plot area 200(167.23 sq.m.),16,16,3+,4,South,Relatively New,,1800,,0,0,0,0,0,1,20
flat,alpha corp gurgaonone,sector 84,2.28,8769,2600,Super Built up area 3434(319.03 sq.m.)Carpet area: 2600 sq.ft. (241.55 sq.m.),4,4,3+,8,South-East,Relatively New,3434,,2600,0,1,0,0,0,0,61
flat,antriksh heights,sector 84,0.88,4821,1825,Super Built up area 1825(169.55 sq.m.),3,3,3,16,,Relatively New,1825,,,0,0,0,1,0,0,67
flat,shapoorji pallonji joyville gurugram,sector 102,1.99,20664,963,Super Built up area 1349(125.33 sq.m.)Carpet area: 963 sq.ft. (89.47 sq.m.),2,2,2,14,South,New Property,1349,,963,0,0,0,0,0,0,152
flat,bptp terra,sector 37d,1.4,7730,1811,Super Built up area 1811(168.25 sq.m.)Built Up area: 1711 sq.ft. (158.96 sq.m.)Carpet area: 1611 sq.ft. (149.67 sq.m.),3,3,3,5,South-East,Relatively New,1811,1711,1611,0,0,0,0,0,1,149
house,independent,sector 3,0.68,3874,1755,Built Up area: 1755 (163.04 sq.m.),5,3,0,1,,Undefined,,1755,,0,0,0,0,0,0,0
flat,sare homes,sector 92,0.71,5354,1326,Carpet area: 1326 (123.19 sq.m.),3,3,3,2,North-West,Relatively New,,,1326,0,0,0,1,0,0,108
flat,dlf belvedere towers,sector 25,3.7,17619,2100,Carpet area: 2100 (195.1 sq.m.),4,4,3,18,North-West,Old Property,,,2100,0,1,0,0,0,1,26
flat,silverglades the melia,sohna road,0.91,6800,1338,Super Built up area 1350(125.42 sq.m.),2,2,3,1,,New Property,1350,,,1,0,0,0,0,0,72
flat,tata primanti,sector 72,3.25,10545,3082,Super Built up area 3300(306.58 sq.m.),3,3,3,2,South,Moderately Old,3300,,,0,1,0,0,0,0,94
flat,dlf the ultima,sector 81,2.2,10476,2100,Super Built up area 2100(195.1 sq.m.),3,4,3+,17,East,Relatively New,2100,,,0,1,0,0,0,2,49
house,independent,sector 11,4,19753,2025,Built Up area: 225 (188.13 sq.m.)Carpet area: 180 sq.yards (150.5 sq.m.),5,4,1,2,North-East,Undefined,,225,180,0,0,0,0,0,0,0
flat,shree vardhman victoria,sector 70,1.78,9128,1950,Super Built up area 1950(181.16 sq.m.),3,3,3+,7,North-East,Relatively New,1950,,,0,1,0,0,1,0,49
flat,imperia the esfera,sector 37,0.99,5454,1815,Super Built up area 1815(168.62 sq.m.)Built Up area: 1400 sq.ft. (130.06 sq.m.)Carpet area: 1270 sq.ft. (117.99 sq.m.),3,5,3+,5,North-West,Relatively New,1815,1400,1270,0,1,0,0,0,0,49
house,cloudnine cottages,sohna road,5.5,55000,1000,Plot area 1000(92.9 sq.m.),3,3,0,1,,Moderately Old,,1000,,0,0,0,0,0,0,0
house,independent,sector 12,0.65,6500,1000,Carpet area: 1000 (92.9 sq.m.),6,2,3,1,,Undefined,,,1000,0,0,0,0,0,0,0
house,independent,sector 56,2.95,20233,1458,Built Up area: 162 (135.45 sq.m.),2,2,0,1,North,Undefined,,162,,0,0,0,0,0,0,0
flat,antriksh heights,sector 84,0.54,4458,1211,Super Built up area 1200(111.48 sq.m.),2,2,3+,17,North-West,Relatively New,1200,,,0,0,0,0,0,0,81
flat,vatika the seven lamps,sector 82,0.85,6538,1300,Super Built up area 1300(120.77 sq.m.),2,2,2,0,East,Relatively New,1300,,,0,0,0,0,0,1,49
flat,sidhartha ncr greens,sector 95,0.6,5576,1076,Super Built up area 1076(99.96 sq.m.),2,2,2,14,,Relatively New,1076,,,1,0,0,0,0,0,31
house,sector 14 rwa,sector 14,6.5,26000,2500,Plot area 2500(232.26 sq.m.),5,5,0,4,,Moderately Old,,2500,,0,0,0,0,0,0,0
house,independent,sector 2,1,8230,1215,Plot area 135(112.88 sq.m.),9,7,3+,3,North,Moderately Old,,1215,,0,0,0,1,0,0,0
flat,the roselia 2,sector 95,0.45,6475,695,Built Up area: 695 (64.57 sq.m.)Carpet area: 595 sq.ft. (55.28 sq.m.),2,2,2,19,North,Undefined,,695,595,0,0,0,0,0,0,0
flat,sare homes,sector 92,0.5,4237,1180,Super Built up area 1180(109.63 sq.m.),3,3,2,1,North,Relatively New,1180,,,0,0,0,0,0,0,26
house,independent,sector 22,4.75,20068,2367,Plot area 263(219.9 sq.m.)Built Up area: 261 sq.yards (218.23 sq.m.)Carpet area: 259 sq.yards (216.56 sq.m.),7,5,3+,3,South-West,Old Property,,261,259,0,0,0,1,1,1,49
house,international city by sobha phase 1,sector 109,6,24691,2430,Plot area 270(225.75 sq.m.),4,4,3+,2,North-East,Relatively New,,2430,,1,1,1,1,0,0,160
flat,ireo skyon,sector 60,2.12,15531,1365,Super Built up area 1365(126.81 sq.m.)Built Up area: 1350 sq.ft. (125.42 sq.m.)Carpet area: 1300 sq.ft. (120.77 sq.m.),2,2,2,2,North-East,Relatively New,1365,1350,1300,0,0,0,1,0,1,174
flat,dlf the skycourt,sector 86,1.59,8242,1929,Super Built up area 1929(179.21 sq.m.)Built Up area: 1700 sq.ft. (157.94 sq.m.)Carpet area: 1548 sq.ft. (143.81 sq.m.),3,3,3,17,East,Relatively New,1929,1700,1548,0,0,0,0,1,1,165
house,independent,sector 25,6.5,36111,1800,Plot area 200(167.23 sq.m.),4,4,3+,2,North-East,Moderately Old,,1800,,1,1,1,1,0,0,61
house,independent,sector 11,,,,Plot area 1000(92.9 sq.m.),2,2,1,1,,Moderately Old,,1000,,0,0,0,0,0,0,0
flat,emaar mgf palm studios,sector 66,1.7,13502,1259,Super Built up area 1185(110.09 sq.m.),2,2,2,7,,Relatively New,1185,,,0,0,0,0,1,0,99
flat,sobha city,sector 108,2.6,15195,1711,Super Built up area 1711(158.96 sq.m.),3,3,2,11,South,New Property,1711,,,0,0,0,0,0,0,49
house,suncity essel towers,sector 28,8.95,17900,5000,Plot area 5000(464.52 sq.m.),5,6,3+,4,,Moderately Old,,5000,,0,0,0,0,0,0,0
flat,sare crescent parc,sector 92,1.44,7068,2037,Carpet area: 2040 (189.52 sq.m.),4,4,3,8,,Relatively New,,,2040,0,0,0,0,0,0,37
flat,ambience creacions,sector 22,2.55,13709,1860,Super Built up area 1860(172.8 sq.m.)Built Up area: 1600 sq.ft. (148.64 sq.m.)Carpet area: 1400 sq.ft. (130.06 sq.m.),3,3,3,8,North-East,Relatively New,1860,1600,1400,0,0,0,0,1,1,125
flat,signature global park 4,sector 36,1,9900,1010,Carpet area: 1010 (93.83 sq.m.),3,2,3,2,,New Property,,,1010,0,0,0,0,0,0,128
house,eldeco mansionz,sector 48,4.95,20599,2403,Plot area 267(223.25 sq.m.),7,7,3+,2,South,Old Property,,2403,,1,1,1,1,0,1,145
flat,hector trimurti heights,sector 39,1.5,6382,2350,Carpet area: 2350 (218.32 sq.m.),4,3,3,10,South-East,Old Property,,,2350,0,1,0,0,0,2,49
flat,umang winter hills,sector 77,0.86,6408,1342,Super Built up area 1342(124.68 sq.m.),2,2,2,16,,New Property,1342,,,0,0,0,0,0,1,79
flat,ireo skyon,sector 60,2.15,23344,921,Super Built up area 1524(141.58 sq.m.)Built Up area: 1250 sq.ft. (116.13 sq.m.)Carpet area: 921 sq.ft. (85.56 sq.m.),2,3,2,5,East,Relatively New,1524,1250,921,0,1,0,0,0,1,49
house,independent,sector 26,12.5,38580,3240,Plot area 360(301.01 sq.m.),5,5,3+,2,North,Old Property,,3240,,1,1,1,1,0,1,79
flat,signature global park,sohna road,0.65,5637,1153,Super Built up area 1153(107.12 sq.m.),2,2,2,2,North-West,Relatively New,1153,,,0,0,0,1,0,0,118
flat,tulip ivory,sector 70,2.35,9791,2400,Carpet area: 2400 (222.97 sq.m.),4,4,3+,10,East,Moderately Old,,,2400,0,1,0,0,0,1,65
flat,ss the leaf,sector 85,1.11,6851,1620,Super Built up area 1640(152.36 sq.m.)Built Up area: 1630 sq.ft. (151.43 sq.m.)Carpet area: 1620 sq.ft. (150.5 sq.m.),2,2,3,8,North,Relatively New,1640,1630,1620,0,0,1,0,0,0,174
house,dlf city plots phase 2,sector 25,4.25,31481,1350,Plot area 150(125.42 sq.m.),3,2,3,2,North,Old Property,,1350,,1,0,0,0,0,0,35
flat,emaar mgf emerald floors premier,sector 65,2.25,13636,1650,Super Built up area 1650(153.29 sq.m.)Built Up area: 1600 sq.ft. (148.64 sq.m.)Carpet area: 1350 sq.ft. (125.42 sq.m.),3,3,3,3,South-West,Relatively New,1650,1600,1350,1,1,0,0,0,1,49
flat,vatika gurgaon,sector 83,0.78,6265,1245,Super Built up area 1245(115.66 sq.m.)Built Up area: 850 sq.ft. (78.97 sq.m.)Carpet area: 790 sq.ft. (73.39 sq.m.),2,2,2,3,South-East,Relatively New,1245,850,790,1,0,0,1,0,1,165
flat,alpha corp gurgaonone,sector 84,1.15,7496,1534,Super Built up area 1534(142.51 sq.m.)Carpet area: 1260 sq.ft. (117.06 sq.m.),2,2,3,14,South-East,Relatively New,1534,,1260,1,0,0,0,0,0,28
house,spaze privy,sector 72,3.1,8486,3653,Plot area 3653(339.37 sq.m.),5,5,3+,21,,Relatively New,,3653,,0,0,0,0,0,0,0
flat,dlf new town heights,sector 91,2,6967,2871,Super Built up area 2727(253.35 sq.m.),4,4,3+,16,East,Moderately Old,2727,,,1,1,0,1,0,0,65
flat,shree vardhman victoria,sector 70,1.64,8384,1956,Super Built up area 1950(181.16 sq.m.)Carpet area: 1161 sq.ft. (107.86 sq.m.),3,5,3,3,North,Relatively New,1950,,1161,0,1,0,0,0,0,51
flat,jammu and kashmir bank employees cghs,sector 9,0.94,6064,1550,Carpet area: 1550 (144 sq.m.),3,3,2,5,East,Moderately Old,,,1550,0,0,0,0,0,1,85
flat,experion the heartsong,sector 108,2.08,9904,2100,Built Up area: 2631 (244.43 sq.m.)Carpet area: 2100 sq.ft. (195.1 sq.m.),4,4,3+,3,East,Relatively New,,2631,2100,0,1,0,0,0,0,126
house,independent,sector 81,0.89,8127,1095,Built Up area: 1095 (101.73 sq.m.),1,1,0,1,,Undefined,,1095,,0,0,0,0,0,0,0
house,independent,sector 26,18.25,18250,10000,Plot area 550(51.1 sq.m.)Carpet area: 10000 sq.ft. (929.03 sq.m.),7,9,3+,4,East,Relatively New,,,10000,1,1,1,1,0,1,77
flat,ss the leaf,sector 85,2.13,7574,2812,Super Built up area 2812(261.24 sq.m.)Built Up area: 2600 sq.ft. (241.55 sq.m.)Carpet area: 2200 sq.ft. (204.39 sq.m.),4,4,3,2,North,Relatively New,2812,2600,2200,0,0,0,0,0,0,49
flat,raheja sampada,sector 92,0.65,4744,1370,Super Built up area 1370(127.28 sq.m.),3,2,3,6,North-East,Relatively New,1370,,,0,0,0,0,0,0,49
flat,signature global city 63a,sector 63a,1.65,15263,1081,Super Built up area 1081(100.43 sq.m.),2,2,2,1,,Under Construction,1081,,,0,0,0,0,0,0,0
house,independent,sector 25,9.9,29333,3375,Plot area 375(313.55 sq.m.),5,5,2,2,South-East,Moderately Old,,3375,,0,0,0,1,0,1,106
house,independent,sector 25,10,37037,2700,Plot area 300(250.84 sq.m.),5,6,3,3,North,Old Property,,2700,,0,1,1,0,0,1,64
flat,emaar imperial gardens,sector 102,2.05,9876,2076,Carpet area: 2025 (188.13 sq.m.),3,4,3+,14,South,Relatively New,,,2025,0,1,0,0,0,0,116
flat,ashiana anmol,sohna road,0.9,9463,951,Super Built up area 1275(118.45 sq.m.)Carpet area: 951 sq.ft. (88.35 sq.m.),2,2,2,13,South,Relatively New,1275,,951,0,0,0,0,0,2,120
flat,pyramid urban homes 2,sector 86,0.6,8000,750,Carpet area: 750 (69.68 sq.m.),3,2,2,2,East,New Property,,,750,0,0,0,0,0,0,13
flat,sobha city,sector 108,3.95,16858,2343,Super Built up area 2343(217.67 sq.m.)Carpet area: 1512 sq.ft. (140.47 sq.m.),3,4,2,15,West,Relatively New,2343,,1512,0,1,0,0,0,0,49
flat,breez global heights,sohna road,0.4,6694,598,Super Built up area 950(88.26 sq.m.)Carpet area: 597.53 sq.ft. (55.51 sq.m.),2,2,2,7,,Relatively New,950,,597.53,0,0,0,0,0,0,57
flat,ansal heights 86,sector 86,0.9,5325,1690,Built Up area: 1690 (157.01 sq.m.),3,3,2,10,,New Property,,1690,,0,0,0,0,0,0,29
flat,signature andour heights,sector 71,0.37,7400,500,Super Built up area 500(46.45 sq.m.)Built Up area: 425 sq.ft. (39.48 sq.m.)Carpet area: 366.48 sq.ft. (34.05 sq.m.),1,1,2,2,North-East,Relatively New,500,425,366.48,0,0,0,0,0,1,37
house,independent,sector 24,6.5,22855,2844,Plot area 316(264.22 sq.m.),4,4,2,2,,Old Property,,2844,,0,0,0,1,0,0,35
flat,sare crescent parc royal greens phase 1,sector 92,1.25,5832,2143,Super Built up area 2143(199.09 sq.m.),4,4,3,20,East,Relatively New,2143,,,0,1,0,0,0,0,60
house,independent,sector 56,4,26613,1503,Plot area 167(139.63 sq.m.),4,4,3+,2,,Relatively New,,1503,,0,0,0,0,0,1,24
flat,the penthouses at the hibiscus,sector 50,8.5,8500,10000,Carpet area: 10000 (929.03 sq.m.),4,4,3,9,South-East,Moderately Old,,,10000,0,1,0,0,0,0,35
flat,ats tourmaline,sector 109,1.5,8571,1750,Super Built up area 1750(162.58 sq.m.)Built Up area: 1466 sq.ft. (136.2 sq.m.),3,3,3+,7,North-East,Relatively New,1750,1466,,0,0,0,0,0,0,165
flat,vatika emilia floors,sector 83,0.65,6190,1050,Super Built up area 1050(97.55 sq.m.)Built Up area: 950 sq.ft. (88.26 sq.m.)Carpet area: 850 sq.ft. (78.97 sq.m.),2,2,2,1,South,Relatively New,1050,950,850,0,0,0,0,0,1,174
flat,aipl zen residences,sector 70a,1.65,13074,1262,Super Built up area 1262(117.24 sq.m.),2,2,3,23,North-West,New Property,1262,,,0,0,0,0,0,0,81
flat,bptp terra,sector 37d,1.72,7850,2191,Super Built up area 2191(203.55 sq.m.),3,3,3+,10,South-East,Relatively New,2191,,,0,1,0,0,0,0,31
flat,suncity vatsal valley,gwal pahari,1.28,9552,1340,Carpet area: 1340 (124.49 sq.m.),3,3,3,1,North,Relatively New,,,1340,0,0,0,0,0,1,49
flat,ss the leaf,sector 85,2.1,8720,2408,Super Built up area 2408(223.71 sq.m.)Carpet area: 1685 sq.ft. (156.54 sq.m.),3,4,3+,6,North,Relatively New,2408,,1685,0,1,0,0,0,0,156
house,ansals palam vihar,sector 2,2.68,17213,1557,Plot area 173(144.65 sq.m.),4,3,2,3,,Moderately Old,,1557,,0,0,1,0,0,1,74
flat,indiabulls enigma,sector 110,4.1,10567,3880,Super Built up area 3880(360.46 sq.m.)Built Up area: 3500 sq.ft. (325.16 sq.m.)Carpet area: 3000 sq.ft. (278.71 sq.m.),5,5,2,10,East,Relatively New,3880,3500,3000,0,1,0,0,0,0,159
flat,ss the leaf,sector 85,2.1,7467,2812,Super Built up area 2812(261.24 sq.m.)Built Up area: 2600 sq.ft. (241.55 sq.m.)Carpet area: 2400 sq.ft. (222.97 sq.m.),4,4,3,7,North,Relatively New,2812,2600,2400,1,1,0,1,0,0,49
flat,adarsh nagar,sector 12,0.65,6190,1050,Carpet area: 1050 (97.55 sq.m.),3,3,1,1,North-West,New Property,,,1050,0,0,0,0,0,1,42
house,emaar mgf marbella,sector 66,12,38095,3150,Plot area 350(292.64 sq.m.),5,6,3+,3,North-East,Relatively New,,3150,,0,1,1,0,0,1,153
flat,ss the leaf,sector 85,2.3,8179,2812,Super Built up area 2812(261.24 sq.m.),4,4,3+,8,South,Relatively New,2812,,,0,1,0,0,0,0,21
house,not applicable,sector 11,2.2,12222,1800,Plot area 1800(167.23 sq.m.),4,3,2,1,South,Old Property,,1800,,1,0,0,1,0,0,24
flat,ats tourmaline,sector 109,1.4,8000,1750,Super Built up area 1750(162.58 sq.m.),3,3,3+,12,North-West,Relatively New,1750,,,0,0,0,0,1,0,65
flat,imperia the esfera,sector 37,0.85,5386,1578,Super Built up area 1578(146.6 sq.m.)Carpet area: 1310 sq.ft. (121.7 sq.m.),2,3,3,9,South-East,Relatively New,1578,,1310,1,0,0,0,0,0,49
flat,tulip violet,sector 69,1.38,8966,1539,Super Built up area 1538(142.88 sq.m.),3,3,1,12,West,Relatively New,1538,,,0,0,0,1,0,0,86
flat,paras irene,sector 70a,1.2,8450,1420,Super Built up area 1420(131.92 sq.m.),2,2,3,6,North-East,Moderately Old,1420,,,0,0,0,0,0,0,42
flat,ramprastha primera,sector 37d,1.02,6000,1700,Super Built up area 1700(157.94 sq.m.),3,2,3,22,,Under Construction,1700,,,0,0,0,0,0,0,43
flat,ss,sector 85,2.14,7610,2812,Super Built up area 2812(261.24 sq.m.)Built Up area: 2300 sq.ft. (213.68 sq.m.)Carpet area: 2000 sq.ft. (185.81 sq.m.),4,4,3,6,North,Relatively New,2812,2300,2000,1,1,0,1,0,0,49
flat,ireo skyon,sector 60,2.82,12818,2200,Super Built up area 2403(223.25 sq.m.)Built Up area: 2400 sq.ft. (222.97 sq.m.)Carpet area: 2200 sq.ft. (204.39 sq.m.),3,3,3,2,South-East,Relatively New,2403,2400,2200,0,1,0,0,0,1,174
flat,elan the presidential,sector 106,6.3,15384,4095,Super Built up area 4095(380.44 sq.m.)Carpet area: 3500 sq.ft. (325.16 sq.m.),5,6,3+,10,North-East,Under Construction,4095,,3500,0,0,0,0,0,1,62
flat,m3m merlin,sector 67,4.5,14267,3154,Super Built up area 3154(293.02 sq.m.),4,4,3+,15,South-West,Relatively New,3154,,,0,1,0,0,0,1,158
flat,bptp freedom park life,sector 57,2.5,11111,2250,Super Built up area 2250(209.03 sq.m.),3,3,3,9,,Moderately Old,2250,,,0,0,0,0,0,0,55
flat,m3m merlin,sector 67,2.65,12945,2047,Super Built up area 2047(190.17 sq.m.)Built Up area: 1900 sq.ft. (176.52 sq.m.)Carpet area: 1700 sq.ft. (157.94 sq.m.),3,3,3,0,North-East,Relatively New,2047,1900,1700,0,0,0,0,1,1,174
flat,rof aalayas,sector 102,0.45,8404,535,Super Built up area 597(55.46 sq.m.)Carpet area: 535.4 sq.ft. (49.74 sq.m.),2,2,1,14,North,Relatively New,597,,535.4,0,0,0,0,0,2,57
house,independent,sohna road,0.49,4260,1150,Plot area 1150(106.84 sq.m.),2,2,1,3,,New Property,,1150,,0,0,0,0,0,0,0
flat,signature global grand iva,sector 103,0.3,8290,362,Carpet area: 361.88 (33.62 sq.m.),1,2,2,5,,New Property,,,361.882318,0,0,0,0,0,0,37
flat,lotus homz,sector 111,0.5,14838,337,Carpet area: 336.96 (31.3 sq.m.),1,1,1,2,,Relatively New,,,336.91007,0,0,0,0,0,2,72
flat,tulip violet,sector 69,2,10167,1967,Carpet area: 1967 (182.74 sq.m.),4,4,1,12,,Relatively New,,,1967,0,0,0,0,0,0,79
house,independent,sector 91,3.6,14815,2430,Plot area 270(225.75 sq.m.),4,4,3,2,North-East,New Property,,2430,,0,0,0,0,0,1,49
flat,sahara grace,sector 28,4.3,12420,3462,Super Built up area 3462.01(321.63 sq.m.),3,4,3,5,,Old Property,3462.01,,,0,1,1,0,0,0,24
flat,tulip violet,sector 69,1.52,9632,1578,Super Built up area 1578(146.6 sq.m.),3,3,2,4,South-West,Relatively New,1578,,,0,0,0,1,0,1,156
flat,chd avenue,sector 71,1.12,6215,1802,Super Built up area 1802(167.41 sq.m.),3,4,3,0,South-East,Moderately Old,1802,,,0,1,0,0,0,0,65
flat,bptp terra,sector 37d,1.5,8255,1817,Super Built up area 1811(168.25 sq.m.)Carpet area: 1560 sq.ft. (144.93 sq.m.),3,3,3,12,South-West,Relatively New,1811,,1560,0,0,0,0,1,0,49
flat,signature global city 81,sector 81,0.89,8279,1075,Carpet area: 1075 (99.87 sq.m.),2,2,2,3,North,Under Construction,,,1075,0,0,0,0,1,0,20
house,emaar mgf marbella,sector 66,12,38095,3150,Plot area 350(292.64 sq.m.),5,6,3+,4,North-East,New Property,,3150,,0,1,0,1,0,0,38
flat,dlf regency park,sector 28,2.3,11817,1946,Built Up area: 1777 (165.09 sq.m.),3,3,3,7,North-East,Moderately Old,,1777,,0,1,0,0,0,0,117
house,bptp visionnaire,sector 70a,5.4,20690,2610,Plot area 290(242.48 sq.m.),4,5,3+,3,North,Relatively New,,2610,,1,1,1,1,0,1,136
flat,the close north,sector 50,2.5,11944,2093,Super Built up area 2093(194.45 sq.m.),3,3,3,11,North-East,Relatively New,2093,,,0,0,0,1,0,1,127
flat,kibithu villas,sector 48,3.45,12777,2700,Carpet area: 2700 (250.84 sq.m.),4,4,3+,2,,Undefined,,,2700,0,0,0,0,0,0,0
flat,parsvnath exotica,sector 53,6.44,19000,3389,Super Built up area 3390(314.94 sq.m.),4,4,3,7,West,Moderately Old,3390,,,0,1,0,0,0,1,80
flat,greenopolis,sector 89,0.65,5195,1251,Carpet area: 1251 (116.22 sq.m.),2,2,2,15,,Under Construction,,,1251,0,0,0,0,0,0,37
flat,chd avenue,sector 71,1.32,6019,2193,Super Built up area 2193(203.74 sq.m.),4,4,3,14,South,Moderately Old,2193,,,0,1,0,0,0,0,65
flat,m3m woodshire,sector 107,1.4,5929,2361,Super Built up area 2361(219.34 sq.m.),3,4,0,1,East,New Property,2361,,,0,0,0,0,0,0,67
flat,shree vardhman victoria,sector 70,1.8,9230,1950,Carpet area: 1950 (181.16 sq.m.),3,5,3,0,,New Property,,,1950,0,0,0,0,0,0,72
flat,signature global park,sohna road,0.72,5991,1202,Super Built up area 1210(112.41 sq.m.),2,2,3,3,North-West,Relatively New,1210,,,0,0,0,1,0,0,158
flat,mapsko mount ville,sector 79,1.5,8264,1815,Super Built up area 1815(168.62 sq.m.)Carpet area: 1071.33 sq.ft. (99.53 sq.m.),3,4,3+,11,South,Relatively New,1815,,1071.33,0,1,0,0,0,1,144
flat,central park flower valley,sector 33,1.35,10384,1300,Carpet area: 1300 (120.77 sq.m.),3,2,2,3,West,New Property,,,1300,0,0,0,0,0,0,87
flat,ss the leaf,sector 85,1.83,7610,2405,Super Built up area 2408(223.71 sq.m.)Built Up area: 1925 sq.ft. (178.84 sq.m.)Carpet area: 1875 sq.ft. (174.19 sq.m.),3,4,3,9,North-East,Relatively New,2408,1925,1875,0,0,0,0,0,0,49
flat,signature global solera,sector 107,0.29,5930,489,Carpet area: 489 (45.43 sq.m.),2,2,2,3,East,Relatively New,,,489,0,0,0,0,0,0,45
flat,zara aavaas,sector 104,0.65,8519,763,Carpet area: 763 (70.89 sq.m.),3,2,2,7,,New Property,,,763,0,0,0,0,0,0,65
house,independent,sector 1,4.75,10556,4500,Built Up area: 4500 (418.06 sq.m.),6,7,0,4,,Undefined,,4500,,0,0,0,0,0,0,0
flat,krisumi waterfall residences,sector 36,4.1,15500,2645,Carpet area: 2538 (235.79 sq.m.),3,4,3,30,,New Property,,,2538,1,0,0,0,0,2,49
flat,ss radiance residency,sector 12,0.6,5660,1060,Carpet area: 1060 (98.48 sq.m.),3,3,2,3,North-East,Relatively New,,,1060,0,0,0,0,0,0,44
flat,shree vardhman flora,sector 90,0.7,5384,1300,Super Built up area 1300(120.77 sq.m.),2,2,3,13,,New Property,1300,,,1,0,0,0,0,0,15
flat,microtek greenburg,sector 86,1.3,8756,1485,Super Built up area 1480(137.5 sq.m.),2,2,3,10,,Relatively New,1480,,,1,0,0,0,0,0,38
flat,beverley park 1,sector 43,8.44,16230,5200,Super Built up area 5200(483.1 sq.m.)Built Up area: 5000 sq.ft. (464.52 sq.m.)Carpet area: 4900 sq.ft. (455.22 sq.m.),4,5,3,9,North-East,Moderately Old,5200,5000,4900,0,1,0,0,0,2,117
flat,vatika sovereign park,sector 99,3.25,9672,3360,Super Built up area 3360(312.15 sq.m.),4,4,3+,2,,New Property,3360,,,0,1,0,0,0,0,123
flat,pareena laxmi apartments,sector 99,0.32,6106,524,Super Built up area 524(48.68 sq.m.)Carpet area: 424.8 sq.ft. (39.47 sq.m.),2,2,2,2,,New Property,524,,424.8,0,0,0,0,0,0,50
flat,central park flower valley,sector 33,1.4,21538,650,Super Built up area 650(60.39 sq.m.),3,3,3,2,,Under Construction,650,,,0,0,0,0,0,0,54
house,independent,sector 55,4.6,21296,2160,Plot area 240(200.67 sq.m.),3,3,3+,2,North,Old Property,,2160,,0,1,1,1,0,1,37
flat,central park flower valley,sector 33,2.5,13270,1884,Carpet area: 1884 (175.03 sq.m.),3,3,2,1,,Undefined,,,1884,0,0,0,0,0,0,66
flat,mvn athens,sohna road,0.25,5198,481,Built Up area: 481 (44.69 sq.m.),2,2,0,0,,Relatively New,,481,,0,0,0,0,0,0,37
flat,godrej summit,sector 104,1.3,9027,1440,Super Built up area 1440(133.78 sq.m.),3,2,3+,16,,Relatively New,1440,,,1,0,1,1,0,1,0
flat,bestech park view spa next,sector 67,2.85,12127,2350,Super Built up area 2350(218.32 sq.m.),4,4,3+,5,South,Moderately Old,2350,,,0,1,0,1,0,1,149
house,independent,sector 14,3.5,18088,1935,Plot area 215(179.77 sq.m.)Built Up area: 214 sq.yards (178.93 sq.m.)Carpet area: 180 sq.yards (150.5 sq.m.),6,4,2,2,West,Old Property,,214,180,0,0,0,0,1,1,27
flat,park royal apartment,sector 56,1.85,9024,2050,Carpet area: 2050 (190.45 sq.m.),3,4,3,7,,Old Property,,,2050,0,1,0,0,0,0,72
flat,smart world gems,sector 89,1.1,9972,1103,Built Up area: 1103 (102.47 sq.m.),3,1,0,0,,Undefined,,1103,,0,0,0,0,0,0,45
flat,sare homes,sector 92,1.1,5347,2057,Carpet area: 2057 (191.1 sq.m.),4,4,3,4,North-West,Relatively New,,,2057,0,1,0,0,0,0,108
flat,vipul lavanya,sector 81,0.6,6666,900,Super Built up area 900(83.61 sq.m.),2,2,1,0,,Under Construction,900,,,0,0,0,0,0,0,0
flat,experion the heartsong,sector 108,0.9,7014,1283,Super Built up area 1283(119.19 sq.m.)Built Up area: 978.23 sq.ft. (90.88 sq.m.)Carpet area: 734.43 sq.ft. (68.23 sq.m.),2,3,3,2,South,Relatively New,1283,978.23,734.43,0,1,0,0,0,0,94
house,independent,sector 25,9,28490,3159,Plot area 351(293.48 sq.m.),10,10,3,3,East,Old Property,,3159,,0,0,0,1,0,1,64
flat,raheja atharva,sector 109,2.2,9490,2318,Carpet area: 2318 (215.35 sq.m.),3,3,2,7,North,Moderately Old,,,2318,0,1,0,0,0,1,111
flat,bestech park view residency,sector 2,1.4,7865,1780,Super Built up area 1780(165.37 sq.m.),3,3,3+,6,North,Old Property,1780,,,0,0,0,0,0,2,107
flat,ild grand,sector 37,1.35,7142,1890,Built Up area: 1820 (169.08 sq.m.),3,3,0,1,,New Property,,1820,,0,0,0,0,0,0,60
flat,signature global solera,sector 107,0.36,5980,602,Super Built up area 602(55.93 sq.m.)Built Up area: 598 sq.ft. (55.56 sq.m.)Carpet area: 546 sq.ft. (50.73 sq.m.),2,2,1,7,North-West,Relatively New,602,598,546,0,0,0,0,1,0,49
house,saksham welfare association,sector 22,4.7,19847,2368,Plot area 220Built Up area: 170 sq.m.Carpet area: 160 sq.m.,6,6,3+,2,West,Old Property,,170,160,0,0,1,1,0,1,106
flat,indiabulls centrum park,sector 103,2.2,7652,2875,Super Built up area 2875(267.1 sq.m.),4,6,3+,4,North-East,Relatively New,2875,,,0,1,0,0,0,1,108
house,independent,sector 4,0.65,11111,585,Plot area 65(54.35 sq.m.),4,2,2,,,Moderately Old,,585,,0,0,0,0,0,0,0
flat,godrej nature plus,sector 33,1.2,14379,835,Carpet area: 77.53,2,2,3,1,,New Property,,,77.53,0,0,0,0,0,0,65
house,international city by sobha phase 2,sector 109,6.2,25514,2430,Plot area 270(225.75 sq.m.),5,5,2,2,South-West,Relatively New,,2430,,0,1,0,0,0,0,135
house,dlf city plots phase 3,sector 24,1.6,29629,540,Plot area 540(50.17 sq.m.)Built Up area: 540 sq.ft. (50.17 sq.m.)Carpet area: 500 sq.ft. (46.45 sq.m.),8,5,3+,4,East,Old Property,,540,500,0,0,0,0,0,0,8
flat,breez global hill view,sohna road,0.35,5600,625,Carpet area: 625 (58.06 sq.m.),2,2,2,14,,Relatively New,,,625,0,0,0,0,0,0,98
house,emaar mgf marbella,sector 66,18,40000,4500,Plot area 500(418.06 sq.m.),5,6,3+,3,North-East,Relatively New,,4500,,1,1,1,1,0,2,153
flat,dlf regal gardens,sector 90,1.25,7167,1744,Super Built up area 1744(162.02 sq.m.),3,3,2,11,East,Relatively New,1744,,,0,0,0,0,1,0,14
flat,essel towers,sector 14,2.2,12500,1760,Carpet area: 1760 (163.51 sq.m.),3,4,3+,3,North-West,Undefined,,,1760,0,0,0,0,0,0,0
flat,ss the coralwood,sector 84,1.05,6774,1550,Super Built up area 1750(162.58 sq.m.)Built Up area: 1610 sq.ft. (149.57 sq.m.)Carpet area: 1550 sq.ft. (144 sq.m.),3,3,3,6,North-East,Relatively New,1750,1610,1550,0,0,0,0,1,0,129
house,sheetla enclave,sector 5,0.96,10000,960,Plot area 945(87.79 sq.m.),7,4,2,3,,Moderately Old,,945,,0,0,1,1,0,1,0
flat,pivotal riddhi siddhi,sector 99,0.5,8517,587,Carpet area: 587 (54.53 sq.m.),2,1,2,7,,New Property,,,587,0,0,0,0,0,0,24
flat,smart world gems,sector 89,0.86,7796,1103,Super Built up area 1103(102.47 sq.m.),2,3,3,4,,Under Construction,1103,,,0,0,0,0,0,0,45
flat,corona optus,sector 37,1.27,7231,1756,Super Built up area 1763(163.79 sq.m.),3,3,3,2,South,Relatively New,1763,,,0,0,0,0,1,0,49
flat,m3m capital,sector 113,2.57,15575,1650,Built Up area: 2060 (191.38 sq.m.)Carpet area: 1650 sq.ft. (153.29 sq.m.),4,5,3+,25,East,Under Construction,,2060,1650,1,0,0,0,0,1,79
flat,bestech park view grand spa,sector 81,2.35,8834,2660,Super Built up area 2660(247.12 sq.m.)Carpet area: 2356 sq.ft. (218.88 sq.m.),3,4,3+,6,North-East,Relatively New,2660,,2356,0,1,0,0,0,1,101
flat,emaar palm gardens,sector 83,1.3,11868,1095,Super Built up area 1720(159.79 sq.m.)Carpet area: 1095.3 sq.ft. (101.76 sq.m.),3,3,3,16,North,Relatively New,1720,,1095.3,0,1,0,0,0,1,174
flat,vatika the seven lamps,sector 82,0.89,8850,1006,Super Built up area 1428.08(132.67 sq.m.)Carpet area: 1000 sq.ft. (92.9 sq.m.),2,2,2,14,East,Relatively New,1428.08,,1000,1,0,0,0,0,1,129
flat,emaar imperial gardens,sector 102,1.85,9135,2025,Carpet area: 2025 (188.13 sq.m.),3,3,3+,0,South-West,Relatively New,,,2025,0,1,0,0,0,1,95
flat,experion windchants,sector 112,3.75,13383,2802,Super Built up area 2802(260.31 sq.m.),3,5,3+,22,South-West,Relatively New,2802,,,0,1,0,0,0,1,49
house,independent,sector 45,4.49,24455,1836,Plot area 204(170.57 sq.m.),9,9,3+,3,North-West,Moderately Old,,1836,,0,0,0,0,1,1,90
flat,m3m skywalk,sector 74,1.57,11000,1427,Super Built up area 1424(132.29 sq.m.)Built Up area: 1300 sq.ft. (120.77 sq.m.)Carpet area: 1100 sq.ft. (102.19 sq.m.),2,2,3+,10,South,Relatively New,1424,1300,1100,0,0,0,0,1,0,137
flat,godrej habitat,sector 3,1.3,9002,1444,Carpet area: 1444 (134.15 sq.m.),2,2,2,6,,Under Construction,,,1444,0,0,0,0,0,0,36
house,rwa sector 46,sector 46,4.5,24390,1845,Plot area 204(170.57 sq.m.)Built Up area: 206 sq.yards (172.24 sq.m.)Carpet area: 205 sq.yards (171.41 sq.m.),6,6,3+,3,North-East,Moderately Old,,206,205,0,0,1,0,0,1,80
flat,tulip violet,sector 69,1.68,8358,2010,Super Built up area 2010(186.74 sq.m.),4,4,2,7,North,Relatively New,2010,,,0,0,0,0,0,0,127
house,independent,sector 24,10,229885,435,Carpet area: 435 (40.41 sq.m.),8,10,3+,1,West,Undefined,,,435,0,0,0,0,0,0,0
flat,bptp astaire gardens,sector 70a,1.6,8658,1848,Super Built up area 1848(171.68 sq.m.)Built Up area: 1600 sq.ft. (148.64 sq.m.)Carpet area: 1400 sq.ft. (130.06 sq.m.),4,4,3,1,,Relatively New,1848,1600,1400,1,0,0,0,1,0,42
flat,unitech uniworld gardens,sector 47,2.15,10306,2086,Super Built up area 2086(193.8 sq.m.)Built Up area: 1950 sq.ft. (181.16 sq.m.)Carpet area: 1750 sq.ft. (162.58 sq.m.),3,4,3+,10,East,Moderately Old,2086,1950,1750,0,1,0,0,0,0,49
flat,eldeco accolade,sohna road,0.78,5422,1439,Super Built up area 1457(135.36 sq.m.),2,2,2,7,North,Relatively New,1457,,,1,0,0,0,0,1,137
flat,ats kocoon,sector 109,1.6,9169,1745,Super Built up area 1745(162.12 sq.m.)Built Up area: 1550 sq.ft. (144 sq.m.),3,3,3,10,North,Relatively New,1745,1550,,0,0,0,0,0,0,86
house,emaar mgf marbella,sector 66,19,31666,6000,Plot area 9000(836.13 sq.m.)Carpet area: 6000 sq.ft. (557.42 sq.m.),5,6,3+,3,North-East,Relatively New,,,6000,0,1,1,1,0,1,110
flat,sare homes,sector 92,0.68,5238,1298,Carpet area: 1298 (120.59 sq.m.),3,3,2,11,North-West,Relatively New,,,1298,0,0,0,1,0,0,100
flat,vatika the seven lamps,sector 82,0.78,5932,1315,Super Built up area 1298(120.59 sq.m.),2,2,2,0,North-West,Relatively New,1298,,,0,0,0,0,0,1,103
flat,raisina residency,sector 59,5,13058,3829,Carpet area: 3829 (355.73 sq.m.),4,4,3+,13,North-West,Relatively New,,,3829,1,1,1,1,0,1,174
flat,rwa,sector 7,0.48,6000,800,Carpet area: 800 (74.32 sq.m.),3,2,1,1,North-East,New Property,,,800,0,0,0,0,0,0,21
flat,alpha corp gurgaonone,sector 84,1.15,7496,1534,Super Built up area 1534(142.51 sq.m.)Carpet area: 1200 sq.ft. (111.48 sq.m.),2,2,3,8,North-East,Relatively New,1534,,1200,1,0,0,0,0,1,37
flat,signature global city,sector 37d,1.1,8800,1250,Carpet area: 1250 (116.13 sq.m.),3,3,3,1,,Under Construction,,,1250,0,0,0,0,0,0,16
flat,shree vardhman victoria,sector 70,1.75,8974,1950,Built Up area: 1950 (181.16 sq.m.),3,4,2,16,,Relatively New,,1950,,0,1,0,1,0,0,49
flat,eros wembley estate,sector 50,1.4,10174,1376,Super Built up area 1376(127.83 sq.m.),3,3,2,9,East,Relatively New,1376,,,0,0,1,0,0,1,117
flat,tulip violet,sector 69,1.72,8730,1970,Super Built up area 1970(183.02 sq.m.),4,4,1,12,North-East,Relatively New,1970,,,0,0,0,0,0,0,86
house,independent,sector 37d,1.16,7539,1539,Built Up area: 1535 (142.61 sq.m.),1,1,0,1,,Undefined,,1535,,0,0,0,0,0,0,0
flat,emaar mgf emerald floors premier,sector 65,2.8,16969,1650,Super Built up area 1975(183.48 sq.m.)Built Up area: 1800 sq.ft. (167.23 sq.m.)Carpet area: 1650 sq.ft. (153.29 sq.m.),4,4,3,2,North,Relatively New,1975,1800,1650,1,0,0,0,0,1,89
flat,dlf the skycourt,sector 86,1.56,8087,1929,Super Built up area 1929(179.21 sq.m.)Built Up area: 1580 sq.ft. (146.79 sq.m.)Carpet area: 1450 sq.ft. (134.71 sq.m.),3,4,3+,17,South-West,Relatively New,1929,1580,1450,0,0,1,0,0,0,174
flat,hsiidc sidco shivalik apartments,manesar,0.73,3560,2051,Super Built up area 2050(190.45 sq.m.)Carpet area: 1400 sq.ft. (130.06 sq.m.),3,3,3+,2,South,Moderately Old,2050,,1400,0,1,0,0,0,0,80
house,unitech nirvana birch court,sector 50,11.95,36883,3240,Plot area 360(301.01 sq.m.),3,3,2,1,West,Moderately Old,,3240,,1,1,0,0,0,0,101
house,iffco nagar and 17b rwa,sector 17,3.5,24305,1440,Plot area 1440(133.78 sq.m.),6,5,3,3,East,Old Property,,1440,,0,0,0,0,0,0,44
flat,bptp terra,sector 37d,1.71,7804,2191,Built Up area: 2191 (203.55 sq.m.),3,3,3+,7,South-West,Relatively New,,2191,,1,0,0,0,0,0,38
flat,shri ram apartments,sector 4,0.46,5111,900,Carpet area: 900 (83.61 sq.m.),2,2,1,1,East,Relatively New,,,900,0,0,0,0,0,1,69
house,ansals palam vihar,sector 2,2.75,17662,1557,Plot area 173(144.65 sq.m.),3,3,3,2,,Moderately Old,,1557,,1,0,0,1,0,1,15
flat,park view apartments,sector 15,1.6,11034,1450,Carpet area: 1450 (134.71 sq.m.),3,3,3+,2,North-West,Moderately Old,,,1450,0,0,0,1,0,0,56
flat,czar mahira homes 63a,sector 63a,0.42,7407,567,Carpet area: 567 (52.68 sq.m.),3,2,2,1,,Undefined,,,567,0,0,0,0,0,0,0
flat,indiabulls enigma,sector 110,3.3,9850,3350,Super Built up area 3350(311.23 sq.m.),4,5,3,7,East,Relatively New,3350,,,0,1,0,0,0,0,101
flat,ats tourmaline,sector 109,1.75,8139,2150,Super Built up area 2150(199.74 sq.m.),3,4,3+,2,North,Relatively New,2150,,,0,1,0,0,1,0,65
flat,ansal heights 86,sector 86,0.95,5621,1690,Carpet area: 1690 (157.01 sq.m.),3,2,1,6,,New Property,,,1690,0,0,0,0,0,0,15
flat,bptp terra,sector 37d,1.77,8078,2191,Super Built up area 2191(203.55 sq.m.)Carpet area: 1860 sq.ft. (172.8 sq.m.),4,3,3,15,North,Relatively New,2191,,1860,1,1,0,1,1,0,49
house,huda ashok vihar phase,sector 4,0.7,10233,684,Plot area 684(63.55 sq.m.),3,2,1,2,North-East,New Property,,684,,1,0,0,0,0,0,7
house,dlf city phase 1,sector 26,3.25,33129,981,Plot area 109(91.14 sq.m.),3,3,3,2,West,Old Property,,981,,1,0,0,0,0,0,79
flat,conscient heritage max,sector 102,1.7,11333,1500,Super Built up area 1942(180.42 sq.m.)Built Up area: 1700 sq.ft. (157.94 sq.m.)Carpet area: 1500 sq.ft. (139.35 sq.m.),3,4,3+,8,North-East,Relatively New,1942,1700,1500,0,1,0,1,0,1,174
house,bptp astaire gardens,sector 70a,1.04,7172,1450,Carpet area: 1450 (134.71 sq.m.),3,3,3+,2,North-East,Relatively New,,,1450,0,0,0,0,1,1,145
flat,greenopolis,sector 89,0.8,6168,1297,Carpet area: 1297 (120.5 sq.m.),2,2,2,6,South,Under Construction,,,1297,0,0,0,0,0,0,44
flat,signature global city 63a,sector 63a,1.65,15263,1081,Super Built up area 1081(100.43 sq.m.),2,2,2,1,,Under Construction,1081,,,0,0,0,0,0,0,0
flat,bestech park view grand spa,sector 81,4.5,10714,4200,Super Built up area 4200(390.19 sq.m.),4,6,3+,17,,Relatively New,4200,,,0,1,0,0,0,1,44
flat,m3m woodshire,sector 107,0.82,6002,1366,Super Built up area 1366(126.91 sq.m.),2,2,3+,7,North-East,Relatively New,1366,,,0,0,0,0,0,0,111
flat,aipl zen residences,sector 70a,1.25,9904,1262,Carpet area: 1262 (117.24 sq.m.),2,2,2,19,,New Property,,,1262,0,0,0,0,0,0,42
flat,pioneer araya,sector 62,9.14,19488,4690,Super Built up area 4690(435.72 sq.m.)Carpet area: 3258 sq.ft. (302.68 sq.m.),4,6,3,16,East,Relatively New,4690,,3258,1,1,1,0,0,1,146
flat,ramprastha the edge towers,sector 37d,0.8,5797,1380,Super Built up area 1380(128.21 sq.m.)Built Up area: 1300 sq.ft. (120.77 sq.m.)Carpet area: 1200 sq.ft. (111.48 sq.m.),2,2,3,2,North-East,Relatively New,1380,1300,1200,0,0,0,0,0,0,78
flat,ansal heights 86,sector 86,0.82,6029,1360,Super Built up area 1360(126.35 sq.m.)Built Up area: 1300 sq.ft. (120.77 sq.m.)Carpet area: 1000 sq.ft. (92.9 sq.m.),2,2,1,12,,New Property,1360,1300,1000,0,0,0,0,0,0,49
flat,orchid petals,sector 49,1.9,10526,1805,Super Built up area 1805(167.69 sq.m.)Built Up area: 1600 sq.ft. (148.64 sq.m.)Carpet area: 1400 sq.ft. (130.06 sq.m.),3,3,3,2,South,Old Property,1805,1600,1400,0,0,0,0,1,1,49
flat,ashiana anmol,sohna road,0.93,7294,1275,Super Built up area 1275(118.45 sq.m.)Built Up area: 1000 sq.ft. (92.9 sq.m.)Carpet area: 875 sq.ft. (81.29 sq.m.),2,2,2,9,,Under Construction,1275,1000,875,0,0,0,0,1,0,31
flat,supertech araville,sector 79,0.8,5266,1519,Carpet area: 1519 (141.12 sq.m.),2,2,2,12,,New Property,,,1519,1,0,0,0,0,0,49
flat,tulip ivory,sector 70,2.1,8750,2400,Super Built up area 2400(222.97 sq.m.)Carpet area: 1850 sq.ft. (171.87 sq.m.),4,5,3+,5,West,Moderately Old,2400,,1850,0,1,0,0,0,1,120
flat,gls arawali homes,sohna road,0.27,4600,587,Super Built up area 576(53.51 sq.m.),2,2,2,5,,New Property,576,,,0,0,0,0,0,0,42
flat,bestech park view ananda,sector 81,0.95,10626,894,Super Built up area 1360(126.35 sq.m.)Carpet area: 894 sq.ft. (83.06 sq.m.),2,2,2,2,North-East,Relatively New,1360,,894,0,0,0,0,0,1,104
flat,kiran residency,sector 56,1.54,8324,1850,Super Built up area 2000(185.81 sq.m.)Built Up area: 1900 sq.ft. (176.52 sq.m.)Carpet area: 1850 sq.ft. (171.87 sq.m.),3,4,3+,5,South,Old Property,2000,1900,1850,0,1,0,0,0,1,98
flat,maxworth city residences,sector 10,0.9,7083,1271,Super Built up area 1200(111.48 sq.m.),2,2,3,9,East,New Property,1200,,,0,0,0,0,1,0,52
flat,mapsko casa bella,sector 82,1.3,6378,2038,Super Built up area 1960(182.09 sq.m.),4,4,3+,1,North,Relatively New,1960,,,0,1,0,0,0,0,130
house,emaar mgf marbella,sector 66,,,,Plot area 350(292.64 sq.m.)Built Up area: 6500 sq.yards (5434.83 sq.m.),4,4,3+,3,North,New Property,,6500,,1,1,1,1,0,0,136
flat,supertech araville,sector 79,1.1,5641,1950,Carpet area: 1950 (181.16 sq.m.),3,3,3,1,,Relatively New,,,1950,0,0,0,0,0,1,106
flat,ambience creacions,sector 22,2,14492,1380,Carpet area: 1380 (128.21 sq.m.),2,2,2,9,East,Relatively New,,,1380,0,0,0,0,0,0,49
flat,bestech park view residency,sector 2,0.95,6713,1415,Super Built up area 1415(131.46 sq.m.),2,2,3,1,North-East,Moderately Old,1415,,,0,0,0,0,0,1,82
flat,siddhi vinayak apartments,sector 55,1.44,9600,1500,Super Built up area 1850(171.87 sq.m.)Built Up area: 1700 sq.ft. (157.94 sq.m.)Carpet area: 1500 sq.ft. (139.35 sq.m.),3,3,2,6,South,Moderately Old,1850,1700,1500,0,0,0,0,1,1,47
flat,gls avenue 51,sector 92,0.42,6562,640,Carpet area: 640 (59.46 sq.m.),3,3,1,2,,Relatively New,,,640,0,0,0,0,0,0,20
flat,shree vardhman victoria,sector 70,1.23,9111,1350,Super Built up area 1350(125.42 sq.m.),2,2,3,1,North-East,Relatively New,1350,,,1,0,0,0,0,0,43
flat,orchid petals,sector 49,1.95,9972,1955,Super Built up area 1805(167.69 sq.m.),3,3,3,2,East,Old Property,1805,,,0,0,0,0,0,1,90
flat,ats tourmaline,sector 109,1.4,8000,1750,Super Built up area 1750(162.58 sq.m.)Built Up area: 1466 sq.ft. (136.2 sq.m.),3,3,3+,5,East,Relatively New,1750,1466,,0,0,0,0,0,0,44
house,satya the legend,sector 57,9.25,16577,5580,Plot area 642(536.79 sq.m.)Built Up area: 630 sq.yards (526.76 sq.m.)Carpet area: 620 sq.yards (518.4 sq.m.),5,5,3+,4,North-East,Relatively New,,630,620,1,1,1,1,0,1,160
house,dlf city plots phase 2,sector 25,4.5,33333,1350,Plot area 150(125.42 sq.m.),5,3,2,3,,Old Property,,1350,,0,0,1,1,0,0,25
flat,ramprastha the edge towers,sector 37d,0.8,8888,900,Super Built up area 1380(128.21 sq.m.)Built Up area: 1310 sq.ft. (121.7 sq.m.)Carpet area: 900 sq.ft. (83.61 sq.m.),2,2,3,10,South-East,Relatively New,1380,1310,900,0,0,0,0,1,0,166
flat,bestech altura,sector 79,1.85,8604,2150,Super Built up area 2150(199.74 sq.m.),3,4,3+,11,North,New Property,2150,,,0,1,0,0,0,0,49
flat,rof ananda,sector 95,0.55,5500,1000,Super Built up area 1000(92.9 sq.m.)Carpet area: 745 sq.ft. (69.21 sq.m.),3,2,2,14,East,New Property,1000,,745,1,0,0,0,0,2,30
house,international city by sobha phase 2,sector 109,8.48,23556,3600,Plot area 400(334.45 sq.m.),4,6,3+,3,North-East,New Property,,3600,,1,1,1,1,0,0,153
flat,ireo victory valley,sector 67,3.49,13000,2685,Carpet area: 2452 (227.8 sq.m.),3,3,3,19,South-East,Relatively New,,,2452,0,1,0,0,0,0,103
house,kothi,sector 17,6.95,15444,4500,Plot area 500(418.06 sq.m.)Built Up area: 3500 sq.yards (2926.45 sq.m.),4,4,3+,2,,Old Property,,3500,,1,1,1,1,0,0,33
flat,godrej nature plus,sector 33,1.4,15124,926,Super Built up area 145Carpet area: 86 sq.m.,3,2,3+,20,,New Property,145,,86,0,0,0,0,0,0,70
house,independent,sector 26,8.49,47167,1800,Plot area 200(167.23 sq.m.),12,12,3+,4,North,Relatively New,,1800,,0,1,0,1,0,1,42
flat,chd avenue,sector 71,1,6734,1485,Super Built up area 1485(137.96 sq.m.),3,3,3+,3,North,Relatively New,1485,,,0,0,0,0,0,1,7
flat,the lions cghs,sector 56,2.1,8750,2400,Super Built up area 2400(222.97 sq.m.)Built Up area: 2200 sq.ft. (204.39 sq.m.)Carpet area: 2000 sq.ft. (185.81 sq.m.),3,4,3+,8,West,Old Property,2400,2200,2000,0,0,0,0,1,1,166
flat,ss the leaf,sector 85,2.13,7574,2812,Super Built up area 2812(261.24 sq.m.)Built Up area: 2600 sq.ft. (241.55 sq.m.)Carpet area: 2400 sq.ft. (222.97 sq.m.),4,4,3,6,North,Relatively New,2812,2600,2400,0,0,0,0,0,0,49
flat,dlf the arbour,sector 63,7.52,19000,3958,Built Up area: 3956 (367.52 sq.m.)Carpet area: 2200 sq.ft. (204.39 sq.m.),4,4,3,15,West,Undefined,,3956,2200,0,0,0,0,0,0,61
flat,corona optus,sector 37,1.26,7250,1738,Super Built up area 1735(161.19 sq.m.)Built Up area: 1400 sq.ft. (130.06 sq.m.)Carpet area: 965 sq.ft. (89.65 sq.m.),3,3,3,4,North-East,New Property,1735,1400,965,0,0,0,0,0,0,28
flat,madhur jeevan apartments,sector 56,1.59,8594,1850,Super Built up area 2000(185.81 sq.m.)Built Up area: 1900 sq.ft. (176.52 sq.m.)Carpet area: 1850 sq.ft. (171.87 sq.m.),4,3,3+,3,North,Old Property,2000,1900,1850,0,0,0,0,1,1,33
house,sare crescent parc royal greens phase 1,sector 92,0.85,4877,1743,Built Up area: 1743 (161.93 sq.m.),4,4,3,4,,Undefined,,1743,,0,0,0,0,0,0,0
flat,sare crescent parc,sector 92,0.7,5556,1260,Built Up area: 140 (117.06 sq.m.),3,3,2,14,,Under Construction,,140,,0,0,0,0,0,0,38
flat,the lions cghs,sector 56,2.05,7884,2600,Super Built up area 2600(241.55 sq.m.)Built Up area: 2500 sq.ft. (232.26 sq.m.)Carpet area: 2400 sq.ft. (222.97 sq.m.),4,4,3+,6,South,Relatively New,2600,2500,2400,0,0,0,0,1,1,101
flat,unitech the palms,sector 41,2.75,16768,1640,Super Built up area 1640(152.36 sq.m.),3,3,2,14,,Old Property,1640,,,0,0,0,0,0,2,79
flat,vatika city,sector 49,1.98,9074,2182,Super Built up area 2182(202.71 sq.m.)Built Up area: 1750.75 sq.ft. (162.65 sq.m.)Carpet area: 1670 sq.ft. (155.15 sq.m.),3,4,3,9,South-East,Moderately Old,2182,1750.75,1670,0,1,0,0,0,1,101
house,international city by sobha phase 2,sector 109,9.5,26389,3600,Plot area 400(334.45 sq.m.),7,6,3,3,West,Relatively New,,3600,,1,1,0,1,0,0,138
flat,tata primanti,sector 72,3.5,11428,3063,Built Up area: 2625 (243.87 sq.m.),4,5,3+,16,East,Relatively New,,2625,,0,1,0,0,1,0,31
house,independent,sector 55,3.55,24500,1449,Plot area 161(134.62 sq.m.),4,4,3+,2,,Old Property,,1449,,0,0,0,0,0,1,27
flat,smart world gems,sector 89,0.86,7796,1103,Carpet area: 1103 (102.47 sq.m.),2,3,2,4,North-East,New Property,,,1103,1,1,0,1,0,1,72
flat,essel tower,sector 28,2.2,12500,1760,Carpet area: 1760 (163.51 sq.m.),3,4,3+,3,,Moderately Old,,,1760,0,1,0,0,0,2,0
flat,adani aangan arcade,sector 88a,0.45,7194,626,Carpet area: 625.47 (58.11 sq.m.),2,2,1,8,,New Property,,,625.490229,0,0,0,0,0,0,14
flat,bhemerlei,sohna road,0.69,5100,1353,Built Up area: 1350 (125.42 sq.m.),2,2,2,3,,Under Construction,,1350,,0,0,0,0,0,0,0
house,independent,sector 110,0.34,6800,500,Built Up area: 500 (46.45 sq.m.),1,1,0,1,,Undefined,,500,,0,0,0,0,0,0,0
flat,ireo victory valley,sector 67,2.95,12110,2436,Super Built up area 2436(226.31 sq.m.)Built Up area: 2236 sq.ft. (207.73 sq.m.)Carpet area: 2036 sq.ft. (189.15 sq.m.),3,3,3+,14,South,Moderately Old,2436,2236,2036,0,1,0,1,0,1,165
flat,ireo victory valley,sector 67,3.5,14583,2400,Super Built up area 2698(250.65 sq.m.)Built Up area: 2490 sq.ft. (231.33 sq.m.)Carpet area: 2400 sq.ft. (222.97 sq.m.),3,4,3,24,North-East,Relatively New,2698,2490,2400,0,1,0,1,0,1,149
flat,central park flower valley aqua front towers,sector 33,2.1,11738,1789,Super Built up area 1789(166.2 sq.m.),3,3,2,6,,Under Construction,1789,,,0,0,0,0,0,0,24
flat,dlf express greens,manesar,1.2,6505,1845,Super Built up area 1845(171.41 sq.m.),3,4,2,5,East,Relatively New,1845,,,0,1,0,0,1,0,43
flat,tulip petals,sector 89,1.1,7097,1550,Built Up area: 1550 (144 sq.m.)Carpet area: 1320 sq.ft. (122.63 sq.m.),3,2,3,4,,Undefined,,1550,1320,0,0,0,0,0,0,0
flat,ireo the corridors,sector 67a,1.4,9433,1484,Super Built up area 1484(137.87 sq.m.)Carpet area: 860 sq.ft. (79.9 sq.m.),2,2,2,8,North,Relatively New,1484,,860,1,0,0,0,1,0,90
flat,tulip violet,sector 69,1.55,9639,1608,Super Built up area 1608(149.39 sq.m.),3,3,2,2,East,Relatively New,1608,,,0,0,0,1,0,1,86
flat,sbr minda sec-1 imt manesar,manesar,0.64,4193,1526,Carpet area: 1526 (141.77 sq.m.),3,2,3+,6,East,Old Property,,,1526,0,0,0,0,0,0,51
house,independent,sector 43,5.5,28424,1935,Plot area 215(179.77 sq.m.),1,1,0,1,South-West,Old Property,,1935,,0,0,0,0,1,0,12
flat,chd avenue,sector 71,1.1,6790,1620,Super Built up area 1620(150.5 sq.m.),3,3,3,11,,Relatively New,1620,,,0,0,0,0,1,0,72
flat,godrej nature plus,sector 33,1.3,8349,1557,Super Built up area 1557(144.65 sq.m.),3,2,3+,18,North,New Property,1557,,,0,0,0,0,0,0,38
house,independent,sector 25,6.6,36667,1800,Plot area 200(167.23 sq.m.),6,7,3+,2,East,Moderately Old,,1800,,1,1,0,0,0,1,119
house,independent,sector 31,4.25,26235,1620,Plot area 204(170.57 sq.m.)Built Up area: 200 sq.yards (167.23 sq.m.)Carpet area: 180 sq.yards (150.5 sq.m.),5,5,3+,3,North-East,Moderately Old,,200,180,0,0,1,1,0,1,56
house,bptp pedestal,sector 70a,0.92,7750,1187,Carpet area: 1187 (110.28 sq.m.),2,3,3+,3,North-East,New Property,,,1187,0,0,0,0,1,0,153
flat,breez global heights,sohna road,0.4,6420,623,Super Built up area 623(57.88 sq.m.)Carpet area: 599 sq.ft. (55.65 sq.m.),2,2,1,4,North-East,New Property,623,,599,0,0,0,0,0,0,49
flat,dlf regal gardens,sector 90,1.15,6325,1818,Super Built up area 1818(168.9 sq.m.),3,3,3+,18,North-West,Relatively New,1818,,,0,0,0,1,0,1,130
flat,essel towers,sector 14,2.2,12500,1760,Carpet area: 1760 (163.51 sq.m.),3,4,3+,3,,Undefined,,,1760,0,0,0,0,0,0,0
flat,smart world gems,sector 89,1,9033,1107,Carpet area: 1107 (102.84 sq.m.),2,2,2,1,,Under Construction,,,1107,1,0,0,0,0,0,38
flat,bestech altura,sector 79,1.9,9000,2111,Carpet area: 2150 (199.74 sq.m.),3,4,2,11,,New Property,,,2150,0,1,0,0,0,0,49
flat,dlf the ultima,sector 81,2.2,10461,2103,Super Built up area 2103(195.38 sq.m.)Built Up area: 1570 sq.ft. (145.86 sq.m.)Carpet area: 1257 sq.ft. (116.78 sq.m.),3,3,3+,5,East,Relatively New,2103,1570,1257,1,1,0,1,1,2,49
flat,dlf regal gardens,sector 90,1.78,8040,2214,Super Built up area 2215(205.78 sq.m.),4,4,3+,12,North-East,Relatively New,2215,,,0,0,0,0,0,0,61
house,sushant lok 1 builder floors,sector 43,2.45,7756,3159,Plot area 60(50.17 sq.m.)Built Up area: 540 sq.yards (451.51 sq.m.)Carpet area: 351 sq.yards (293.48 sq.m.),4,4,3+,3,West,Moderately Old,,540,351,1,1,0,1,1,2,123
flat,smart world orchard,sector 61,2.45,15800,1551,Super Built up area 1549(143.91 sq.m.)Carpet area: 939.37 sq.ft. (87.27 sq.m.),3,3,3,3,,New Property,1549,,939.37,1,1,0,0,0,0,119
flat,pareena laxmi apartments,sector 99,0.31,5904,525,Carpet area: 525 (48.77 sq.m.),2,2,2,6,East,New Property,,,525,0,0,0,0,0,0,74
flat,shree vardhman flora,sector 90,0.7,4615,1517,Super Built up area 1352(125.6 sq.m.),2,2,3,9,North-East,New Property,1352,,,1,0,0,0,1,0,51
flat,paras dews,sector 106,1.35,8940,1510,Carpet area: 1510 (140.28 sq.m.),4,3,3,19,,Old Property,,,1510,0,1,0,0,0,0,112
house,international city by sobha phase 1,sector 109,5.75,16428,3500,Plot area 272(25.27 sq.m.)Built Up area: 4800 sq.ft. (445.93 sq.m.)Carpet area: 3500 sq.ft. (325.16 sq.m.),4,4,2,3,South-East,Relatively New,,4800,3500,0,1,0,0,0,0,146
flat,dlf new town heights,sector 90,1.25,6476,1930,Super Built up area 1930(179.3 sq.m.)Built Up area: 1700 sq.ft. (157.94 sq.m.)Carpet area: 1500 sq.ft. (139.35 sq.m.),3,3,3+,17,South-East,Relatively New,1930,1700,1500,0,1,0,1,0,0,65
house,independent,sector 3,3.5,9210,3800,Built Up area: 3800 (353.03 sq.m.),1,1,0,1,,Undefined,,3800,,0,0,0,0,0,0,0
flat,conscient habitat,sector 99,0.27,5599,482,Carpet area: 484 (44.97 sq.m.),2,2,1,8,South-West,Relatively New,,,484,0,0,0,0,1,0,49
flat,experion windchants,sector 112,3.75,13383,2802,Super Built up area 2802(260.31 sq.m.)Built Up area: 2225.56 sq.ft. (206.76 sq.m.),3,3,2,21,West,Relatively New,2802,2225.56,,0,1,0,0,0,1,159
flat,m3m skywalk,sector 74,1.54,11000,1400,Super Built up area 1400(130.06 sq.m.)Built Up area: 1200 sq.ft. (111.48 sq.m.)Carpet area: 1100 sq.ft. (102.19 sq.m.),2,2,3+,22,South,Relatively New,1400,1200,1100,0,0,0,0,1,0,137
house,independent,sector 4,0.58,86567,67,Plot area 67(6.22 sq.m.),2,2,1,2,West,Moderately Old,,67,,0,0,0,1,1,0,7
flat,tata primanti,sector 72,5.25,15648,3355,Super Built up area 3355(311.69 sq.m.)Built Up area: 3000 sq.ft. (278.71 sq.m.)Carpet area: 2800 sq.ft. (260.13 sq.m.),4,4,3+,30,North-East,New Property,3355,3000,2800,0,1,0,0,0,1,174
house,independent,sector 2,3.65,23442,1557,Plot area 173(144.65 sq.m.),9,9,3+,3,West,New Property,,1557,,0,1,0,1,0,1,116
flat,mahindra aura,sector 110,1.8,8814,2042,Super Built up area 2042(189.71 sq.m.)Built Up area: 1850 sq.ft. (171.87 sq.m.)Carpet area: 1650 sq.ft. (153.29 sq.m.),3,3,3+,7,South-East,Relatively New,2042,1850,1650,0,1,0,0,0,1,136
house,anshul,sector 6,0.85,7727,1100,Carpet area: 1100 (102.19 sq.m.),2,2,0,4,North-East,Undefined,,,1100,0,0,0,0,0,0,0
house,emaar mgf marbella,sector 66,18,55556,3240,Plot area 360(301.01 sq.m.),4,4,3+,3,East,Moderately Old,,3240,,1,1,0,1,0,2,75
flat,professional society,manesar,0.75,3067,2445,Carpet area: 2445 (227.15 sq.m.),3,4,3,3,East,Relatively New,,,2445,0,1,0,0,0,0,21
house,ansal celebrity homes,sector 2,5.2,10000,5200,Built Up area: 5200 (483.1 sq.m.)Carpet area: 4000 sq.ft. (371.61 sq.m.),4,5,2,1,,Undefined,,5200,4000,0,0,0,0,0,0,0
flat,m3m woodshire,sector 107,0.9,6588,1366,Super Built up area 1366(126.91 sq.m.),2,2,3+,14,,New Property,1366,,,0,0,0,0,0,0,67
flat,dlf regal gardens,sector 90,1.25,7339,1703,Super Built up area 1703(158.21 sq.m.),3,3,3,28,North,Moderately Old,1703,,,0,1,0,0,0,0,38
house,unitech aspen greens,sector 50,7,32407,2160,Plot area 240(200.67 sq.m.),4,4,2,2,East,Old Property,,2160,,0,1,0,0,0,0,29
house,unitech escape,sector 50,12,37037,3240,Carpet area: 360 (301.01 sq.m.),5,6,3+,3,East,Undefined,,,360,0,0,0,0,0,0,66
flat,ansal heights 86,sector 86,1.25,7396,1690,Super Built up area 1690(157.01 sq.m.),3,2,1,11,,New Property,1690,,,0,0,0,0,0,0,45
flat,emaar mgf emerald floors premier,sector 65,2.36,14303,1650,Super Built up area 1650(153.29 sq.m.)Carpet area: 1400 sq.ft. (130.06 sq.m.),3,3,3,2,North-East,Relatively New,1650,,1400,1,1,0,0,0,1,136
flat,ansal heights 86,sector 86,1.05,5541,1895,Super Built up area 1895(176.05 sq.m.),3,3,3,9,North-East,Under Construction,1895,,,0,1,0,0,0,0,0
flat,ramshanti cooperative society,sector 52,1.76,7242,2430,Super Built up area 2430(225.75 sq.m.),4,4,3+,12,,New Property,2430,,,0,0,0,0,0,0,0
flat,bestech park view ananda,sector 81,1.1,6686,1645,Super Built up area 1645(152.83 sq.m.)Carpet area: 1034 sq.ft. (96.06 sq.m.),3,2,3+,5,East,Relatively New,1645,,1034,0,0,0,0,0,0,150
flat,sare crescent parc,sector 92,0.8,6033,1326,Carpet area: 1326 (123.19 sq.m.),3,2,2,3,North-East,Relatively New,,,1326,0,0,0,0,0,0,15
flat,vatika emilia floors,sector 83,0.6,5714,1050,Super Built up area 1050(97.55 sq.m.)Built Up area: 990 sq.ft. (91.97 sq.m.)Carpet area: 950 sq.ft. (88.26 sq.m.),2,2,2,1,South,Relatively New,1050,990,950,0,0,0,0,0,1,167
flat,orris aster court,sector 85,0.93,5671,1640,Built Up area: 1587 (147.44 sq.m.)Carpet area: 1250 sq.ft. (116.13 sq.m.),3,3,3,8,,Relatively New,,1587,1250,0,0,0,0,0,0,0
house,eldeco mansionz,sector 48,6.4,23704,2700,Plot area 365(305.19 sq.m.)Built Up area: 366 sq.yards (306.02 sq.m.),4,4,3,3,West,Moderately Old,,366,,0,1,1,0,0,1,151
flat,emaar gurgaon greens,sector 102,1.45,8787,1650,Super Built up area 1650(153.29 sq.m.),3,3,2,7,South-West,Relatively New,1650,,,0,1,0,0,0,1,169
flat,ss the leaf,sector 85,1.18,10727,1100,Super Built up area 1741(161.74 sq.m.)Built Up area: 1700 sq.ft. (157.94 sq.m.)Carpet area: 1100 sq.ft. (102.19 sq.m.),2,2,3,9,North-East,Relatively New,1741,1700,1100,1,0,0,0,0,1,150
house,rwa sector 46,sector 46,3.5,21605,1620,Plot area 180(150.5 sq.m.),4,4,2,2,South-East,Relatively New,,1620,,0,0,0,1,0,1,30
house,independent,sector 28,11,33951,3240,Plot area 360(301.01 sq.m.),13,13,3+,3,East,Relatively New,,3240,,1,1,0,1,0,2,122
house,vatika india next,sector 83,1.7,7870,2160,Plot area 240(200.67 sq.m.),3,3,3+,4,North-West,New Property,,2160,,0,1,0,1,0,0,0
flat,sidhartha ncr one phase,sector 95,0.55,4867,1130,Carpet area: 1130 (104.98 sq.m.),2,2,2,14,,New Property,,,1130,1,0,0,0,0,0,90
flat,shapoorji pallonji joyville gurugram,sector 102,0.96,10491,915,Super Built up area 915(85.01 sq.m.),2,2,2,10,East,Relatively New,915,,,0,0,0,0,0,0,132
flat,trisara our homes 3,sohna road,0.35,5564,629,Carpet area: 629 (58.44 sq.m.),2,2,1,2,North,New Property,,,629,0,0,0,0,0,0,74
flat,tulip ivory,sector 70,5,10416,4800,Carpet area: 4800 (445.93 sq.m.),6,7,3+,0,,Relatively New,,,4800,1,1,0,0,0,0,119
house,independent,sector 5,0.55,5000,1100,Built Up area: 1100 (102.19 sq.m.),2,1,0,1,,Undefined,,1100,,0,0,0,0,0,0,0
flat,eldeco accolade,sector 33,1.2,8043,1492,Built Up area: 1492 (138.61 sq.m.)Carpet area: 849 sq.ft. (78.87 sq.m.),2,2,2,0,,Undefined,,1492,849,0,0,0,0,0,0,56
flat,m3m skywalk,sector 74,2.2,10901,2018,Super Built up area 2018(187.48 sq.m.),3,3,3,12,,New Property,2018,,,1,0,0,0,0,1,15
flat,umang winter hills,sector 77,1.35,7780,1735,Super Built up area 1735(161.19 sq.m.)Carpet area: 1199 sq.ft. (111.39 sq.m.),3,3,3+,7,,New Property,1735,,1199,0,0,1,0,0,1,96
flat,godrej nature plus,sector 33,1.2,13369,898,Carpet area: 76.44,2,2,0,11,,Under Construction,,,76.44,0,0,0,0,0,0,56
flat,signature global park 4,sector 36,0.72,6660,1081,Super Built up area 1081(100.43 sq.m.),3,2,3,3,,Under Construction,1081,,,0,0,0,0,0,0,0
house,independent,sector 12,0.7,6034,1160,Plot area 1160(107.77 sq.m.),3,3,0,1,North-East,Relatively New,,1160,,0,0,0,0,0,0,23
flat,tulip violet,sector 69,1.43,8886,1609,Super Built up area 1608(149.39 sq.m.),3,3,2,1,North-West,Relatively New,1608,,,0,0,0,1,0,0,86
flat,hcbs sports ville,sohna road,0.22,4603,478,Built Up area: 477.85 (44.39 sq.m.)Carpet area: 321.6 sq.ft. (29.88 sq.m.),1,1,1,9,East,Relatively New,,477.809521,321.6,0,0,0,0,0,1,44
flat,m3m golfestate,sector 65,5.2,17455,2979,Super Built up area 2979(276.76 sq.m.),3,3,3,18,North,Relatively New,2979,,,1,1,0,0,0,1,76
flat,godrej oasis,sector 88a,1.3,7258,1791,Carpet area: 1791 (166.39 sq.m.),3,3,3+,4,North-West,Relatively New,,,1791,0,0,0,0,0,0,79
flat,tulip lemon,sector 69,0.62,12863,482,Carpet area: 482 (44.78 sq.m.),2,2,1,4,North-East,Relatively New,,,482,0,0,0,0,0,1,108
flat,ramsons kshitij,sector 95,0.33,3911,844,Super Built up area 767(71.26 sq.m.),2,2,1,14,South,New Property,767,,,0,0,0,0,1,1,79
flat,mittal surya vihar,sector 21,0.8,7079,1130,Carpet area: 1130 (104.98 sq.m.),2,2,2,6,,Old Property,,,1130,0,0,0,0,0,0,0
flat,dlf royalton tower,sector 43,6.5,22108,2940,Super Built up area 2940(273.13 sq.m.),4,5,2,8,West,Relatively New,2940,,,0,1,0,0,0,0,15
house,independent,sector 26,20,44444,4500,Plot area 500(418.06 sq.m.),5,7,3+,3,West,Relatively New,,4500,,0,1,0,1,0,2,97
flat,imperia the esfera,sector 37,0.86,5449,1578,Super Built up area 1578(146.6 sq.m.)Carpet area: 1310 sq.ft. (121.7 sq.m.),2,3,3,9,South-East,Relatively New,1578,,1310,1,0,0,0,1,0,49
flat,brisk lumbini terrace homes,sector 109,1.5,6616,2267,Carpet area: 2267 (210.61 sq.m.),3,3,1,4,North,New Property,,,2267,0,1,0,0,0,0,37
flat,ansals highland park,dwarka expressway,1.2,6185,1940,Built Up area: 1940 (180.23 sq.m.),3,3,3+,4,,Under Construction,,1940,,0,1,0,0,0,0,0
flat,breez global heights,sohna road,0.46,6478,710,Carpet area: 710 (65.96 sq.m.),2,2,2,6,East,Relatively New,,,710,0,0,0,0,0,2,49
house,independent,sector 2,6,20000,3000,Built Up area: 333 (278.43 sq.m.),4,4,1,2,,Relatively New,,333,,0,0,0,0,0,0,0
flat,m3m golfestate,sector 65,5.4,18126,2979,Super Built up area 2979(276.76 sq.m.),3,4,3,19,North-East,Moderately Old,2979,,,1,1,0,0,0,1,174
flat,rof ananda,sector 95,0.26,6032,431,Super Built up area 431(40.04 sq.m.)Carpet area: 380.44 sq.ft. (35.34 sq.m.),1,1,1,8,North,New Property,431,,380.44,0,0,0,0,0,0,49
flat,sapphire eighty three,sector 83,0.65,9286,700,Built Up area: 700 (65.03 sq.m.),1,1,0,6,,Undefined,,700,,0,0,0,0,0,0,0
flat,emaar the palm drive,sector 66,3.9,18636,2093,Built Up area: 2200 (204.39 sq.m.),3,4,3,2,,Relatively New,,2200,,0,0,0,0,0,0,0
house,independent,sector 7,3.1,13778,2250,Plot area 250(209.03 sq.m.),3,3,2,2,North-West,Old Property,,2250,,0,0,0,0,0,0,22
house,independent,sohna road,1.55,14720,1053,Plot area 117(97.83 sq.m.),2,3,2,1,North,New Property,,1053,,1,0,0,1,0,1,49
house,sobha city,sector 108,10.5,14323,7331,Built Up area: 7331 (681.07 sq.m.),5,4,3+,1,East,Undefined,,7331,,0,0,0,0,0,0,59
flat,godrej aria,sector 79,1,6653,1503,Super Built up area 1503(139.63 sq.m.)Built Up area: 1300 sq.ft. (120.77 sq.m.)Carpet area: 1200 sq.ft. (111.48 sq.m.),2,2,2,4,North-West,Relatively New,1503,1300,1200,1,0,0,0,0,0,49
flat,vatika independent floors,sector 82,1.16,6987,1660,Carpet area: 1660 (154.22 sq.m.),3,3,3+,1,South-East,Relatively New,,,1660,0,1,1,1,0,1,151
flat,tata primanti,sector 72,5,11111,4500,Built Up area: 4500 (418.06 sq.m.)Carpet area: 3500 sq.ft. (325.16 sq.m.),4,4,3+,2,North-East,Moderately Old,,4500,3500,1,1,0,1,1,1,174
house,independent,sector 38,4,21786,1836,Plot area 204(170.57 sq.m.),6,6,3+,4,North-East,Old Property,,1836,,1,1,0,1,1,1,137
flat,m3m sierra 68,sector 68,1.2,9000,1333,Super Built up area 1250(116.13 sq.m.)Carpet area: 750 sq.ft. (69.68 sq.m.),2,2,3,1,North,Relatively New,1250,,750,0,0,0,0,0,2,76
flat,dlf the skycourt,sector 86,1.58,8190,1929,Super Built up area 1929(179.21 sq.m.)Built Up area: 1750 sq.ft. (162.58 sq.m.)Carpet area: 1450 sq.ft. (134.71 sq.m.),3,3,1,16,North,Relatively New,1929,1750,1450,0,0,0,1,0,1,152
flat,greenopolis,sector 89,0.8,4820,1660,Super Built up area 1660(154.22 sq.m.),2,3,3,8,,Under Construction,1660,,,1,0,0,0,1,0,60
flat,signature global park,sohna road,0.85,7863,1081,Super Built up area 1081(100.43 sq.m.)Built Up area: 1080 sq.ft. (100.34 sq.m.)Carpet area: 670 sq.ft. (62.25 sq.m.),3,2,2,4,East,New Property,1081,1080,670,0,0,0,0,0,0,23
flat,tulip violet,sector 69,1.4,8920,1570,Super Built up area 1568(145.67 sq.m.),3,3,1,12,East,Relatively New,1568,,,0,0,0,1,0,0,86
house,independent,sector 2,1.15,19360,594,Plot area 66(55.18 sq.m.),3,3,2,2,South-East,Old Property,,594,,0,0,0,0,0,1,32
flat,guru gram haryana cghs,sector 56,1.39,7227,1923,Super Built up area 1920(178.37 sq.m.),3,3,3,4,North,Moderately Old,1920,,,1,0,0,0,0,1,134
flat,pioneer araya,sector 62,9.2,19943,4613,Super Built up area 4613(428.56 sq.m.)Carpet area: 3203 sq.ft. (297.57 sq.m.),4,6,3,5,South,Relatively New,4613,,3203,0,1,0,1,0,1,156
flat,godrej frontier,sector 80,1.4,6189,2262,Super Built up area 2262(210.15 sq.m.)Built Up area: 1854 sq.ft. (172.24 sq.m.)Carpet area: 1576 sq.ft. (146.42 sq.m.),3,4,2,10,North-West,Moderately Old,2262,1854,1576,0,0,1,1,0,0,111
flat,conscient habitat,sector 99,0.35,6422,545,Carpet area: 545 (50.63 sq.m.),2,2,1,3,North-East,Relatively New,,,545,0,0,0,0,0,0,62
flat,bptp astaire gardens,sector 70a,0.97,6587,1473,Super Built up area 1480(137.5 sq.m.),3,3,3+,1,West,Relatively New,1480,,,0,0,0,0,1,0,149
flat,emaar mgf palm hills,sector 77,1.5,12744,1177,Super Built up area 1450(134.71 sq.m.)Carpet area: 1177 sq.ft. (109.35 sq.m.),3,3,3,4,North-East,Relatively New,1450,,1177,0,0,0,0,0,1,97
flat,signature global city 81,sector 81,0.8,14652,546,Carpet area: 546 (50.73 sq.m.),2,2,2,4,North,Under Construction,,,546,1,0,0,0,0,0,36
flat,raheja teachers apartments,sector 31,1.2,7272,1650,Super Built up area 1650(153.29 sq.m.)Built Up area: 1450 sq.ft. (134.71 sq.m.)Carpet area: 1150 sq.ft. (106.84 sq.m.),3,2,2,1,East,Moderately Old,1650,1450,1150,0,0,0,0,1,2,105
house,independent,sector 23,5.5,21825,2520,Plot area 280(234.12 sq.m.),8,8,2,3,East,Moderately Old,,2520,,1,1,0,1,0,1,76
house,independent,sector 4,0.55,4074,1350,Plot area 1350(125.42 sq.m.),3,3,2,2,South,Relatively New,,1350,,0,0,0,0,1,0,7
house,palam vihar extension west zone rwa,sector 2,0.65,5777,1125,Plot area 1125(104.52 sq.m.),2,2,1,1,North,Moderately Old,,1125,,0,0,1,0,0,0,23
flat,project krishna colony,sector 7,0.36,5142,700,Built Up area: 700 (65.03 sq.m.),2,2,1,0,,Relatively New,,700,,0,0,0,0,0,0,0
flat,emaar mgf palm terraces select,sector 66,3.4,14107,2410,Super Built up area 2410(223.9 sq.m.)Built Up area: 2210 sq.ft. (205.32 sq.m.)Carpet area: 2040 sq.ft. (189.52 sq.m.),4,4,3+,2,North-East,Relatively New,2410,2210,2040,0,1,0,0,0,1,157
house,independent,sohna road,5.5,5093,10799,Plot area 1200(1003.35 sq.m.)Built Up area: 3500 sq.yards (2926.45 sq.m.),3,3,3+,2,West,Moderately Old,,3500,,1,1,0,1,1,0,49
flat,tulip violet,sector 69,1.92,15360,1250,Carpet area: 1250 (116.13 sq.m.),4,4,2,0,South,Relatively New,,,1250,0,0,0,0,0,0,174
flat,today callidora,sector 73,1,7692,1300,Carpet area: 1300 (120.77 sq.m.),2,2,2,13,,New Property,,,1300,0,0,0,0,0,0,0
flat,m3m sierra 68,sector 68,1.05,8536,1230,Super Built up area 1230(114.27 sq.m.)Built Up area: 1200 sq.ft. (111.48 sq.m.)Carpet area: 1000 sq.ft. (92.9 sq.m.),2,2,2,11,North-East,New Property,1230,1200,1000,0,0,0,0,0,1,127
house,independent,sector 17,0.32,22068,145,Built Up area: 145 (13.47 sq.m.),2,2,0,3,,Undefined,,145,,0,0,0,0,0,0,0
house,sushant lok 1 builder floors,sector 43,1.65,30556,540,Plot area 60(50.17 sq.m.)Built Up area: 540 sq.yards (451.51 sq.m.)Carpet area: 500 sq.yards (418.06 sq.m.),4,4,3+,4,West,Moderately Old,,540,500,0,0,0,0,1,2,49
house,shivpuri,sector 7,2.8,12444,2250,Plot area 2250(209.03 sq.m.),10,7,3,1,,Old Property,,2250,,1,1,0,1,1,1,0
flat,pareena coban residences,sector 99,1.4,7010,1997,Super Built up area 1997(185.53 sq.m.),3,5,3+,6,,New Property,1997,,,0,0,0,0,0,0,15
flat,unitech heritage city,sector 14,4.26,13108,3250,Built Up area: 3250 (301.93 sq.m.),4,4,0,9,,Undefined,,3250,,0,0,0,0,0,0,0
flat,housing board colony,sector 51,0.3,7317,410,Super Built up area 510(47.38 sq.m.)Carpet area: 410 sq.ft. (38.09 sq.m.),1,1,2,0,South,Old Property,510,,410,0,0,0,0,0,0,0
flat,m3m skycity,sector 65,1.8,13700,1314,Carpet area: 1310 (121.7 sq.m.),2,2,3,13,,New Property,,,1310,0,0,0,0,0,0,73
flat,ardee city,sector 52,1.55,7381,2100,Built Up area: 2100 (195.1 sq.m.)Carpet area: 1600 sq.ft. (148.64 sq.m.),4,4,3,1,,Moderately Old,,2100,1600,0,0,0,0,0,0,0
flat,signature global city 81,sector 81,0.89,8279,1075,Carpet area: 1075 (99.87 sq.m.),2,2,2,3,North,Under Construction,,,1075,0,0,0,0,1,0,20
flat,ireo the corridors,sector 67a,1.5,11111,1350,Carpet area: 1350 (125.42 sq.m.),2,2,2,10,,Relatively New,,,1350,0,0,1,0,0,1,38
flat,raheja vedaanta,sector 108,1.5,5263,2850,Built Up area: 2850 (264.77 sq.m.),3,4,0,12,,Undefined,,2850,,0,0,0,0,0,0,0
flat,zara aavaas,sector 104,0.22,7302,301,Carpet area: 301.28 (27.99 sq.m.),1,2,2,2,,New Property,,,301.281561,0,0,0,0,0,0,60
flat,godrej nature plus,sector 33,1.5,9677,1550,Super Built up area 1550(144 sq.m.),3,3,3,6,East,Under Construction,1550,,,1,0,0,0,0,0,72
flat,hcbs sports ville,sohna road,0.28,3768,743,Built Up area: 743 (69.03 sq.m.)Carpet area: 643 sq.ft. (59.74 sq.m.),2,2,1,11,East,Relatively New,,743,643,0,0,0,0,0,0,38
flat,shri banke bihari society,sector 56,1.35,6750,2000,Super Built up area 2000(185.81 sq.m.)Built Up area: 1800 sq.ft. (167.23 sq.m.)Carpet area: 1600 sq.ft. (148.64 sq.m.),3,3,3,5,East,Old Property,2000,1800,1600,0,0,0,0,1,1,82
flat,pareena coban residences,sector 99,1.05,6774,1550,Super Built up area 1550(144 sq.m.)Built Up area: 1390 sq.ft. (129.14 sq.m.)Carpet area: 1240 sq.ft. (115.2 sq.m.),2,2,3,2,East,Relatively New,1550,1390,1240,1,0,0,0,0,0,49
flat,tulip violet,sector 69,3.05,9664,3156,Super Built up area 3156(293.2 sq.m.),4,5,3+,14,South-West,Relatively New,3156,,,0,1,0,0,1,0,49
flat,ireo skyon,sector 60,3.75,13392,2800,Super Built up area 2800(260.13 sq.m.)Built Up area: 2650 sq.ft. (246.19 sq.m.)Carpet area: 2350 sq.ft. (218.32 sq.m.),4,4,3,12,North,Relatively New,2800,2650,2350,0,1,0,0,0,1,49
flat,palam vihar society,sector 2,3.35,7444,4500,Carpet area: 4500 (418.06 sq.m.),4,4,3+,2,,New Property,,,4500,1,0,0,0,0,0,66
flat,emaar digihomes,sector 62,4.25,26562,1600,Carpet area: 1600 (148.64 sq.m.),3,3,3,8,,Under Construction,,,1600,1,0,0,0,0,0,16
flat,maxworth city residences,sector 10,0.8,6400,1250,Carpet area: 1250 (116.13 sq.m.),2,3,2,9,,New Property,,,1250,0,0,0,0,0,0,46
flat,sare crescent parc royal greens phase 1,sector 92,0.75,4325,1734,Built Up area: 1734 (161.09 sq.m.),4,4,3+,3,East,Relatively New,,1734,,0,0,0,0,0,0,93
flat,tulip lemon,sector 69,0.6,11407,526,Carpet area: 526 (48.87 sq.m.),2,1,1,11,,Undefined,,,526,0,0,0,0,0,0,0
flat,unitech fresco,sector 50,1.82,9912,1836,Super Built up area 1836(170.57 sq.m.)Built Up area: 1830 sq.ft. (170.01 sq.m.)Carpet area: 1500 sq.ft. (139.35 sq.m.),3,3,3+,14,East,Moderately Old,1836,1830,1500,0,0,0,0,1,1,174
flat,shapoorji pallonji joyville gurugram,sector 102,1.95,13928,1400,Super Built up area 1852(172.06 sq.m.)Carpet area: 1400 sq.ft. (130.06 sq.m.),3,3,3,6,North-East,New Property,1852,,1400,0,0,0,1,0,1,174
house,independent,sector 105,1.15,3285,3501,Carpet area: 3500 (325.16 sq.m.),3,2,1,1,,Undefined,,,3500,0,0,0,0,0,0,0
flat,vatika city homes,sector 83,0.8,6060,1320,Super Built up area 1320(122.63 sq.m.),2,2,2,8,East,Moderately Old,1320,,,0,0,1,0,0,0,22
house,dlf city plots phase 4,sector 28,9.54,29444,3240,Plot area 360(301.01 sq.m.),6,5,3+,3,North,New Property,,3240,,1,1,1,1,0,0,153
flat,kiran residency,sector 56,1.5,6648,2256,Built Up area: 2250 (209.03 sq.m.),3,5,3+,4,South-East,Moderately Old,,2250,,1,0,0,1,0,1,134
flat,ss the leaf,sector 85,1.58,7714,2048,Super Built up area 2408(223.71 sq.m.)Carpet area: 2048 sq.ft. (190.27 sq.m.),3,4,3,8,East,Relatively New,2408,,2048,0,1,0,0,0,0,159
flat,orris aster court premier,sector 85,1.25,5896,2120,Super Built up area 2120(196.95 sq.m.)Built Up area: 1616 sq.ft. (150.13 sq.m.),3,4,2,6,East,Relatively New,2120,1616,,0,1,0,0,0,1,49
flat,signature global city 92,sector 92,0.78,11142,700,Super Built up area 1010(93.83 sq.m.)Carpet area: 700 sq.ft. (65.03 sq.m.),2,2,3,2,,Under Construction,1010,,700,0,0,0,0,1,0,24
flat,sare crescent parc,sector 92,0.65,4596,1414,Carpet area: 1414 (131.36 sq.m.),3,3,3,3,,Moderately Old,,,1414,0,0,0,0,0,0,44
flat,experion windchants,sector 112,5.31,11204,4739,Super Built up area 4739(440.27 sq.m.)Built Up area: 3573.33 sq.ft. (331.97 sq.m.)Carpet area: 3400 sq.ft. (315.87 sq.m.),4,6,3+,15,South,Relatively New,4739,3573.33,3400,0,1,0,1,0,0,72
flat,tata primanti,sector 72,4.1,14100,2908,Super Built up area 2905(269.88 sq.m.),4,5,3+,39,,New Property,2905,,,0,1,0,0,1,0,103
flat,shapoorji pallonji joyville gurugram,sector 102,1.26,10370,1215,Super Built up area 1215(112.88 sq.m.),2,2,3,7,East,Relatively New,1215,,,0,0,0,0,0,1,49
flat,paras quartier,gwal pahari,5.9,11028,5350,Built Up area: 5350 (497.03 sq.m.),4,4,3+,0,,Moderately Old,,5350,,0,0,0,0,0,0,63
flat,ansal sushant lok ci,sector 43,2,15151,1320,Carpet area: 1320 (122.63 sq.m.),3,3,2,1,North,Old Property,,,1320,0,1,0,0,0,2,15
flat,dlf the skycourt,sector 86,1.6,8294,1929,Super Built up area 1929(179.21 sq.m.)Built Up area: 1548 sq.ft. (143.81 sq.m.)Carpet area: 1300 sq.ft. (120.77 sq.m.),3,3,3+,9,North-East,Relatively New,1929,1548,1300,0,0,0,0,1,1,167
house,independent,sector 49,4.5,15625,2880,Plot area 320(267.56 sq.m.),8,8,3,3,North-East,Moderately Old,,2880,,1,1,1,1,0,2,151
flat,hcbs sports ville,sohna road,0.24,7407,324,Carpet area: 324 (30.1 sq.m.),1,1,2,1,North,New Property,,,324,0,0,0,0,0,0,68
flat,imperia aashiyara,sector 37,0.4,5882,680,Carpet area: 680 (63.17 sq.m.),2,2,3,3,,Under Construction,,,680,0,0,0,0,0,0,126
house,independent,sector 36,0.66,7168,921,Built Up area: 823 (76.46 sq.m.),2,2,3,4,,New Property,,823,,0,0,0,0,0,0,0
flat,conscient elevate,sector 59,3.9,16993,2295,Built Up area: 2295 (213.21 sq.m.),3,1,0,0,,Undefined,,2295,,0,0,0,0,0,0,0
flat,aipl club residences,sector 70a,0.85,9139,930,Super Built up area 930(86.4 sq.m.),2,2,2,5,South-East,Relatively New,930,,,0,0,0,0,0,1,45
flat,pivotal devaan,sector 84,0.35,7276,481,Super Built up area 583(54.16 sq.m.)Carpet area: 481 sq.ft. (44.69 sq.m.),2,2,1,10,West,Relatively New,583,,481,0,0,1,0,0,0,103
flat,the lions cghs,sector 56,1.99,11055,1800,Super Built up area 2400(222.97 sq.m.)Built Up area: 2000 sq.ft. (185.81 sq.m.)Carpet area: 1800 sq.ft. (167.23 sq.m.),4,4,3+,4,East,Old Property,2400,2000,1800,0,0,0,1,1,1,105
flat,supertech araville,sector 79,0.71,6061,1171,Super Built up area 1295(120.31 sq.m.)Carpet area: 1250 sq.ft. (116.13 sq.m.),2,2,3+,17,North,New Property,1295,,1250,0,0,0,0,1,0,53
flat,godrej summit,sector 104,0.85,5878,1446,Super Built up area 1446(134.34 sq.m.)Built Up area: 1269 sq.ft. (117.89 sq.m.)Carpet area: 777 sq.ft. (72.19 sq.m.),2,2,3+,10,East,Relatively New,1446,1269,777,1,0,0,0,0,0,79
house,independent,sector 7,6.5,15046,4320,Plot area 480(401.34 sq.m.),3,2,3+,,,Old Property,,4320,,0,0,0,0,0,0,9
flat,aipl joy square,sector 63a,0.7,10101,693,Built Up area: 693 (64.38 sq.m.)Carpet area: 350 sq.ft. (32.52 sq.m.),1,1,0,7,,Undefined,,693,350,0,0,0,0,0,0,0
house,ss hibiscus,sector 50,12.25,20940,5850,Plot area 5850(543.48 sq.m.),5,7,3+,1,South-East,Relatively New,,5850,,1,1,0,1,1,1,160
flat,m3m sky lofts,sector 71,1,11500,870,Built Up area: 869 (80.73 sq.m.)Carpet area: 435 sq.ft. (40.41 sq.m.),1,1,1,9,,Undefined,,869,435,0,0,0,0,0,0,77
flat,m3m urbana,sector 67,0.95,10895,872,Built Up area: 826 (76.74 sq.m.),1,1,1,17,South-West,Relatively New,,826,,0,0,0,0,0,0,49
house,independent,sector 15,1.07,11888,900,Plot area 900(83.61 sq.m.),2,2,1,1,,Old Property,,900,,0,1,0,0,0,0,7
flat,pyramid urban homes 2,sector 86,0.5,9615,520,Carpet area: 520 (48.31 sq.m.),2,2,1,10,,Relatively New,,,520,0,0,0,0,0,0,15
flat,eldeco accolade,sohna road,1.35,6136,2200,Carpet area: 2200 (204.39 sq.m.),3,3,3,2,,New Property,,,2200,0,1,0,0,0,0,72
flat,dlf the crest,sector 54,11,35483,3100,Carpet area: 3100 (288 sq.m.),4,5,3+,7,North-East,Relatively New,,,3100,1,1,0,1,0,0,49
flat,adani brahma samsara vilasa,sector 63,3,16666,1800,Carpet area: 1800 (167.23 sq.m.),3,3,3,3,East,New Property,,,1800,0,0,0,0,0,0,24
flat,shree vardhman victoria,sector 70,1.55,7948,1950,Super Built up area 1950(181.16 sq.m.)Carpet area: 1161 sq.ft. (107.86 sq.m.),3,5,3,8,South,Relatively New,1950,,1161,0,1,0,0,0,0,174
flat,ats triumph,sector 104,1.75,7641,2290,Super Built up area 2290(212.75 sq.m.),3,4,3+,11,South-East,Relatively New,2290,,,0,1,0,0,0,0,110
house,independent,sector 10,4.25,17955,2367,Built Up area: 2367 (219.9 sq.m.)Carpet area: 1800 sq.ft. (167.23 sq.m.),4,3,2,1,North-East,Undefined,,2367,1800,0,0,0,0,0,0,0
house,unitech greenwood city,sector 45,,,,Plot area 240(200.67 sq.m.),9,9,3+,3,South-East,Relatively New,,240,,1,1,0,0,0,2,110
flat,pooja apartment,sector 5,0.25,3571,700,Carpet area: 700 (65.03 sq.m.),2,2,2,2,East,Relatively New,,,700,0,0,0,0,0,0,0
flat,godrej aria,sector 79,1.95,8519,2289,Super Built up area 2289(212.66 sq.m.)Carpet area: 1121 sq.ft. (104.14 sq.m.),3,4,3+,10,,New Property,2289,,1121,0,1,0,0,0,0,32
flat,parsvnath green ville,sector 48,3.3,9984,3305,Super Built up area 3905(362.79 sq.m.)Built Up area: 3305 sq.ft. (307.04 sq.m.),5,5,3+,4,,Old Property,3905,3305,,0,1,0,0,0,0,71
flat,mittal cosmos executive apartments,sector 2,0.75,6550,1145,Super Built up area 1145(106.37 sq.m.)Built Up area: 1100 sq.ft. (102.19 sq.m.),2,2,2,15,,Old Property,1145,1100,,0,0,0,0,0,1,42
house,independent,sector 26,18.4,1859,98978,Plot area 502(419.74 sq.m.)Carpet area: 11000 sq.yards (9197.4 sq.m.),6,8,3+,4,South,Relatively New,,,11000,0,1,1,1,0,1,60
flat,ramprastha the edge towers,sector 37d,1.1,5528,1990,Built Up area: 1990 (184.88 sq.m.),3,3,3,9,,Undefined,,1990,,0,0,0,0,0,0,63
flat,shree vardhman victoria,sector 70,1.6,8205,1950,Super Built up area 1950(181.16 sq.m.)Carpet area: 1161 sq.ft. (107.86 sq.m.),3,5,3,6,North,Relatively New,1950,,1161,0,1,0,0,0,0,108
house,arjun marg/ sector- 26 phase- 1/ golf course road,sector 26,31.5,35000,9000,Plot area 1000(836.13 sq.m.),7,9,3+,3,North-East,Moderately Old,,9000,,1,1,1,1,0,2,74
flat,m3m woodshire,sector 107,0.9,5867,1534,Super Built up area 1534(142.51 sq.m.)Carpet area: 1056 sq.ft. (98.11 sq.m.),2,2,3,8,South,Relatively New,1534,,1056,1,0,0,0,0,1,74
flat,bptp terra,sector 37d,1.78,8124,2191,Super Built up area 2191(203.55 sq.m.),4,3,3,10,East,Relatively New,2191,,,0,1,0,0,0,0,127
flat,shapoorji pallonji joyville gurugram,sector 102,1.8,10638,1692,Super Built up area 1692(157.19 sq.m.),3,3,3,1,East,Relatively New,1692,,,0,0,0,0,0,0,141
flat,capital residences 360,sector 70a,1.69,8552,1976,Super Built up area 1976(183.58 sq.m.)Built Up area: 1900 sq.ft. (176.52 sq.m.)Carpet area: 1650 sq.ft. (153.29 sq.m.),3,3,3+,8,North-East,New Property,1976,1900,1650,0,1,0,0,0,0,165
flat,m3m merlin,sector 67,3.39,14376,2358,Super Built up area 2358(219.07 sq.m.)Built Up area: 2100 sq.ft. (195.1 sq.m.)Carpet area: 2000 sq.ft. (185.81 sq.m.),3,4,3,14,East,Relatively New,2358,2100,2000,0,1,0,0,0,1,26
flat,adani aangan galleria,sector 89,0.42,4941,850,Super Built up area 850(78.97 sq.m.),2,2,2,3,,Relatively New,850,,,0,0,0,0,0,0,0
flat,conscient heritage max,sector 102,1.78,9218,1931,Super Built up area 1931(179.4 sq.m.),3,4,3+,5,East,Moderately Old,1931,,,0,1,0,0,0,0,125
flat,mvn athens,sohna road,0.25,4258,587,Built Up area: 587 (54.53 sq.m.),2,2,1,0,,Relatively New,,587,,0,0,0,0,0,0,38
flat,paras dews,sector 106,1.25,7102,1760,Super Built up area 1760(163.51 sq.m.)Built Up area: 1186 sq.ft. (110.18 sq.m.)Carpet area: 1130 sq.ft. (104.98 sq.m.),3,4,3+,5,North-East,Relatively New,1760,1186,1130,0,1,0,0,0,0,165
flat,sbtl caladium,sector 109,1.26,6542,1926,Super Built up area 1880(174.66 sq.m.),3,2,3,8,North-East,Relatively New,1880,,,0,0,0,0,0,0,103
flat,new sathi apartments,sector 54,1.59,7066,2250,Built Up area: 2250 (209.03 sq.m.),3,3,3+,3,North,Moderately Old,,2250,,1,0,0,0,0,1,127
flat,emaar palm gardens,sector 83,1.8,9473,1900,Super Built up area 1900(176.52 sq.m.)Carpet area: 1244.33 sq.ft. (115.6 sq.m.),3,4,3,4,West,Relatively New,1900,,1244.33,1,1,1,1,0,1,174
house,independent,sector 14,6.46,18889,3420,Plot area 380(317.73 sq.m.)Built Up area: 380 sq.yards (317.73 sq.m.)Carpet area: 300 sq.yards (250.84 sq.m.),5,5,2,3,East,Moderately Old,,380,300,1,1,0,1,0,1,27
flat,godrej aria,sector 79,1.3,8843,1470,Super Built up area 1470(136.57 sq.m.),2,2,2,7,,Relatively New,1470,,,1,0,0,0,0,1,116
flat,ss almeria,sector 84,1.5,7500,2000,Super Built up area 2000(185.81 sq.m.)Carpet area: 1700 sq.ft. (157.94 sq.m.),3,3,3,2,,New Property,2000,,1700,0,1,0,0,0,0,108
house,independent,sector 105,1.2,13333,900,Plot area 900(83.61 sq.m.),7,4,1,2,South-West,Moderately Old,,900,,0,0,0,0,1,0,14
flat,birla navya,sector 63a,2.2,17488,1258,Super Built up area 1258(116.87 sq.m.)Carpet area: 770 sq.ft. (71.54 sq.m.),2,3,3+,4,,Under Construction,1258,,770,0,0,0,0,0,0,60
flat,pyramid urban,sector 67a,0.6,8571,700,Super Built up area 700(65.03 sq.m.),2,2,2,14,,New Property,700,,,0,0,0,0,0,0,15
flat,ireo the grand arch,sector 58,3.8,17560,2164,Super Built up area 2164(201.04 sq.m.)Built Up area: 1700 sq.ft. (157.94 sq.m.)Carpet area: 1600 sq.ft. (148.64 sq.m.),3,4,1,19,West,Moderately Old,2164,1700,1600,0,1,0,0,0,1,167
flat,unitech vistas,sector 70,0.99,6325,1565,Super Built up area 1565(145.39 sq.m.),3,4,2,11,,Under Construction,1565,,,0,0,0,0,0,0,0
flat,mapsko mount ville,sector 79,1.3,8024,1620,Super Built up area 1620(150.5 sq.m.)Carpet area: 867.24 sq.ft. (80.57 sq.m.),3,3,2,6,West,Relatively New,1620,,867.24,1,0,0,1,0,0,151
flat,orchid island,sector 51,0.71,7891,900,Carpet area: 906 (84.17 sq.m.),2,2,1,4,,Relatively New,,,906,0,0,0,0,0,0,23
flat,ramprastha the edge towers,sector 37d,1,5649,1770,Super Built up area 1770(164.44 sq.m.),3,3,3+,13,,Moderately Old,1770,,,0,0,0,0,0,0,38
flat,smart world orchard,sector 61,1.6,13913,1150,Carpet area: 1150 (106.84 sq.m.),2,2,2,4,North-East,New Property,,,1150,1,0,0,0,1,0,29
flat,godrej oasis,sector 88a,1.29,7800,1654,Super Built up area 1629(151.34 sq.m.)Carpet area: 1628 sq.ft. (151.25 sq.m.),3,3,3,5,,New Property,1629,,1628,1,0,0,0,1,0,65
flat,supertech hues,sector 68,1,8474,1180,Carpet area: 1180 (109.63 sq.m.),2,2,2,12,,New Property,,,1180,0,0,0,0,0,0,54
house,independent,sector 8,0.82,10224,802,Carpet area: 802 (74.51 sq.m.),4,4,0,2,,Undefined,,,802,0,0,0,0,0,0,0
flat,puri emerald bay,sector 104,2.45,10000,2450,Super Built up area 2450(227.61 sq.m.)Carpet area: 1840 sq.ft. (170.94 sq.m.),3,4,3+,14,South,Relatively New,2450,,1840,0,1,0,0,0,1,56
flat,emaar palm gardens,sector 83,1.76,9263,1900,Super Built up area 1900(176.52 sq.m.)Built Up area: 1500 sq.ft. (139.35 sq.m.)Carpet area: 1240 sq.ft. (115.2 sq.m.),3,3,3,6,North-West,Relatively New,1900,1500,1240,0,1,0,0,0,1,165
flat,m3m skywalk,sector 74,1.6,11379,1406,Super Built up area 1406(130.62 sq.m.),2,2,2,28,,New Property,1406,,,0,0,0,0,0,0,15
house,independent,sohna road,0.95,8920,1065,Plot area 1065(98.94 sq.m.),10,10,3+,3,,New Property,,1065,,0,0,0,0,0,0,0
flat,raheja atharva,sector 109,0.79,7931,996,Super Built up area 1457(135.36 sq.m.)Carpet area: 996 sq.ft. (92.53 sq.m.),3,2,2,3,,Relatively New,1457,,996,0,0,0,0,0,1,44
flat,ansal heights 86,sector 86,1.3,4666,2786,Super Built up area 2786(258.83 sq.m.),4,6,2,11,East,New Property,2786,,,0,1,0,0,1,0,86
flat,m3m skywalk,sector 74,2.25,12500,1800,Super Built up area 2000(185.81 sq.m.)Built Up area: 1900 sq.ft. (176.52 sq.m.)Carpet area: 1800 sq.ft. (167.23 sq.m.),3,3,3,5,North-East,Relatively New,2000,1900,1800,1,0,0,0,0,0,174
flat,signature global park,sohna road,0.65,7299,891,Built Up area: 822 (76.37 sq.m.)Carpet area: 520 sq.ft. (48.31 sq.m.),2,2,3,1,,New Property,,822,520,0,0,0,0,0,0,58
flat,vipul lavanya,sector 81,0.75,5966,1257,Carpet area: 1257 (116.78 sq.m.),2,2,2,7,,Moderately Old,,,1257,0,0,0,0,0,0,37
flat,tulip violet,sector 69,3.1,9822,3156,Super Built up area 3156(293.2 sq.m.)Carpet area: 2500 sq.ft. (232.26 sq.m.),4,6,3+,14,North,Relatively New,3156,,2500,0,1,0,1,0,0,174
flat,tata primanti,sector 72,4.1,13725,2987,Super Built up area 2550(236.9 sq.m.),3,3,3,8,,Moderately Old,2550,,,0,1,0,0,0,0,38
flat,emaar imperial gardens,sector 102,1.98,9900,2000,Carpet area: 2000 (185.81 sq.m.),3,3,3+,9,North,Relatively New,,,2000,0,1,0,0,0,1,72
flat,m3m heights,sector 65,2.44,13300,1835,Super Built up area 1828(169.83 sq.m.),3,3,2,7,,Under Construction,1828,,,0,0,0,0,0,0,31
flat,allure homes,sector 12,0.72,7272,990,Carpet area: 990 (91.97 sq.m.),2,2,1,2,,Relatively New,,,990,0,0,0,0,1,1,16
flat,emaar mgf the palm drive,sector 66,2.99,14950,2000,Super Built up area 2000(185.81 sq.m.)Built Up area: 1800 sq.ft. (167.23 sq.m.)Carpet area: 1500 sq.ft. (139.35 sq.m.),3,3,3,7,East,Relatively New,2000,1800,1500,0,1,0,0,0,1,49
flat,bptp terra,sector 37d,1.49,8105,1838,Super Built up area 1832(170.2 sq.m.)Carpet area: 1580 sq.ft. (146.79 sq.m.),3,3,3,20,North-West,Relatively New,1832,,1580,0,0,0,0,1,0,49
flat,tulip purple,sector 69,2.6,10833,2400,Super Built up area 2400(222.97 sq.m.),4,4,3+,4,,Moderately Old,2400,,,0,1,0,0,0,0,37
flat,emaar mgf emerald floors premier,sector 65,2,12121,1650,Carpet area: 1650 (153.29 sq.m.),3,3,3,1,North-West,Relatively New,,,1650,0,1,0,0,0,1,124
house,ardee city,sector 52,5.5,183333,300,Plot area 300(27.87 sq.m.),9,9,3+,3,South,Moderately Old,,300,,0,1,0,1,1,1,26
flat,millenia,sector 37,0.4,6666,600,Carpet area: 600 (55.74 sq.m.),2,2,2,4,East,New Property,,,600,0,0,0,0,0,0,29
flat,shree vardhman flora,sector 90,0.92,4717,1950,Carpet area: 1950 (181.16 sq.m.),3,3,2,6,North,Relatively New,,,1950,1,0,0,0,0,1,49
flat,suncity vatsal valley,gwal pahari,1.53,10699,1430,Carpet area: 1430 (132.85 sq.m.),3,3,3,2,North-East,New Property,,,1430,0,0,0,0,0,1,117
flat,paras dews,sector 106,0.88,6353,1385,Super Built up area 1385(128.67 sq.m.)Built Up area: 1120 sq.ft. (104.05 sq.m.)Carpet area: 1040 sq.ft. (96.62 sq.m.),2,2,3+,3,South-East,Relatively New,1385,1120,1040,0,0,0,0,0,0,49
flat,bptp amstoria,sector 102,1.9,8444,2250,Super Built up area 2727(253.35 sq.m.)Built Up area: 2500 sq.ft. (232.26 sq.m.)Carpet area: 2250 sq.ft. (209.03 sq.m.),3,3,3+,1,North-East,Relatively New,2727,2500,2250,0,1,0,0,0,0,174
house,independent,sector 46,5.65,23870,2367,Plot area 263(219.9 sq.m.),8,6,3+,3,South-West,Moderately Old,,2367,,0,1,0,0,0,1,67
house,dlf city plots,sector 26,20,44265,4518,Plot area 502(419.74 sq.m.),16,20,3+,4,North-East,New Property,,4518,,1,1,1,1,0,1,153
flat,signature global orchard avenue,sector 93,0.4,5479,730,Built Up area: 730 (67.82 sq.m.),2,2,0,0,,Undefined,,730,,0,0,0,0,0,0,0
house,independent,sector 24,5.25,38889,1350,Plot area 163(136.29 sq.m.)Built Up area: 160 sq.yards (133.78 sq.m.)Carpet area: 150 sq.yards (125.42 sq.m.),4,4,3+,2,East,Relatively New,,160,150,0,1,0,1,0,1,72
flat,ireo victory valley,sector 67,3.05,16266,1875,Super Built up area 2385(221.57 sq.m.)Built Up area: 2200 sq.ft. (204.39 sq.m.)Carpet area: 1875 sq.ft. (174.19 sq.m.),3,4,2,35,South-West,Relatively New,2385,2200,1875,1,1,0,0,0,1,165
flat,m3m skywalk,sector 74,1.6,9512,1682,Super Built up area 1682(156.26 sq.m.)Carpet area: 1345 sq.ft. (124.95 sq.m.),2,2,2,26,South,Relatively New,1682,,1345,0,0,0,0,0,1,158
house,independent,sector 54,3.51,12342,2844,Plot area 316(264.22 sq.m.),4,4,3,4,North,New Property,,2844,,0,1,0,0,0,0,73
house,independent,sector 10,3.6,19608,1836,Plot area 204(170.57 sq.m.),8,4,3,3,North,Moderately Old,,1836,,0,0,0,1,0,1,28
flat,godrej aria,sector 79,1.1,11482,958,Super Built up area 89,2,2,3,9,,New Property,89,,,0,0,0,0,0,0,62
flat,m3m woodshire,sector 107,1.02,6649,1534,Super Built up area 1534(142.51 sq.m.),2,2,3,6,North-East,Relatively New,1534,,,1,0,0,0,0,0,112
flat,bestech park view ananda,sector 81,0.95,6985,1360,Super Built up area 1360(126.35 sq.m.)Built Up area: 1260 sq.ft. (117.06 sq.m.)Carpet area: 894 sq.ft. (83.06 sq.m.),2,2,2,14,North-East,Relatively New,1360,1260,894,0,0,0,0,0,1,165
flat,signature global park,sohna road,0.55,6690,822,Carpet area: 822 (76.37 sq.m.),2,2,3,3,East,Undefined,,,822,0,0,0,0,0,0,58
flat,smart world gems,sector 89,1.25,8784,1423,Super Built up area 1423(132.2 sq.m.),3,3,3,2,North,Under Construction,1423,,,0,0,0,1,0,0,12
house,independent,sector 4,0.92,15257,603,Plot area 67(56.02 sq.m.),4,4,3,4,East,Moderately Old,,603,,0,0,0,0,1,0,0
flat,shree vardhman flora,sector 90,0.65,4814,1350,Super Built up area 1350(125.42 sq.m.),2,2,3,3,North,Relatively New,1350,,,1,0,0,0,0,0,106
flat,shree arihant apartment,sector 54,1.5,8108,1850,Super Built up area 1850(171.87 sq.m.)Built Up area: 1700 sq.ft. (157.94 sq.m.)Carpet area: 1550 sq.ft. (144 sq.m.),3,3,3+,4,West,Moderately Old,1850,1700,1550,0,0,0,1,0,1,75
flat,hcbs sports ville,sohna road,0.22,3142,700,Carpet area: 700 (65.03 sq.m.),1,1,1,1,,New Property,,,700,0,0,0,0,0,0,86
flat,godrej summit,sector 104,0.82,9854,832,Carpet area: 77.31,2,2,3,12,,Relatively New,,,77.31,1,0,0,0,0,0,120
flat,ats kocoon,sector 109,2.95,10350,2850,Built Up area: 3150 (292.64 sq.m.)Carpet area: 2850 sq.ft. (264.77 sq.m.),4,4,3+,7,South-East,Relatively New,,3150,2850,0,1,1,0,0,1,158
flat,ansal heights 86,sector 86,0.87,5367,1621,Super Built up area 1360(126.35 sq.m.),2,2,1,12,North-East,New Property,1360,,,0,0,0,0,1,1,45
flat,emaar mgf emerald floors premier,sector 65,2.3,13939,1650,Carpet area: 1650 (153.29 sq.m.),3,4,3,3,South-West,Relatively New,,,1650,1,1,1,1,0,2,174
flat,m3m heights,sector 65,2.33,18477,1261,Super Built up area 1261(117.15 sq.m.),2,2,3,35,North-East,Under Construction,1261,,,0,0,0,0,0,1,49
flat,ats tourmaline,sector 109,1.75,8139,2150,Super Built up area 2150(199.74 sq.m.),3,4,3+,9,North-East,Relatively New,2150,,,0,1,0,0,0,0,94
flat,emaar gurgaon greens,sector 102,1.39,8424,1650,Super Built up area 1650(153.29 sq.m.),3,3,3,7,West,Relatively New,1650,,,0,1,0,0,0,1,21
flat,valley view estate,gwal pahari,0.38,6089,624,Super Built up area 624(57.97 sq.m.),1,1,1,11,,Moderately Old,624,,,0,0,0,0,0,0,42
flat,signature global park,sohna road,0.78,6446,1210,Carpet area: 1210 (112.41 sq.m.),3,3,3,3,South-West,Relatively New,,,1210,0,0,0,1,0,0,150
flat,dhoot time residency,sector 63,2.2,12813,1717,Super Built up area 1717(159.51 sq.m.),3,4,3+,8,North-West,Moderately Old,1717,,,1,0,0,0,0,1,61
flat,godrej nature plus,sector 33,1.67,10500,1590,Carpet area: 1671 (155.24 sq.m.),3,2,2,18,,Under Construction,,,1671,0,0,0,0,0,0,67
house,independent,sector 28,12,42194,2844,Plot area 316(264.22 sq.m.),4,5,3+,4,East,Relatively New,,2844,,0,1,1,1,0,1,60
flat,avl 36 gurgaon,sector 36,0.45,9000,500,Super Built up area 500(46.45 sq.m.),1,1,1,9,,Relatively New,500,,,0,0,0,0,0,0,0
flat,the close north,sector 50,2.35,11358,2069,Super Built up area 2069(192.22 sq.m.)Built Up area: 1900 sq.ft. (176.52 sq.m.)Carpet area: 1800 sq.ft. (167.23 sq.m.),3,3,3,8,North-West,Moderately Old,2069,1900,1800,0,0,0,0,0,1,49
flat,parsvnath green ville,sector 48,2,7765,2576,Super Built up area 2125(197.42 sq.m.),3,3,0,15,,Relatively New,2125,,,0,1,0,0,0,0,74
flat,valley view estate,gwal pahari,1.5,8278,1812,Carpet area: 1812 (168.34 sq.m.),4,4,3+,9,North,Old Property,,,1812,1,1,0,0,1,0,135
flat,dlf belvedere towers,sector 25,3.7,17619,2100,Carpet area: 2100 (195.1 sq.m.),4,4,3,18,North-West,Old Property,,,2100,0,1,0,0,0,1,26
flat,la vida by tata housing,sector 113,1.9,18500,1027,Super Built up area 1579(146.69 sq.m.)Carpet area: 1027 sq.ft. (95.41 sq.m.),3,2,2,10,North-East,Relatively New,1579,,1027,0,0,0,1,0,1,174
flat,signature global solera,sector 107,0.49,8222,596,Super Built up area 602(55.93 sq.m.)Built Up area: 598 sq.ft. (55.56 sq.m.),2,2,1,8,South-West,Relatively New,602,598,,0,0,0,0,1,2,49
flat,suncity vatsal valley,gwal pahari,1.45,10139,1430,Built Up area: 1430 (132.85 sq.m.)Carpet area: 760 sq.ft. (70.61 sq.m.),3,3,3,4,,Under Construction,,1430,760,0,0,0,0,0,0,49
flat,tulip violet,sector 69,1.43,8886,1609,Super Built up area 1608(149.39 sq.m.)Carpet area: 1039 sq.ft. (96.53 sq.m.),3,3,2,1,South-West,Relatively New,1608,,1039,0,0,0,1,0,0,86
flat,mapsko mount ville,sector 79,1.4,9395,1490,Carpet area: 1490 (138.43 sq.m.),3,3,3,2,North,New Property,,,1490,0,0,0,0,0,1,112
flat,krrish provence estate,gwal pahari,5.25,9051,5800,Super Built up area 5800(538.84 sq.m.),4,5,3+,2,North-East,New Property,5800,,,1,1,0,1,0,0,49
flat,tulip violet,sector 69,1.9,9452,2010,Super Built up area 2010(186.74 sq.m.),4,4,2,0,South-West,Relatively New,2010,,,0,0,0,0,0,0,49
flat,ats triumph,sector 104,1.75,7641,2290,Super Built up area 2290(212.75 sq.m.)Carpet area: 1800 sq.ft. (167.23 sq.m.),3,4,3+,12,North-West,Relatively New,2290,,1800,1,1,0,1,1,1,21
house,central park flower valley,sector 33,1.15,9349,1230,Plot area 1737(161.37 sq.m.)Built Up area: 1400 sq.ft. (130.06 sq.m.)Carpet area: 1230 sq.ft. (114.27 sq.m.),2,2,3,2,North,Relatively New,,1400,1230,1,0,0,0,0,1,71
flat,takshila heights sector 37 c,sector 37,0.67,5583,1200,Super Built up area 1200(111.48 sq.m.),2,2,2,3,,Relatively New,1200,,,0,0,0,0,0,0,23
flat,rof ananda,sector 95,0.2,5599,357,Carpet area: 366.08 (34.01 sq.m.),1,1,1,2,South-West,Relatively New,,,366.080239,0,0,0,1,0,0,53
flat,tulip violet,sector 69,1.68,10071,1668,Super Built up area 1668(154.96 sq.m.),3,3,2,0,West,Relatively New,1668,,,0,0,0,0,0,0,157
house,dlf city plots phase 2,sector 25,6.3,35000,1800,Plot area 200(167.23 sq.m.),4,4,3+,2,East,Old Property,,1800,,0,1,1,0,0,0,89
flat,tulip white,sector 69,0.9,6000,1500,Super Built up area 1500(139.35 sq.m.)Built Up area: 1326 sq.ft. (123.19 sq.m.)Carpet area: 1050 sq.ft. (97.55 sq.m.),3,2,3+,1,West,Relatively New,1500,1326,1050,0,0,0,0,0,1,149
flat,mvn athens,sohna road,0.26,5397,482,Carpet area: 481.74 (44.76 sq.m.),2,2,1,2,,Relatively New,,,481.792164,0,0,0,0,0,0,37
house,emaar mgf marbella,sector 66,,,,Plot area 350(292.64 sq.m.),5,5,3+,3,East,Relatively New,,350,,1,1,0,1,0,1,160
flat,ireo the corridors,sector 67a,1.6,9264,1727,Super Built up area 1727(160.44 sq.m.)Carpet area: 1017 sq.ft. (94.48 sq.m.),3,3,2,3,North,New Property,1727,,1017,0,0,1,0,0,1,142
flat,m3m the tree of life,sector 111,2.35,14551,1615,Built Up area: 1615 (150.04 sq.m.),3,3,3+,5,,Under Construction,,1615,,0,0,0,0,0,0,0
flat,ats tourmaline,sector 109,1.45,6744,2150,Super Built up area 2150(199.74 sq.m.)Built Up area: 1797 sq.ft. (166.95 sq.m.)Carpet area: 1660 sq.ft. (154.22 sq.m.),3,4,3+,4,North-West,Relatively New,2150,1797,1660,0,1,0,0,0,0,71
house,independent,sector 4,2.35,16319,1440,Plot area 160(133.78 sq.m.),4,4,2,2,East,Old Property,,1440,,0,0,0,1,0,0,43
flat,smart world gems,sector 89,1.2,8432,1423,Built Up area: 1423 (132.2 sq.m.),3,3,2,3,East,New Property,,1423,,1,0,0,0,1,0,37
house,independent,sector 45,16,35000,4571,Plot area 500(418.06 sq.m.),6,7,3+,3,East,Relatively New,,4500,,1,1,1,1,0,1,105
flat,laxmi pareena,sector 99,0.3,6666,450,Carpet area: 450 (41.81 sq.m.),2,1,0,12,North,Undefined,,,450,0,0,0,0,0,0,0
flat,vatika lifestyle homes,sector 83,1.3,4545,2860,Super Built up area 2860(265.7 sq.m.),3,3,1,6,North-West,Relatively New,2860,,,0,0,0,0,0,1,79
flat,pivotal riddhi siddhi,sector 99,0.4,4444,900,Super Built up area 900(83.61 sq.m.)Carpet area: 587 sq.ft. (54.53 sq.m.),2,2,2,9,,New Property,900,,587,0,0,0,0,0,0,60
flat,earth copia,sector 112,0.7,4673,1498,Built Up area: 1498 (139.17 sq.m.),2,2,2,4,East,Relatively New,,1498,,0,0,0,0,0,0,65
house,independent,sector 3,0.55,7333,750,Built Up area: 750 (69.68 sq.m.),1,1,0,1,,Undefined,,750,,0,0,0,0,0,0,0
house,independent,sector 7,2,13889,1440,Plot area 160(133.78 sq.m.),2,2,2,2,North-West,Old Property,,1440,,0,0,0,0,0,0,22
house,independent,sector 4,0.8,11852,675,Plot area 75(62.71 sq.m.),5,3,1,2,,Moderately Old,,675,,0,0,0,0,0,0,0
flat,palam vihar extension west zone rwa,sector 2,0.2,4000,500,Carpet area: 500 (46.45 sq.m.),1,1,1,1,,Moderately Old,,,500,0,0,0,0,1,0,0
house,international city by sobha phase 1,sector 109,6,9634,6228,Plot area 692(578.6 sq.m.),4,5,3,2,North-East,Moderately Old,,6228,,0,0,0,0,0,0,76
flat,orris carnation residency,sector 85,0.88,5952,1478,Super Built up area 1485(137.96 sq.m.),3,3,1,1,South,Relatively New,1485,,,0,0,0,0,0,0,65
flat,emaar gurgaon greens,sector 102,1.4,13690,1023,Super Built up area 1650(153.29 sq.m.)Carpet area: 1022.58 sq.ft. (95 sq.m.),3,3,3,7,East,Relatively New,1650,,1022.58,0,1,0,0,0,0,67
flat,sobha city,sector 108,3.35,13266,2525,Super Built up area 2072.9(192.58 sq.m.),3,4,2,19,,New Property,2072.9,,,0,0,0,0,0,0,102
flat,shapoorji pallonji joyville gurugram,sector 102,1.76,10224,1721,Super Built up area 1692(157.19 sq.m.),3,3,3,1,North-East,Relatively New,1692,,,0,0,0,0,0,0,100
flat,raheja vanya,sector 99,0.85,6789,1252,Super Built up area 1252(116.31 sq.m.),2,2,2,3,West,New Property,1252,,,0,0,0,0,0,0,43
flat,not applicable,sector 4,0.42,5600,750,Carpet area: 750 (69.68 sq.m.),2,2,1,3,,Relatively New,,,750,0,0,0,0,0,1,26
house,independent,sector 7,1.55,13889,1116,Plot area 120(100.34 sq.m.),2,2,2,1,East,Moderately Old,,1080,,0,0,0,0,0,1,52
flat,ansal heights 86,sector 86,0.78,5735,1360,Super Built up area 1360(126.35 sq.m.),2,2,1,8,East,New Property,1360,,,0,0,0,0,0,0,67
flat,ashiana anmol,sector 33,1.1,8627,1275,Built Up area: 1275 (118.45 sq.m.)Carpet area: 795 sq.ft. (73.86 sq.m.),2,2,2,4,North-East,Undefined,,1275,795,0,0,0,0,0,0,0
flat,tulip violet,sector 69,1.42,8998,1578,Super Built up area 1578(146.6 sq.m.),3,3,2,8,East,Relatively New,1578,,,0,0,0,1,0,1,94
flat,raheja vedaanta,sector 108,0.7,4651,1505,Super Built up area 1505(139.82 sq.m.),2,2,2,12,South,Moderately Old,1505,,,0,0,0,0,0,0,72
flat,navjyoti apartment,sector 38,2.1,11938,1759,Carpet area: 1759 (163.42 sq.m.),4,4,3+,10,North,Old Property,,,1759,0,0,0,0,0,2,22
house,unitech espace,sector 50,7.5,34722,2160,Plot area 240(200.67 sq.m.)Built Up area: 241 sq.yards (201.51 sq.m.)Carpet area: 240 sq.yards (200.67 sq.m.),3,3,2,2,West,Moderately Old,,241,240,0,1,0,0,0,1,66
flat,sare homes,sector 92,0.95,4750,2000,Super Built up area 2000(185.81 sq.m.)Built Up area: 1983 sq.ft. (184.23 sq.m.)Carpet area: 1900 sq.ft. (176.52 sq.m.),4,3,2,17,East,New Property,2000,1983,1900,0,0,0,0,0,0,7
flat,jmd gardens,sector 33,3.25,7510,4328,Carpet area: 4328 (402.08 sq.m.),4,4,3+,17,South-East,Old Property,,,4328,0,1,0,0,0,1,130
flat,sukhshanti apartment,sector 56,1.7,7727,2200,Built Up area: 2200 (204.39 sq.m.)Carpet area: 1610 sq.ft. (149.57 sq.m.),3,3,3,4,South,Moderately Old,,2200,1610,1,0,0,0,0,0,49
flat,godrej oasis,sector 88a,1.19,10162,1171,Super Built up area 1628(151.25 sq.m.)Carpet area: 1171 sq.ft. (108.79 sq.m.),2,2,3,15,South-East,Relatively New,1628,,1171,1,0,0,1,0,1,174
house,independent,sector 23,1.2,6230,1926,Plot area 214(178.93 sq.m.)Built Up area: 1500 sq.yards (1254.19 sq.m.),3,2,2,3,,New Property,,1500,,0,0,0,0,0,1,79
flat,shapoorji pallonji joyville gurugram,sector 102,1.4,10378,1349,Super Built up area 1349(125.33 sq.m.)Carpet area: 1000 sq.ft. (92.9 sq.m.),2,2,2,11,North-East,New Property,1349,,1000,0,0,0,0,0,1,49
flat,bestech park view city,sector 48,1.76,9909,1776,Super Built up area 1776(165 sq.m.)Built Up area: 1576 sq.ft. (146.42 sq.m.)Carpet area: 1476 sq.ft. (137.12 sq.m.),3,3,3+,9,South,Moderately Old,1776,1576,1476,0,1,0,1,0,1,158
flat,microtek greenburg,sector 86,1.45,9797,1480,Built Up area: 1480 (137.5 sq.m.)Carpet area: 1050 sq.ft. (97.55 sq.m.),3,2,3,8,North-East,Relatively New,,1480,1050,0,0,0,0,0,2,72
flat,tulip violet,sector 69,1.4,8856,1581,Super Built up area 1578(146.6 sq.m.),3,3,2,9,West,Relatively New,1578,,,0,0,0,1,0,0,120
flat,pioneer urban presidia,sector 62,7.15,16486,4337,Super Built up area 4337(402.92 sq.m.),4,5,3+,7,East,Relatively New,4337,,,1,1,1,0,0,1,158
flat,bestech park view spa next,sector 67,2.72,11574,2350,Super Built up area 2350(218.32 sq.m.)Built Up area: 2250 sq.ft. (209.03 sq.m.)Carpet area: 2001 sq.ft. (185.9 sq.m.),4,4,3+,0,South-West,Relatively New,2350,2250,2001,0,1,0,1,0,1,128
flat,signature global orchard avenue,sector 93,0.4,7359,544,Carpet area: 543.53 (50.5 sq.m.),2,2,2,11,,New Property,,,543.57695,0,0,0,0,0,0,37
flat,capital residences 360,sector 70a,1.1,7586,1450,Super Built up area 1450(134.71 sq.m.),2,2,3+,8,,New Property,1450,,,0,0,0,0,0,0,60
flat,aipl zen residences,sector 70a,1.34,10276,1304,Super Built up area 1304(121.15 sq.m.),2,2,3+,17,East,New Property,1304,,,0,0,0,0,0,1,110
flat,eldeco accolade,sohna road,0.95,6178,1538,Super Built up area 1457(135.36 sq.m.)Built Up area: 1050 sq.ft. (97.55 sq.m.)Carpet area: 849 sq.ft. (78.87 sq.m.),2,2,3+,8,South,Under Construction,1457,1050,849,1,0,0,0,1,0,72
house,vipul tatvam villa,sector 48,19.5,22222,8775,Plot area 975(815.22 sq.m.),5,6,3,2,North,Moderately Old,,8775,,1,1,1,1,0,1,110
flat,experion windchants,sector 112,5.6,11529,4857,Super Built up area 4857(451.23 sq.m.)Built Up area: 3662.34 sq.ft. (340.24 sq.m.),4,6,3+,15,North-East,Moderately Old,4857,3662.34,,0,1,0,0,0,1,157
flat,tarc maceo,sector 91,0.96,5413,1774,Super Built up area 1404(130.44 sq.m.),2,2,3+,8,East,Moderately Old,1404,,,0,0,0,0,0,0,85
flat,dlf the ultima,sector 81,2.34,11185,2092,Super Built up area 2092(194.35 sq.m.)Built Up area: 1760 sq.ft. (163.51 sq.m.)Carpet area: 1670 sq.ft. (155.15 sq.m.),3,4,3+,14,South-East,Relatively New,2092,1760,1670,0,1,0,0,0,2,174
flat,bhawna cghs,sector 43,3.25,10156,3200,Super Built up area 3200(297.29 sq.m.)Carpet area: 3000 sq.ft. (278.71 sq.m.),4,4,3+,12,,Moderately Old,3200,,3000,0,0,0,1,0,1,119
flat,emaar mgf palm hills,sector 77,1.25,8620,1450,Super Built up area 1450(134.71 sq.m.)Carpet area: 1177 sq.ft. (109.35 sq.m.),3,4,3,3,North,Relatively New,1450,,1177,1,1,0,0,0,0,49
flat,smart world orchard,sector 61,1.47,12250,1200,Carpet area: 1200 (111.48 sq.m.),2,2,2,2,,Under Construction,,,1200,1,0,0,0,0,0,76
house,independent,sector 36,0.75,6938,1081,Built Up area: 1081 (100.43 sq.m.),3,1,0,1,,Undefined,,1081,,0,0,0,0,0,0,0
house,independent,sector 28,10.5,32407,3240,Plot area 360(301.01 sq.m.),5,6,3+,3,,New Property,,3240,,1,1,0,1,0,1,153
house,uppal southend,sector 49,6.75,290948,232,Plot area 232(21.55 sq.m.),12,12,3+,,West,Moderately Old,,232,,1,1,0,1,1,1,49
flat,bestech park view residency,sector 2,0.98,6261,1565,Super Built up area 1565(145.39 sq.m.),2,2,3,14,South-West,Moderately Old,1565,,,1,0,0,0,0,0,92
flat,tulip violet,sector 69,1.66,10134,1638,Super Built up area 1638(152.18 sq.m.),3,3,2,0,South-West,Relatively New,1638,,,0,0,0,0,0,0,157
flat,smriti apartment,sector 56,0.52,10666,488,Super Built up area 525(48.77 sq.m.),1,1,1,1,,Old Property,525,,,0,0,0,0,0,0,34
flat,eldeco accolade,sohna road,0.66,5181,1274,Super Built up area 1264(117.43 sq.m.)Carpet area: 730 sq.ft. (67.82 sq.m.),2,2,3,12,North-West,Relatively New,1264,,730,0,0,0,1,0,0,49
house,independent,sector 12,0.7,4117,1700,Plot area 1700(157.94 sq.m.),4,4,1,2,,Moderately Old,,1700,,0,0,0,0,0,0,0
house,ansals palam vihar,sector 2,9,19231,4680,Plot area 520(434.79 sq.m.),5,5,2,2,North,Old Property,,4680,,1,1,1,1,0,2,110
flat,ss the leaf,sector 85,1.2,10452,1148,Super Built up area 1640(152.36 sq.m.)Carpet area: 1148 sq.ft. (106.65 sq.m.),2,2,3+,2,West,Relatively New,1640,,1148,0,0,1,0,0,0,156
flat,avl 36 gurgaon,sector 36,0.36,8990,400,Super Built up area 406(37.72 sq.m.)Carpet area: 402 sq.ft. (37.35 sq.m.),1,1,1,7,West,Relatively New,406,,402,0,0,0,0,0,0,95
house,independent,sector 5,3.5,15555,2250,Plot area 2050(190.45 sq.m.)Built Up area: 2250 sq.ft. (209.03 sq.m.),6,5,2,3,North-East,Old Property,,2250,,1,1,0,1,1,2,155
flat,bestech park view spa next,sector 67,2.35,12144,1935,Super Built up area 1935(179.77 sq.m.),3,4,3+,14,South-West,Moderately Old,1935,,,0,1,0,0,0,1,156
flat,capital residences 360,sector 70a,1.51,7641,1976,Super Built up area 1976(183.58 sq.m.),3,3,3,7,South-East,Relatively New,1976,,,0,1,0,0,0,0,49
flat,vatika gurgaon,sector 83,0.85,8947,950,Super Built up area 1245(115.66 sq.m.)Built Up area: 1100 sq.ft. (102.19 sq.m.)Carpet area: 950 sq.ft. (88.26 sq.m.),2,2,2,18,West,Moderately Old,1245,1100,950,0,0,0,1,0,1,119
flat,godrej air,sector 85,1.05,10603,990,Built Up area: 97 Carpet area: 92 sq.m.,2,2,1,15,East,Under Construction,,97,92,0,0,0,0,0,0,45
flat,spaze privy,sector 72,1.9,9620,1975,Super Built up area 1975(183.48 sq.m.),3,3,3,10,,Moderately Old,1975,,,0,1,0,0,0,1,31
house,nul,sector 25,6.25,34722,1800,Plot area 200(167.23 sq.m.),5,5,3,2,East,Moderately Old,,1800,,0,1,0,1,0,1,112
flat,m3m soulitude,sector 89,1.32,16923,780,Carpet area: 780 (72.46 sq.m.),3,3,3,1,,Under Construction,,,780,0,0,0,0,0,0,45
flat,paras dews,sector 106,0.88,6353,1385,Super Built up area 1385(128.67 sq.m.)Built Up area: 940 sq.ft. (87.33 sq.m.)Carpet area: 845 sq.ft. (78.5 sq.m.),2,2,3+,1,South,Relatively New,1385,940,845,0,0,0,0,0,0,49
flat,signature global grand iva,sector 103,0.3,8290,362,Carpet area: 361.88 (33.62 sq.m.),1,2,2,5,,New Property,,,361.882318,0,0,0,0,0,0,37
flat,bptp park generations,sector 37d,1.5,9868,1520,Super Built up area 1520(141.21 sq.m.),3,2,3+,17,North-East,Relatively New,1520,,,0,0,0,0,0,0,42
flat,ats kocoon,sector 109,1.75,10028,1745,Super Built up area 1745(162.12 sq.m.)Built Up area: 1550 sq.ft. (144 sq.m.)Carpet area: 1250 sq.ft. (116.13 sq.m.),3,3,3,10,North-East,Relatively New,1745,1550,1250,0,0,0,1,0,1,49
flat,imperia the esfera,sector 37,0.9,6272,1435,Built Up area: 1435 (133.32 sq.m.)Carpet area: 1100 sq.ft. (102.19 sq.m.),3,3,3,9,East,Undefined,,1435,1100,0,0,0,0,0,0,66
flat,m3m merlin,sector 67,3,14655,2047,Super Built up area 2047(190.17 sq.m.)Built Up area: 1900 sq.ft. (176.52 sq.m.)Carpet area: 1800 sq.ft. (167.23 sq.m.),3,3,3+,4,North-East,Relatively New,2047,1900,1800,0,0,1,0,0,1,174
flat,gls arawali homes,sohna road,0.28,4307,650,Super Built up area 650(60.39 sq.m.),2,2,2,12,,New Property,650,,,0,0,0,0,0,0,0
flat,signature global park,sohna road,0.56,6812,822,Carpet area: 822 (76.37 sq.m.),2,2,3,3,South,New Property,,,822,0,0,0,0,0,0,111
house,independent,sector 12,3.71,19818,1872,Plot area 208(173.91 sq.m.),3,3,1,4,,Moderately Old,,1872,,0,0,0,1,0,0,0
flat,la vida by tata housing,sector 113,2.85,12855,2217,Super Built up area 2217(205.97 sq.m.),3,3,3+,10,East,New Property,2217,,,0,1,0,0,0,0,72
flat,corona optus,sector 37,1.25,8928,1400,Super Built up area 1735(161.19 sq.m.)Carpet area: 1400 sq.ft. (130.06 sq.m.),3,3,3,2,South-East,Relatively New,1735,,1400,1,0,0,0,0,0,49
flat,ats triumph,sector 104,2,8733,2290,Super Built up area 2290(212.75 sq.m.),3,4,3+,4,,Relatively New,2290,,,0,1,0,0,0,0,60
flat,signature global solera,sector 107,0.35,6489,539,Carpet area: 547 (50.82 sq.m.),2,2,2,8,North-West,Relatively New,,,547,0,0,0,0,0,0,45
flat,ats kocoon,sector 109,2.15,10262,2095,Super Built up area 2095(194.63 sq.m.),3,4,3,9,North,Relatively New,2095,,,0,1,0,0,0,0,97
flat,emaar mgf palm hills,sector 77,1.64,8410,1950,Super Built up area 1950(181.16 sq.m.),4,3,3,9,South,Relatively New,1950,,,0,1,0,0,0,0,102
house,independent,sector 4,0.85,7522,1130,Built Up area: 1130 (104.98 sq.m.),3,3,0,1,,Undefined,,1130,,0,0,0,0,0,0,0
flat,malibu towne,sector 47,2.4,10000,2400,Carpet area: 2400 (222.97 sq.m.),3,3,0,0,West,Moderately Old,,,2400,0,0,0,0,0,1,22
house,independent,sector 13,4.5,9091,4950,Plot area 550(459.87 sq.m.),4,5,2,2,East,Old Property,,4950,,0,0,0,0,0,0,0
flat,sidhartha ncr one phase,sector 95,0.43,3152,1364,Super Built up area 1364(126.72 sq.m.)Built Up area: 1300 sq.ft. (120.77 sq.m.)Carpet area: 1020 sq.ft. (94.76 sq.m.),2,2,2,6,North,Relatively New,1364,1300,1020,0,0,0,0,0,0,120
flat,emaar gurgaon greens,sector 102,1.38,13495,1023,Super Built up area 1650(153.29 sq.m.)Carpet area: 1022.58 sq.ft. (95 sq.m.),3,3,3,6,North-East,Relatively New,1650,,1022.58,0,1,0,0,0,1,128
house,dlf city plots phase 2,sector 25,15.5,34307,4518,Plot area 502(419.74 sq.m.),5,6,3+,3,East,Moderately Old,,4518,,1,1,1,1,0,0,144
flat,chd avenue,sector 71,1.35,5744,2350,Super Built up area 2350(218.32 sq.m.),4,4,3,8,North-West,Moderately Old,2350,,,0,1,0,0,0,0,26
flat,emaar mgf emerald floors premier,sector 65,3,15189,1975,Super Built up area 1975(183.48 sq.m.),4,4,3+,2,South-East,Relatively New,1975,,,0,1,0,0,0,0,87
flat,breez global hill view,sohna road,0.32,5776,554,Carpet area: 554 (51.47 sq.m.),2,2,2,19,North,Relatively New,,,554,0,0,0,0,0,1,21
flat,m3m woodshire,sector 107,0.75,5490,1366,Super Built up area 1366(126.91 sq.m.)Carpet area: 1050 sq.ft. (97.55 sq.m.),2,2,3+,14,West,Relatively New,1366,,1050,0,0,0,1,0,0,174
flat,signature global solera,sector 107,0.36,6569,548,Super Built up area 548(50.91 sq.m.),2,2,1,9,South,Relatively New,548,,,0,0,0,0,0,0,28
flat,m3m soulitude,sector 89,1,9066,1103,Carpet area: 1103 (102.47 sq.m.),2,2,2,2,,New Property,,,1103,1,0,0,0,0,0,49
flat,breez global hill view,sohna road,0.35,5319,658,Built Up area: 658 (61.13 sq.m.)Carpet area: 554.17 sq.ft. (51.48 sq.m.),2,2,2,18,,New Property,,658,554.17,0,0,0,0,0,0,15
flat,vipul world floors,sector 48,4.3,13870,3100,Carpet area: 3100 (288 sq.m.),4,5,3+,4,East,New Property,,,3100,1,1,0,1,0,0,88
flat,ireo the corridors,sector 67a,1.7,9843,1727,Super Built up area 1727(160.44 sq.m.)Carpet area: 1017 sq.ft. (94.48 sq.m.),3,3,2,10,North-East,New Property,1727,,1017,0,1,0,0,1,1,44
flat,tulip violet,sector 69,1.36,8841,1538,Super Built up area 1538(142.88 sq.m.),3,3,1,12,North-West,Relatively New,1538,,,0,0,0,1,0,0,86
house,ansal sushant lok 2,sector 56,3.4,22222,1530,Plot area 170(142.14 sq.m.),6,6,3+,2,West,Moderately Old,,1530,,0,0,0,0,0,1,29
house,independent,sector 67,3,11904,2520,Carpet area: 2520 (234.12 sq.m.),4,4,0,3,North-East,Undefined,,,2520,0,0,0,0,0,0,0
house,independent,sector 43,14,39886,3510,Plot area 390(326.09 sq.m.),9,9,3+,4,North,Moderately Old,,3510,,0,1,0,0,0,0,7
flat,sobha city,sector 108,3.95,16858,2343,Super Built up area 2343(217.67 sq.m.)Carpet area: 1512.05 sq.ft. (140.47 sq.m.),3,5,2,15,North,New Property,2343,,1512.05,0,1,0,0,0,0,118
house,dlf the grove,sector 54,5.7,211111,270,Built Up area: 270 (25.08 sq.m.),4,4,0,1,,Undefined,,270,,0,0,0,0,0,0,46
flat,dlf new town heights,sector 90,1.65,5683,2903,Super Built up area 2727(253.35 sq.m.),4,4,3+,7,South,Moderately Old,2727,,,0,0,0,0,0,0,117
flat,ansals duplex flat,sector 2,0.95,7307,1300,Carpet area: 1300 (120.77 sq.m.),2,3,2,1,North-East,Old Property,,,1300,1,0,0,0,0,1,20
flat,dlf new town heights,sector 90,1.25,6476,1930,Super Built up area 1930(179.3 sq.m.)Built Up area: 1929 sq.ft. (179.21 sq.m.)Carpet area: 1928 sq.ft. (179.12 sq.m.),3,3,3+,6,West,Relatively New,1930,1929,1928,0,1,0,1,0,0,136
flat,indiabulls enigma,sector 110,3.79,9895,3830,Super Built up area 3830(355.82 sq.m.),5,5,3,4,South-West,Relatively New,3830,,,0,1,0,0,1,0,125
house,my home,sector 110,0.34,12592,270,Plot area 270(25.08 sq.m.),2,2,2,3,West,Moderately Old,,270,,0,0,0,0,0,0,22
house,independent,sector 24,3.5,32407,1080,Plot area 120(100.34 sq.m.),5,4,3,3,North-West,Old Property,,1080,,0,0,0,0,0,0,15
flat,shapoorji pallonji joyville gurugram,sector 102,1.75,9449,1852,Super Built up area 1852(172.06 sq.m.)Carpet area: 1128 sq.ft. (104.79 sq.m.),3,3,3,10,West,Relatively New,1852,,1128,1,1,0,1,1,0,49
house,bptp pedestal,sector 70a,0.9,7582,1187,Carpet area: 1187 (110.28 sq.m.),2,2,3+,3,North-East,New Property,,,1187,0,1,0,0,1,0,153
flat,smart world orchard,sector 61,1.58,13739,1150,Carpet area: 1150 (106.84 sq.m.),2,2,2,3,South,New Property,,,1150,1,0,0,0,0,0,15
flat,ramprastha the edge towers,sector 37d,0.8,5797,1380,Super Built up area 1380(128.21 sq.m.)Built Up area: 1300 sq.ft. (120.77 sq.m.)Carpet area: 1200 sq.ft. (111.48 sq.m.),2,2,3,2,North-East,Relatively New,1380,1300,1200,0,0,0,0,0,0,78
flat,gls avenue 51,sector 92,0.5,7812,640,Super Built up area 640(59.46 sq.m.),3,3,1,0,,Relatively New,640,,,0,0,0,0,0,0,0
house,independent,sector 48,5.5,23504,2340,Plot area 260(217.39 sq.m.),4,4,2,2,North,Relatively New,,2340,,0,1,0,0,0,1,22
flat,lotus homz,sector 111,0.36,8888,405,Carpet area: 405 (37.63 sq.m.),1,1,1,10,,Relatively New,,,405,0,0,0,0,0,0,44
flat,tulip violet,sector 69,2,9583,2087,Super Built up area 2087(193.89 sq.m.),4,4,2,0,South-East,Relatively New,2087,,,0,0,0,0,0,0,157
house,ireo victory valley,sector 67,8,22222,3600,Plot area 400(334.45 sq.m.),6,7,3+,3,North-East,Moderately Old,,3600,,1,1,1,1,0,1,151
flat,malibu towers,sector 47,2.45,10698,2290,Carpet area: 2290 (212.75 sq.m.),3,4,2,1,,Old Property,,,2290,1,0,0,0,0,1,42
flat,tulip violet,sector 69,2.05,9950,2060,Super Built up area 2087(193.89 sq.m.),4,4,2,0,North-West,Relatively New,2087,,,0,0,0,0,0,0,157
flat,ats triumph,sector 104,4.45,6846,6500,Carpet area: 6500 (603.87 sq.m.),4,5,3+,27,North,Relatively New,,,6500,0,0,0,0,0,0,110
flat,shapoorji pallonji joyville gurugram,sector 102,1.42,10380,1368,Built Up area: 1368 (127.09 sq.m.),2,2,3,14,,Undefined,,1368,,0,0,0,0,0,0,0
flat,la vida by tata housing,sector 113,2.4,10825,2217,Super Built up area 2217(205.97 sq.m.)Built Up area: 1940 sq.ft. (180.23 sq.m.)Carpet area: 1730 sq.ft. (160.72 sq.m.),3,4,3+,5,North-East,Relatively New,2217,1940,1730,0,1,0,0,0,0,49
house,independent,sector 31,9.25,39530,2340,Plot area 265(221.57 sq.m.)Built Up area: 262 sq.yards (219.07 sq.m.)Carpet area: 260 sq.yards (217.39 sq.m.),12,12,3+,4,North-East,New Property,,262,260,0,1,0,1,1,2,49
house,independent,sector 21,0.6,6173,972,Plot area 108(90.3 sq.m.),8,3,2,3,,Old Property,,972,,0,0,0,0,0,0,0
house,independent,sector 26,17,37627,4518,Plot area 502(419.74 sq.m.),5,5,3+,2,North-East,Relatively New,,4518,,1,1,1,1,0,1,124
flat,sobha city,sector 108,2.5,14611,1711,Super Built up area 1711(158.96 sq.m.)Built Up area: 1480 sq.ft. (137.5 sq.m.)Carpet area: 1111.44 sq.ft. (103.26 sq.m.),3,3,2,19,East,New Property,1711,1480,1111.44,0,0,0,0,0,0,166
flat,ardee city,sector 52,1.5,9146,1640,Super Built up area 1640(152.36 sq.m.),4,4,3,3,,Old Property,1640,,,0,0,0,0,0,0,65
flat,umang monsoon breeze,sector 78,1.15,5284,2176,Super Built up area 2176(202.16 sq.m.),3,3,3,9,,Moderately Old,2176,,,0,1,0,0,1,0,22
flat,signature global solera,sector 107,0.28,5828,480,Carpet area: 489 (45.43 sq.m.),2,2,2,0,North-East,Relatively New,,,489,0,0,0,0,0,0,45
flat,signature global park 4,sector 36,0.85,11333,750,Carpet area: 750 (69.68 sq.m.),3,2,3,1,,New Property,,,750,0,0,0,0,0,0,33
flat,dlf the ultima,sector 81,3.45,12356,2792,Super Built up area 2792(259.39 sq.m.),4,4,3+,25,East,Moderately Old,2792,,,0,1,0,0,0,0,67
flat,tata primanti,sector 72,4.25,13076,3250,Super Built up area 3250(301.93 sq.m.),4,4,3+,0,North,Relatively New,3250,,,0,1,0,0,0,1,174
flat,smart world gems,sector 89,1.2,8433,1423,Built Up area: 1423 (132.2 sq.m.)Carpet area: 920 sq.ft. (85.47 sq.m.),3,3,2,2,East,Undefined,,1423,920,0,0,0,0,0,0,45
flat,signature global grand iva,sector 103,0.5,6250,800,Super Built up area 800(74.32 sq.m.)Carpet area: 605 sq.ft. (56.21 sq.m.),2,2,2,10,,Relatively New,800,,605,0,0,0,0,0,0,8
flat,godrej oasis,sector 88a,1.45,8367,1733,Super Built up area 161Carpet area: 108.4 sq.m.,2,2,3+,9,,Relatively New,161,,108.4,1,0,0,0,0,2,85
flat,emaar mgf the palm drive,sector 66,2.8,14358,1950,Super Built up area 1950(181.16 sq.m.)Built Up area: 1920 sq.ft. (178.37 sq.m.)Carpet area: 1600 sq.ft. (148.64 sq.m.),3,3,2,12,East,New Property,1950,1920,1600,1,1,0,1,0,2,69
house,independent,sector 23,2.8,161849,173,Plot area 173(16.07 sq.m.)Built Up area: 160 sq.ft. (14.86 sq.m.)Carpet area: 150 sq.ft. (13.94 sq.m.),5,5,3+,2,North-East,Old Property,,160,150,0,0,0,1,0,1,74
house,international city by sobha phase 1,sector 109,6.75,10838,6228,Plot area 692(578.6 sq.m.),4,4,3+,2,North-East,New Property,,6228,,0,1,0,1,0,0,130
house,independent,sector 7,1.15,8518,1350,Plot area 150(125.42 sq.m.),5,3,2,2,North-East,Old Property,,1350,,0,0,0,1,0,0,15
flat,signature global rosellia,sector 95,0.45,8754,514,Carpet area: 514 (47.75 sq.m.),2,2,2,14,,New Property,,,514,0,0,0,0,0,0,24
flat,dlf new town heights,sector 91,1.75,7402,2364,Super Built up area 2364(219.62 sq.m.),4,4,3+,9,South,Relatively New,2364,,,0,1,0,1,0,0,88
flat,vatika gurgaon,sector 83,1.1,6162,1785,Super Built up area 1785(165.83 sq.m.)Built Up area: 1600 sq.ft. (148.64 sq.m.)Carpet area: 1500 sq.ft. (139.35 sq.m.),3,3,3+,5,North-West,Relatively New,1785,1600,1500,0,0,0,0,0,1,96
flat,pareena mi casa,sector 68,1.7,8504,1999,Super Built up area 1999(185.71 sq.m.),4,4,3,2,,New Property,1999,,,0,0,0,0,0,0,47
flat,raheja the vedaanta floors,sector 108,0.7,4521,1548,Carpet area: 1548 (143.81 sq.m.),2,2,3,1,,Moderately Old,,,1548,0,0,0,0,0,1,0
flat,bestech park view residency,sector 2,1.51,7869,1919,Super Built up area 1920(178.37 sq.m.),3,4,3+,7,South-West,Moderately Old,1920,,,0,1,0,0,0,1,84
flat,pyramid urban homes 2,sector 86,0.44,7321,601,Carpet area: 601 (55.83 sq.m.),2,2,2,6,East,Relatively New,,,601,0,0,0,0,0,1,63
flat,adani m2k oyster grande,sector 102,2.35,8468,2775,Super Built up area 2598(241.36 sq.m.),3,3,3,14,East,Relatively New,2598,,,1,1,0,0,0,1,165
flat,godrej summit,sector 104,1.75,7530,2324,Carpet area: 2324 (215.91 sq.m.),4,5,3+,1,,New Property,,,2324,0,1,0,0,0,0,60
flat,tulip violet,sector 69,1.75,8883,1970,Super Built up area 1970(183.02 sq.m.),4,4,1,12,North-West,Relatively New,1970,,,0,0,0,0,0,0,86
flat,ansal heights,sector 92,0.6,4546,1320,Super Built up area 1320(122.63 sq.m.),2,2,3,11,,Under Construction,1320,,,0,0,0,0,1,0,23
flat,guru gram haryana cghs,sector 56,1.38,7225,1910,Built Up area: 1910 (177.44 sq.m.),3,3,3,5,North,Moderately Old,,1910,,1,0,0,0,0,1,134
flat,shree vardhman flora,sector 90,0.9,4615,1950,Super Built up area 1950(181.16 sq.m.),3,4,3,4,East,Relatively New,1950,,,0,1,0,0,0,0,165
house,independent,sector 26,4.45,35185,1265,Plot area 150(125.42 sq.m.),4,4,3,3,West,Old Property,,150,,0,0,0,0,0,0,25
house,independent,sector 31,3.25,22429,1449,Plot area 161(134.62 sq.m.),4,4,3+,3,,Moderately Old,,1449,,1,1,1,1,0,1,29
flat,supertech basera,sector 79,0.36,7643,471,Built Up area: 546 (50.73 sq.m.)Carpet area: 471 sq.ft. (43.76 sq.m.),2,2,1,4,,New Property,,546,471,0,0,0,0,0,0,60
flat,dlf the belaire,sector 54,7,23333,3000,Super Built up area 3000(278.71 sq.m.),4,6,3+,12,East,Moderately Old,3000,,,0,1,1,1,0,1,108
flat,emaar palm gardens,sector 83,1.4,9675,1447,Super Built up area 1720(159.79 sq.m.)Carpet area: 1447 sq.ft. (134.43 sq.m.),3,3,3,11,North,Relatively New,1720,,1447,0,1,0,0,0,2,58
flat,the close north,sector 50,2.35,11227,2093,Super Built up area 2093(194.45 sq.m.)Built Up area: 2000 sq.ft. (185.81 sq.m.)Carpet area: 1850 sq.ft. (171.87 sq.m.),3,3,3,8,North-East,Moderately Old,2093,2000,1850,0,0,1,0,0,1,149
flat,ss the leaf,sector 85,2.15,10924,1968,Super Built up area 2812(261.24 sq.m.)Carpet area: 1968 sq.ft. (182.83 sq.m.),4,5,3+,6,South,Relatively New,2812,,1968,0,1,0,0,0,0,156
flat,sobha city,sector 108,2.95,14727,2003,Super Built up area 2003(186.08 sq.m.)Built Up area: 1600 sq.ft. (148.64 sq.m.)Carpet area: 1400 sq.ft. (130.06 sq.m.),3,4,2,12,East,Relatively New,2003,1600,1400,0,0,0,0,0,0,49
flat,godrej habitat,sector 3,1.1,10410,1057,Super Built up area 1056.58(98.16 sq.m.),2,2,2,14,,Under Construction,1056.58,,,0,0,0,0,0,0,60
house,independent,sector 47,4.3,29311,1467,Plot area 163(136.29 sq.m.),6,4,2,2,,Moderately Old,,1467,,0,0,0,0,1,0,0
flat,umang monsoon breeze,sector 78,1.25,5000,2500,Super Built up area 2350(218.32 sq.m.)Built Up area: 2300 sq.ft. (213.68 sq.m.)Carpet area: 2000 sq.ft. (185.81 sq.m.),4,4,3,2,East,Relatively New,2350,2300,2000,0,1,0,1,1,0,57
flat,raheja revanta,sector 78,1.2,10018,1198,Super Built up area 1197.8(111.28 sq.m.)Carpet area: 505 sq.ft. (46.92 sq.m.),1,2,2,32,,Under Construction,1197.8,,505,0,0,0,0,0,0,39
house,independent,sector 105,9.9,49500,2000,Built Up area: 2000 (185.81 sq.m.)Carpet area: 1800 sq.ft. (167.23 sq.m.),2,2,2,3,North,Undefined,,2000,1800,0,0,0,0,0,0,0
flat,la vida by tata housing,sector 113,3.35,16750,2000,Super Built up area 2691(250 sq.m.)Built Up area: 2200 sq.ft. (204.39 sq.m.)Carpet area: 2000 sq.ft. (185.81 sq.m.),3,4,3+,12,North-East,New Property,2691,2200,2000,1,1,0,0,0,0,174
flat,bptp astaire gardens,sector 70a,1.8,9350,1925,Built Up area: 1925 (178.84 sq.m.),3,3,3,3,North-West,Relatively New,,1925,,1,0,0,0,0,0,135
house,nirvana cedar crest,sector 50,7.1,32870,2160,Plot area 240(200.67 sq.m.)Built Up area: 239 sq.yards (199.83 sq.m.)Carpet area: 238 sq.yards (199 sq.m.),5,4,3,2,East,Moderately Old,,239,238,1,0,1,1,0,1,110
flat,supertech araville,sector 79,0.71,5522,1286,Built Up area: 1295 (120.31 sq.m.),2,2,0,9,,Under Construction,,1295,,0,0,0,0,0,0,0
flat,ss almeria,sector 84,1.48,7400,2000,Super Built up area 2000(185.81 sq.m.)Carpet area: 1294 sq.ft. (120.22 sq.m.),3,3,2,1,South-West,New Property,2000,,1294,0,1,1,0,0,1,139
flat,krrish florence estate,sector 70,1.25,6703,1865,Super Built up area 1865(173.26 sq.m.),3,3,3,18,North-East,Under Construction,1865,,,0,0,0,0,0,0,51
flat,ireo victory valley,sector 67,2.87,11903,2411,Super Built up area 2411(223.99 sq.m.)Carpet area: 1808 sq.ft. (167.97 sq.m.),3,3,3+,16,North-West,Relatively New,2411,,1808,0,1,0,0,0,1,174
flat,smart world orchard,sector 61,2.2,13496,1630,Carpet area: 1630 (151.43 sq.m.),3,3,2,3,,Under Construction,,,1630,0,0,0,0,0,0,16
flat,ats kocoon,sector 109,1.65,10645,1550,Super Built up area 1745(162.12 sq.m.)Built Up area: 1650 sq.ft. (153.29 sq.m.)Carpet area: 1550 sq.ft. (144 sq.m.),3,3,3,19,East,Relatively New,1745,1650,1550,0,0,1,0,0,1,159
flat,emaar palm gardens,sector 83,1.4,8139,1720,Super Built up area 1720(159.79 sq.m.)Carpet area: 1095.3 sq.ft. (101.76 sq.m.),3,3,3,2,North-West,Relatively New,1720,,1095.3,1,1,1,1,0,1,174
flat,ireo victory valley,sector 67,3.49,13000,2685,Carpet area: 2452 (227.8 sq.m.),3,3,3,19,South-East,Relatively New,,,2452,0,1,0,0,0,0,103
flat,umang winter hills,sector 77,1.4,6340,2208,Built Up area: 1735 (161.19 sq.m.),3,3,3,10,North-East,Undefined,,1735,,0,0,0,0,0,0,28
house,ansal sushant lok plots,sector 43,5.8,29974,1935,Plot area 215(179.77 sq.m.),6,6,3,2,South-West,Relatively New,,1935,,0,1,0,0,1,1,49
flat,tata gurgaon gateway,sector 113,3.21,11825,2715,Super Built up area 2520(234.12 sq.m.),3,3,3,9,,New Property,2520,,,0,0,0,0,0,0,49
house,independent,sector 3,0.9,10000,900,Plot area 900(83.61 sq.m.)Built Up area: 3500 sq.ft. (325.16 sq.m.),3,4,3,3,,Moderately Old,,3500,,0,0,0,0,1,1,42
house,independent,sector 5,0.85,9444,900,Carpet area: 900 (83.61 sq.m.),5,3,3,1,,Undefined,,,900,0,0,0,0,0,0,0
house,tata primanti,sector 72,8.5,13492,6300,Plot area 6300(585.29 sq.m.),5,6,3+,10,East,Relatively New,,6300,,1,1,1,1,0,1,145
flat,sapphire eighty three,sector 83,0.4,8547,468,Carpet area: 468 (43.48 sq.m.),1,1,1,6,North-East,Relatively New,,,468,0,0,0,0,0,2,52
flat,ireo victory valley,sector 67,2.95,12235,2411,Super Built up area 2411(223.99 sq.m.)Carpet area: 1906 sq.ft. (177.07 sq.m.),3,3,3,10,North-West,Relatively New,2411,,1906,0,1,0,0,0,1,174
flat,siddhartha apartment,sector 95,1.1,4327,2542,Carpet area: 2542 (236.16 sq.m.),4,3,3,9,North,Relatively New,,,2542,0,1,0,0,1,0,22
flat,ild greens,sector 37,1,4723,2117,Super Built up area 1800(167.23 sq.m.),3,3,3,3,,Under Construction,1800,,,0,0,0,0,0,0,51
flat,vatika the seven lamps,sector 82,1,5923,1688,Super Built up area 1435(133.32 sq.m.),2,2,2,11,South,Relatively New,1435,,,1,0,0,0,0,1,90
flat,green campus chs,manesar,0.92,4022,2287,Super Built up area 2287(212.47 sq.m.)Carpet area: 1600 sq.ft. (148.64 sq.m.),3,3,3+,8,East,Moderately Old,2287,,1600,0,1,0,0,0,0,5
flat,ramsons kshitij,sector 95,0.45,4591,980,Super Built up area 980(91.04 sq.m.),2,2,1,2,,Relatively New,980,,,1,0,0,0,0,0,89
flat,shree vardhman flora,sector 90,1.25,4854,2575,Super Built up area 2575(239.23 sq.m.),4,5,2,8,South,Relatively New,2575,,,1,1,0,0,0,0,165
flat,emaar mgf emerald floors premier,sector 65,2.35,14242,1650,Super Built up area 1650(153.29 sq.m.),3,3,3,2,West,Relatively New,1650,,,1,1,0,0,0,1,168
flat,tulip violet,sector 69,1.4,9102,1538,Super Built up area 1538(142.88 sq.m.),3,3,1,12,North-West,Relatively New,1538,,,0,0,0,0,0,1,157
flat,sidhartha ncr one,sector 95,0.55,5556,990,Built Up area: 990 (91.97 sq.m.)Carpet area: 950 sq.ft. (88.26 sq.m.),2,2,3,15,North-East,Undefined,,990,950,0,0,0,0,0,0,0
house,independent,sector 105,0.74,7400,1000,Built Up area: 1000 (92.9 sq.m.),3,3,0,2,,Undefined,,1000,,0,0,0,0,0,0,0
flat,dlf the crest,sector 54,11,35222,3123,Super Built up area 3123(290.14 sq.m.),4,6,3,7,,Relatively New,3123,,,0,1,0,0,0,2,125
house,independent,sector 39,1.8,21875,823,Plot area 900(83.61 sq.m.)Built Up area: 800 sq.ft. (74.32 sq.m.)Carpet area: 720 sq.ft. (66.89 sq.m.),1,1,2,3,North-East,Relatively New,,800,720,0,0,0,0,0,0,0
flat,sare crescent parc,sector 92,1,5128,1950,Carpet area: 1950 (181.16 sq.m.),4,3,2,1,East,Relatively New,,,1950,0,0,0,0,0,0,49
flat,rof ananda,sector 95,0.38,58,65517,Carpet area: 64412 (5984.07 sq.m.),3,2,1,12,North,Relatively New,,,64412,0,0,0,0,0,0,51
flat,shree vardhman flora,sector 90,0.65,5000,1300,Super Built up area 1300(120.77 sq.m.),2,2,2,12,East,Old Property,1300,,,1,0,0,0,0,0,103
flat,godrej,sector 79,1.3,8269,1572,Super Built up area 1572(146.04 sq.m.),2,2,3,3,North-East,New Property,1572,,,1,0,0,0,0,0,49
flat,indiabulls enigma,sector 110,3.49,10264,3400,Super Built up area 3400(315.87 sq.m.),4,5,3,7,North-West,Relatively New,3400,,,0,1,0,0,0,0,165
house,uppal southend,sector 49,6.75,32328,2088,Built Up area: 232 (193.98 sq.m.),4,4,3,3,West,Relatively New,,232,,0,1,0,0,0,1,26
flat,shapoorji pallonji joyville gurugram,sector 102,1.05,11475,915,Carpet area: 915 (85.01 sq.m.),2,2,2,0,,Under Construction,,,915,0,0,0,0,0,0,49
flat,dlf regency park,sector 28,2.26,13696,1650,Super Built up area 1777(165.09 sq.m.)Built Up area: 1700 sq.ft. (157.94 sq.m.)Carpet area: 1650 sq.ft. (153.29 sq.m.),3,3,2,19,East,Old Property,1777,1700,1650,0,1,0,0,0,0,158
flat,sobha smriti apartments,sector 56,0.5,8333,600,Carpet area: 600 (55.74 sq.m.),1,1,2,3,,Undefined,,,600,0,0,0,0,0,0,0
flat,smart world orchard,sector 61,2.54,15500,1639,Carpet area: 1640 (152.36 sq.m.),3,3,3,2,,Under Construction,,,1640,0,0,1,0,0,0,16
flat,godrej,sector 79,2,8474,2360,Super Built up area 2366(219.81 sq.m.)Built Up area: 1963 sq.ft. (182.37 sq.m.)Carpet area: 1629 sq.ft. (151.34 sq.m.),3,4,3+,9,East,Relatively New,2366,1963,1629,0,1,0,0,0,0,108
flat,shree vardhman flora,sector 90,0.95,6333,1500,Carpet area: 1500 (139.35 sq.m.),3,3,3,9,South-East,Relatively New,,,1500,0,1,0,0,0,0,90
flat,godrej,sector 79,1.12,7146,1567,Super Built up area 1572(146.04 sq.m.)Built Up area: 1325 sq.ft. (123.1 sq.m.)Carpet area: 1200 sq.ft. (111.48 sq.m.),2,2,3,6,North-East,Relatively New,1572,1325,1200,1,0,0,0,0,0,49
flat,bestech park view residency,sector 2,1.01,7137,1415,Super Built up area 1415(131.46 sq.m.),2,2,3,0,East,Moderately Old,1415,,,0,0,0,0,0,0,92
flat,puri emerald bay,sector 104,2.3,9387,2450,Super Built up area 2450(227.61 sq.m.),3,4,3+,10,North-East,Moderately Old,2450,,,0,1,0,0,0,0,101
flat,ss hibiscus,sector 50,6,12272,4889,Super Built up area 4400(408.77 sq.m.),4,3,3,5,South-East,Moderately Old,4400,,,0,1,0,0,0,0,31
house,emaar mgf marbella,sector 66,12,37037,3240,Plot area 360(301.01 sq.m.),5,5,3+,3,East,New Property,,3240,,0,1,1,1,0,1,106
flat,sare crescent parc,sector 92,0.92,4854,1895,Built Up area: 1895 (176.05 sq.m.)Carpet area: 1600 sq.ft. (148.64 sq.m.),4,5,3+,14,North-East,Moderately Old,,1895,1600,0,0,0,0,0,1,131
flat,m3m capital,sector 113,3.25,14142,2298,Carpet area: 2298 (213.49 sq.m.),4,4,3+,34,,Under Construction,,,2298,1,1,0,1,0,0,115
flat,dlf regal gardens,sector 90,1.76,7945,2215,Super Built up area 2215(205.78 sq.m.)Built Up area: 2020 sq.ft. (187.66 sq.m.)Carpet area: 1670 sq.ft. (155.15 sq.m.),4,4,3+,8,North,Relatively New,2215,2020,1670,0,0,0,0,0,1,135
flat,tulip violet,sector 69,1.75,8706,2010,Super Built up area 2010(186.74 sq.m.),4,4,2,10,North-East,Relatively New,2010,,,0,0,0,0,0,1,109
house,independent,sector 43,5.25,27132,1935,Plot area 215(179.77 sq.m.),4,4,2,2,,Old Property,,1935,,1,1,0,0,0,1,80
house,independent,sector 43,2.5,25960,963,Plot area 107(89.47 sq.m.),7,7,3,4,West,Relatively New,,963,,0,0,0,0,1,2,20
flat,zara aavaas,sector 104,0.4,7029,569,Super Built up area 569(52.86 sq.m.),2,2,1,14,,Relatively New,569,,,0,0,0,0,0,0,38
flat,shree vardhman flora,sector 90,0.9,4615,1950,Super Built up area 1950(181.16 sq.m.),3,4,3,4,South-West,Relatively New,1950,,,0,1,0,0,0,0,165
flat,shapoorji pallonji joyville gurugram,sector 102,0.95,10383,915,Built Up area: 915 (85.01 sq.m.)Carpet area: 675 sq.ft. (62.71 sq.m.),2,2,2,14,,Undefined,,915,675,0,0,0,0,0,0,0
flat,bptp astaire gardens,sector 70a,1.7,8947,1900,Carpet area: 1900 (176.52 sq.m.),4,3,3,1,North-East,Relatively New,,,1900,0,0,0,0,0,1,49
house,independent,sector 4,0.47,10601,443,Plot area 49(40.97 sq.m.)Built Up area: 50 sq.yards (41.81 sq.m.)Carpet area: 48 sq.yards (40.13 sq.m.),2,2,1,2,East,New Property,,50,48,1,0,0,0,0,1,73
flat,paras dews,sector 106,0.95,6859,1385,Super Built up area 1385(128.67 sq.m.)Built Up area: 940 sq.ft. (87.33 sq.m.)Carpet area: 845 sq.ft. (78.5 sq.m.),2,2,3+,2,North,Relatively New,1385,940,845,0,0,0,0,0,0,49
flat,tulip violet,sector 69,1.37,8907,1538,Super Built up area 1538(142.88 sq.m.),3,3,1,12,North-East,Relatively New,1538,,,0,0,0,0,0,0,116
flat,breez global hill view,sohna road,0.35,6315,554,Carpet area: 554.16 (51.48 sq.m.),2,2,2,14,West,New Property,,,554.125572,0,0,0,0,0,0,53
flat,dlf the primus,sector 82a,1.8,13846,1300,Super Built up area 1818(168.9 sq.m.)Carpet area: 1300 sq.ft. (120.77 sq.m.),3,3,3+,10,North-East,Relatively New,1818,,1300,0,1,0,0,0,2,174
house,sneh vihar,sohna road,1.35,10000,1350,Plot area 1350(125.42 sq.m.),5,5,3+,4,,Relatively New,,1350,,0,0,0,0,0,0,0
flat,the close north,sector 50,2.51,11992,2093,Super Built up area 2093(194.45 sq.m.),3,3,3,11,North-East,Moderately Old,2093,,,0,0,1,1,0,1,109
flat,vidya apartment,sector 5,0.22,4210,523,Built Up area: 570 (52.95 sq.m.)Carpet area: 550 sq.ft. (51.1 sq.m.),2,2,1,1,North-West,Relatively New,,570,550,0,0,0,0,1,2,36
flat,m3m skywalk,sector 74,2.45,12140,2018,Super Built up area 2018(187.48 sq.m.)Built Up area: 1800 sq.ft. (167.23 sq.m.)Carpet area: 1614 sq.ft. (149.95 sq.m.),3,3,3+,25,South-West,Relatively New,2018,1800,1614,1,0,0,0,0,0,137
flat,tulip violet,sector 69,1.2,10909,1100,Built Up area: 1100 (102.19 sq.m.),2,3,0,0,,Undefined,,1100,,0,0,0,0,0,0,54
flat,ansal heights 86,sector 86,1.25,7396,1690,Super Built up area 1690(157.01 sq.m.),3,2,1,2,,New Property,1690,,,0,0,0,0,0,0,100
house,independent,sector 46,2.2,24202,909,Plot area 101(84.45 sq.m.),3,3,2,3,North-West,Old Property,,909,,0,0,1,0,0,1,56
flat,dlf regency park,sector 28,1.91,16608,1150,Carpet area: 1150 (106.84 sq.m.),2,2,2,11,,New Property,,,1150,0,0,0,0,0,2,98
flat,eldeco accolade,sohna road,0.95,6542,1452,Super Built up area 1452(134.9 sq.m.)Carpet area: 849 sq.ft. (78.87 sq.m.),2,2,3+,6,East,New Property,1452,,849,1,0,0,0,0,1,56
flat,smart world gems,sector 89,0.88,7978,1103,Built Up area: 1103 (102.47 sq.m.),2,2,0,2,,Undefined,,1103,,0,0,0,0,0,0,45
house,vipul tatvam villa,sector 48,7.69,24069,3195,Plot area 355(296.83 sq.m.),4,5,3,2,North-West,Moderately Old,,3195,,1,1,1,1,0,1,110
house,independent,sector 43,2.25,7500,3000,Plot area 550(51.1 sq.m.)Built Up area: 3000 sq.ft. (278.71 sq.m.),11,11,3+,5,West,New Property,,3000,,0,0,0,0,1,2,28
flat,umang monsoon breeze,sector 78,1.1,5055,2176,Built Up area: 2176 (202.16 sq.m.),3,3,3+,9,,Old Property,,2176,,0,1,0,0,0,0,80
house,independent,sector 13,0.9,11464,785,Plot area 785(72.93 sq.m.),5,4,3,3,North-West,Moderately Old,,785,,1,1,0,1,1,0,0
flat,tulip violet,sector 69,1.32,8411,1569,Super Built up area 1568(145.67 sq.m.),3,3,1,12,South-West,Relatively New,1568,,,0,0,0,1,0,1,86
flat,shree vardhman victoria,sector 70,1.9,9743,1950,Super Built up area 1950(181.16 sq.m.),3,3,3,10,North-East,New Property,1950,,,0,1,1,1,1,0,36
flat,conscient elevate,sector 59,4.25,18518,2295,Super Built up area 2295(213.21 sq.m.),3,4,3,3,,Under Construction,2295,,,0,0,0,0,0,0,0
house,independent,sector 26,4.5,33333,1350,Plot area 150(125.42 sq.m.),5,5,3+,2,,Old Property,,1350,,0,0,0,0,0,0,7
flat,central park flower valley,sohna road,1.2,6742,1780,Built Up area: 1780 (165.37 sq.m.),3,3,0,11,,Undefined,,1780,,0,0,0,0,0,0,66
flat,dlf the ultima,sector 81,2.2,11190,1966,Super Built up area 2100(195.1 sq.m.),3,4,3+,7,North-East,Relatively New,2100,,,0,1,0,0,0,2,104
house,eros rosewood city,sector 49,4.05,20769,1950,Plot area 1710(158.86 sq.m.)Built Up area: 2000 sq.ft. (185.81 sq.m.)Carpet area: 1950 sq.ft. (181.16 sq.m.),3,3,3,2,East,Moderately Old,,2000,1950,0,1,1,0,0,0,46
house,independent,sector 55,3.1,20026,1548,Plot area 172(143.81 sq.m.),5,4,3+,2,North-East,Moderately Old,,1548,,0,1,1,0,0,1,59
flat,m3m skywalk,sector 74,1.55,13790,1124,Super Built up area 1406(130.62 sq.m.)Built Up area: 1300 sq.ft. (120.77 sq.m.)Carpet area: 1124 sq.ft. (104.42 sq.m.),2,2,3+,18,South,Relatively New,1406,1300,1124,0,0,0,0,1,0,137
flat,nbcc heights,sector 89,1.5,7058,2125,Super Built up area 2125(197.42 sq.m.),3,3,3,8,,Relatively New,2125,,,1,1,0,0,0,0,105
house,not applicable,sector 4,0.65,13000,500,Plot area 500(46.45 sq.m.),2,1,1,3,East,Moderately Old,,500,,0,0,0,0,0,0,7
flat,godrej oasis,sector 88a,1.5,8108,1850,Super Built up area 1850(171.87 sq.m.),3,3,3+,11,North-East,New Property,1850,,,0,0,0,0,0,0,39
flat,unitech the residences,sector 33,1.1,9909,1110,Super Built up area 1110(103.12 sq.m.)Built Up area: 1100 sq.ft. (102.19 sq.m.)Carpet area: 1000 sq.ft. (92.9 sq.m.),2,2,3,9,East,Moderately Old,1110,1100,1000,0,0,0,0,0,1,44
house,international city by sobha phase 1,sector 109,5.85,26423,2214,Plot area 246(205.69 sq.m.),4,5,3+,2,East,Relatively New,,2214,,0,1,0,0,0,1,85
flat,mapsko casa bella,sector 82,1.75,6903,2535,Built Up area: 2535 (235.51 sq.m.)Carpet area: 1960 sq.ft. (182.09 sq.m.),4,5,3+,1,West,Undefined,,2535,1960,0,0,0,0,0,0,54
house,independent,sector 28,1.39,11583,1200,Plot area 540(50.17 sq.m.)Built Up area: 1450 sq.ft. (134.71 sq.m.)Carpet area: 1200 sq.ft. (111.48 sq.m.),2,2,1,3,North-East,Old Property,,1450,1200,0,0,1,0,0,0,37
flat,sahara grace,sector 28,5.5,14612,3764,Super Built up area 3764(349.69 sq.m.),4,5,3+,5,East,Moderately Old,3764,,,0,1,0,0,1,1,8
flat,emaar mgf the palm drive,sector 66,3.2,17777,1800,Super Built up area 2200(204.39 sq.m.)Carpet area: 1800 sq.ft. (167.23 sq.m.),3,3,3,12,South-West,Relatively New,2200,,1800,1,1,1,1,0,1,117
flat,tulip orange,sector 70,1,10309,970,Carpet area: 970 (90.12 sq.m.),3,2,2,3,,Moderately Old,,,970,0,0,0,0,0,0,58
house,independent,sector 47,5.15,26615,1935,Plot area 215(179.77 sq.m.),9,9,3+,3,East,Relatively New,,1935,,0,0,1,0,0,1,75
flat,bestech park view ananda,sector 81,0.88,8042,1094,Super Built up area 1360(126.35 sq.m.)Carpet area: 1094 sq.ft. (101.64 sq.m.),2,2,3,8,West,Relatively New,1360,,1094,1,0,0,0,0,1,95
flat,sobha city,sector 108,2.9,14478,2003,Super Built up area 2003(186.08 sq.m.),3,4,2,11,North-East,Relatively New,2003,,,0,0,0,0,0,0,108
flat,sare green parc 2,sector 92,0.75,4745,1581,Super Built up area 1454(135.08 sq.m.)Built Up area: 1415 sq.ft. (131.46 sq.m.)Carpet area: 1350 sq.ft. (125.42 sq.m.),3,3,3,2,East,Relatively New,1454,1415,1350,0,0,0,0,1,1,49
house,independent,sector 56,7.25,29336,2471,Plot area 303(253.35 sq.m.),8,8,3+,0,North-East,Moderately Old,,303,,0,0,0,0,0,1,24
house,independent,sector 13,0.45,4808,936,Built Up area: 936 (86.96 sq.m.),1,1,0,1,,Undefined,,936,,0,0,0,0,0,0,0
flat,godrej icon,sector 88a,1.62,10018,1617,Super Built up area 1617(150.22 sq.m.),3,2,3+,10,East,Relatively New,1617,,,1,0,0,0,0,2,49
house,unitech espace,sector 50,11.5,35494,3240,Built Up area: 3240 (301.01 sq.m.),5,6,0,1,North-West,Undefined,,3240,,0,0,0,0,0,0,0
house,independent,sector 57,3.6,20833,1728,Plot area 192(160.54 sq.m.),4,4,2,2,South,Old Property,,1728,,1,1,1,1,0,0,110
house,independent,sector 46,3.6,24845,1449,Plot area 161(134.62 sq.m.),5,5,3+,3,South-East,Moderately Old,,1449,,0,1,0,0,0,1,75
flat,m3m heights,sector 65,2.01,13500,1489,Super Built up area 1516(140.84 sq.m.)Carpet area: 1433 sq.ft. (133.13 sq.m.),2,2,3,8,North-East,New Property,1516,,1433,1,0,0,0,0,0,44
flat,gls avenue 51,sector 92,0.21,6953,302,Carpet area: 302 (28.06 sq.m.),1,1,1,0,South-East,Relatively New,,,302,0,0,0,0,0,0,63
flat,ireo skyon,sector 60,2.05,15185,1350,Super Built up area 1524(141.58 sq.m.)Built Up area: 1520 sq.ft. (141.21 sq.m.)Carpet area: 1350 sq.ft. (125.42 sq.m.),2,3,2,2,North-East,Relatively New,1524,1520,1350,0,0,1,0,0,1,174
house,independent,sector 26,14.75,51864,2844,Plot area 316(264.22 sq.m.),16,20,3+,4,East,New Property,,2844,,1,1,1,1,0,1,153
flat,smriti apartment,sector 56,0.45,7500,600,Super Built up area 600(55.74 sq.m.),1,1,2,3,,Old Property,600,,,0,0,0,0,0,0,57
flat,ramprastha the edge towers,sector 37d,0.75,5319,1410,Built Up area: 1410 (130.99 sq.m.),2,2,3,19,,Moderately Old,,1410,,0,0,0,0,0,0,63
flat,m3m golfestate,sector 65,6.15,18287,3363,Super Built up area 3363(312.43 sq.m.)Carpet area: 2710 sq.ft. (251.77 sq.m.),3,3,3,23,,Moderately Old,3363,,2710,1,1,0,0,0,1,60
flat,smart world gems,sector 89,1.16,8151,1423,Carpet area: 1423 (132.2 sq.m.),3,3,2,3,South-East,Under Construction,,,1423,1,0,0,0,0,0,68
flat,godrej,sector 79,2.03,9046,2244,Super Built up area 2244(208.47 sq.m.),3,4,3+,7,South-East,Relatively New,2244,,,0,1,0,0,0,0,118
house,independent,sector 7,1.16,11717,990,Carpet area: 110 (91.97 sq.m.),5,4,2,1,North-East,Undefined,,,110,0,0,0,0,0,0,0
flat,corona optus,sector 37,1.43,7185,1990,Super Built up area 1990(184.88 sq.m.)Carpet area: 1700 sq.ft. (157.94 sq.m.),3,3,3+,2,North-West,Relatively New,1990,,1700,1,1,0,0,1,0,49
flat,shree vardhman flora,sector 90,0.92,4906,1875,Super Built up area 1875(174.19 sq.m.)Carpet area: 1161 sq.ft. (107.86 sq.m.),3,4,3,4,North-East,Relatively New,1875,,1161,0,1,0,0,0,0,116
flat,orchid petals,sector 49,4.52,10984,4115,Super Built up area 4115(382.3 sq.m.),5,5,3+,14,West,Moderately Old,4115,,,1,1,0,1,0,0,49
flat,dlf the icon,sector 43,5.25,20388,2575,Super Built up area 2575(239.23 sq.m.)Built Up area: 2570 sq.ft. (238.76 sq.m.)Carpet area: 2560 sq.ft. (237.83 sq.m.),4,4,3,9,North,Old Property,2575,2570,2560,0,1,0,1,1,0,135
flat,mapsko mount ville,sector 79,1.3,8724,1490,Super Built up area 1490(138.43 sq.m.)Built Up area: 1176 sq.ft. (109.25 sq.m.)Carpet area: 863.91 sq.ft. (80.26 sq.m.),3,3,3,19,East,Relatively New,1490,1176,863.91,0,0,1,0,0,1,102
flat,signature global city 63a,sector 63a,1.4,11336,1235,Carpet area: 1235 (114.74 sq.m.),2,2,2,3,East,Under Construction,,,1235,0,0,0,0,1,0,0
house,independent,sector 6,1.25,11574,1080,Plot area 120(100.34 sq.m.)Built Up area: 120 sq.yards (100.34 sq.m.),5,5,1,2,South,New Property,,120,,0,0,0,1,0,0,0
flat,sobha city,sector 108,3.25,15685,2072,Super Built up area 2072(192.5 sq.m.),3,3,3,12,North,Relatively New,2072,,,0,0,0,0,0,0,99
flat,signature global city 92,sector 92,0.99,9074,1091,Built Up area: 1091 (101.36 sq.m.),3,2,3,1,,Under Construction,,1091,,0,0,0,0,0,0,24
flat,godrej aria,sector 79,1.3,9622,1351,Super Built up area 1351(125.51 sq.m.),2,4,2,3,East,Relatively New,1351,,,0,0,0,0,0,0,53
house,independent,sector 46,5.5,23061,2385,Plot area 265(221.57 sq.m.),8,8,3+,3,,Moderately Old,,2385,,1,0,0,0,1,1,32
house,independent,sector 17,7.2,15926,4521,Plot area 420,4,4,2,1,,Old Property,,4494,,0,1,1,0,0,0,0
flat,dlf regal gardens,sector 90,1.65,7449,2215,Super Built up area 2215(205.78 sq.m.)Built Up area: 2214 sq.ft. (205.69 sq.m.)Carpet area: 2213 sq.ft. (205.59 sq.m.),4,4,3+,15,East,Relatively New,2215,2214,2213,0,0,0,0,0,0,158
flat,piedmont taksila heights,sector 37,0.9,5855,1537,Built Up area: 1537 (142.79 sq.m.),3,3,3,9,South-West,Moderately Old,,1537,,0,0,0,0,0,1,94
flat,sobha city,sector 108,1.9,13758,1381,Super Built up area 1381(128.3 sq.m.),2,2,2,8,East,Relatively New,1381,,,0,0,0,0,0,0,85
house,independent,sector 23,5.5,13095,4200,Plot area 4200(390.19 sq.m.),9,9,3+,3,South,Moderately Old,,4200,,0,1,0,0,1,1,0
flat,dlf regal gardens,sector 90,1.25,8116,1540,Super Built up area 1702(158.12 sq.m.)Built Up area: 1640 sq.ft. (152.36 sq.m.)Carpet area: 1540 sq.ft. (143.07 sq.m.),3,3,3,8,South-East,Relatively New,1702,1640,1540,0,0,0,1,0,0,158
house,independent,sector 6,0.75,10518,713,Plot area 713(66.24 sq.m.),6,4,1,3,,Moderately Old,,713,,0,0,0,0,0,0,62
flat,ambience creacions,sector 22,3.2,11500,2783,Super Built up area 2781(258.36 sq.m.),3,4,3+,2,North-East,New Property,2781,,,0,0,0,0,0,0,42
flat,m3m woodshire,sector 107,1.8,7623,2361,Super Built up area 2361(219.34 sq.m.)Carpet area: 1384 sq.ft. (128.58 sq.m.),3,4,3+,2,,Relatively New,2361,,1384,0,1,0,0,0,0,129
flat,ireo the corridors,sector 67a,1.8,9370,1921,Super Built up area 1921(178.47 sq.m.)Carpet area: 1227.96 sq.ft. (114.08 sq.m.),3,3,2,3,North,New Property,1921,,1227.96,1,0,1,0,0,1,150
house,independent,sector 82,7,21605,3240,Plot area 360(301.01 sq.m.),4,4,3+,1,North-East,Relatively New,,3240,,1,1,0,1,0,1,49
flat,signature global solera 2,sector 107,0.5,8928,560,Carpet area: 560 (52.03 sq.m.),2,2,2,13,,New Property,,,560,0,0,0,0,0,0,8
flat,dlf the primus,sector 82a,3.5,13430,2606,Carpet area: 2606 (242.11 sq.m.),5,5,3+,14,North-East,Relatively New,,,2606,1,0,0,0,0,2,49
house,ansals palam vihar,sector 2,5,12500,4000,Built Up area: 4000 (371.61 sq.m.),6,4,0,3,,Undefined,,4000,,0,0,0,0,0,0,0
flat,godrej air,sector 85,1.05,10603,990,Built Up area: 97 Carpet area: 92 sq.m.,2,2,1,15,East,Under Construction,,97,92,0,0,0,0,0,0,45
flat,tulip white,sector 69,0.91,6862,1326,Carpet area: 1326 (123.19 sq.m.),3,2,2,12,,Moderately Old,,,1326,0,0,0,0,0,0,43
house,ansals palam vihar,sector 2,4,16666,2400,Plot area 2400(222.97 sq.m.),4,4,3+,2,North-East,Moderately Old,,2400,,0,1,0,0,0,0,0
flat,emaar mgf the palm drive,sector 66,2.85,14615,1950,Super Built up area 1950(181.16 sq.m.)Built Up area: 1920 sq.ft. (178.37 sq.m.)Carpet area: 1550 sq.ft. (144 sq.m.),3,3,3,11,North-East,Relatively New,1950,1920,1550,1,0,0,0,0,1,67
flat,signature global synera,sector 81,0.5,7886,634,Carpet area: 634 (58.9 sq.m.),2,2,1,11,East,New Property,,,634,0,0,0,0,0,2,97
flat,emaar palm heights,sector 77,2.1,10370,2025,Super Built up area 2025(188.13 sq.m.),3,3,3,17,,New Property,2025,,,1,1,0,0,0,0,8
house,independent,sector 7,2,11111,1800,Plot area 200(167.23 sq.m.),2,2,1,2,,Relatively New,,1800,,0,0,0,0,0,0,0
flat,m3m golfestate,sector 65,6.15,15998,3844,Carpet area: 3844 (357.12 sq.m.),3,5,3+,1,West,Relatively New,,,3844,0,1,0,0,0,2,49
flat,antriksh heights,sector 84,0.92,5041,1825,Super Built up area 1825(169.55 sq.m.),3,3,3,2,East,Relatively New,1825,,,1,0,0,1,0,0,67
house,independent,sector 28,1.45,8000,1812,Built Up area: 1800 (167.23 sq.m.)Carpet area: 900 sq.ft. (83.61 sq.m.),3,2,1,1,North,Relatively New,,1800,900,0,0,0,0,0,0,0
flat,bestech park view residency,sector 2,1.55,8072,1920,Super Built up area 1920(178.37 sq.m.),3,4,3+,10,East,Moderately Old,1920,,,0,1,0,0,0,0,100
flat,indiabulls centrum park,sector 103,2.36,9182,2570,Super Built up area 2875(267.1 sq.m.)Carpet area: 2570 sq.ft. (238.76 sq.m.),4,6,3+,8,East,Relatively New,2875,,2570,0,1,0,0,0,1,159
flat,hero homes,sector 104,1.2,17548,684,Super Built up area 1099(102.1 sq.m.)Carpet area: 683.83 sq.ft. (63.53 sq.m.),2,2,2,22,,Under Construction,1099,,683.83,0,0,0,0,0,0,30
flat,sare crescent parc,sector 92,0.5,5000,1000,Super Built up area 1000(92.9 sq.m.),2,2,3,2,,Moderately Old,1000,,,0,0,0,0,0,0,38
flat,indiabulls enigma,sector 110,3.25,9558,3400,Super Built up area 3400(315.87 sq.m.),4,4,3,11,South,Relatively New,3400,,,0,1,0,0,1,0,125
flat,shapoorji pallonji joyville gurugram,sector 102,1.35,14754,915,Super Built up area 915(85.01 sq.m.),2,2,2,10,,Under Construction,915,,,0,0,0,0,0,0,22
flat,emaar mgf emerald floors premier,sector 65,2.35,14242,1650,Built Up area: 1650 (153.29 sq.m.),3,3,2,4,East,Relatively New,,1650,,1,1,0,0,0,0,165
flat,apex our homes,sector 37,0.38,4108,925,Built Up area: 925 (85.94 sq.m.)Carpet area: 800 sq.ft. (74.32 sq.m.),2,2,1,9,,Relatively New,,925,800,0,0,0,0,0,0,65
flat,mariners home,sector 56,2.11,8612,2450,Super Built up area 2450(227.61 sq.m.)Built Up area: 2250 sq.ft. (209.03 sq.m.)Carpet area: 2150 sq.ft. (199.74 sq.m.),3,2,3,4,South,Relatively New,2450,2250,2150,0,0,0,0,1,1,126
flat,m3m skywalk,sector 74,1.48,12333,1200,Super Built up area 1400(130.06 sq.m.)Built Up area: 1300 sq.ft. (120.77 sq.m.)Carpet area: 1200 sq.ft. (111.48 sq.m.),2,2,3,13,North-East,Relatively New,1400,1300,1200,0,0,1,0,0,0,158
house,dlf city plots,sector 26,17,37627,4518,Plot area 502(419.74 sq.m.),5,6,3,2,North-West,Old Property,,4518,,0,1,1,1,0,1,87
flat,signature global infinity mall,sector 36,0.41,6269,654,Built Up area: 654 (60.76 sq.m.),2,2,3,3,,Undefined,,654,,0,0,0,0,0,0,0
flat,ss the leaf,sector 85,2.05,7290,2812,Super Built up area 2812(261.24 sq.m.)Built Up area: 2500 sq.ft. (232.26 sq.m.)Carpet area: 2250 sq.ft. (209.03 sq.m.),4,4,3+,4,North-East,Relatively New,2812,2500,2250,0,1,0,0,0,1,49
flat,ats tourmaline,sector 109,2.95,9365,3150,Super Built up area 3150(292.64 sq.m.),4,5,3+,10,North-East,Relatively New,3150,,,0,1,0,0,0,0,101
flat,signature global park,sohna road,0.53,6386,830,Carpet area: 822 (76.37 sq.m.),2,2,2,2,North-East,Relatively New,,,822,0,0,0,1,0,0,168
house,independent,sector 7,2.43,14890,1632,Plot area 181.33(151.61 sq.m.)Built Up area: 345 sq.yards (288.46 sq.m.),4,4,2,3,South-West,Old Property,,345,,1,0,1,1,0,0,38
flat,sare crescent parc royal greens phase 1,sector 92,0.95,5007,1897,Super Built up area 1897(176.24 sq.m.),4,5,3+,4,,Moderately Old,1897,,,0,1,0,0,0,0,37
house,vipul tatvam villa,sector 48,7.25,201388,360,Plot area 360(33.45 sq.m.),4,4,3,2,,Relatively New,,360,,1,1,1,1,0,1,103
flat,vatika gurgaon,sector 83,1.19,7437,1600,Carpet area: 1600 (148.64 sq.m.),3,3,2,10,South,Relatively New,,,1600,0,1,0,0,0,1,35
house,independent,sector 25,16,59259,2700,Plot area 350(292.64 sq.m.)Built Up area: 325 sq.yards (271.74 sq.m.)Carpet area: 300 sq.yards (250.84 sq.m.),16,16,3+,4,West,New Property,,325,300,1,1,1,1,0,2,72
flat,raheja vanya,sector 99,0.59,3975,1484,Super Built up area 1252.13(116.33 sq.m.),2,2,3,1,East,Under Construction,1252.13,,,0,0,0,0,1,0,96
flat,lotus homz,sector 111,0.6,8450,710,Carpet area: 710 (65.96 sq.m.),2,2,3,9,East,New Property,,,710,0,0,0,0,0,0,52
flat,smart world orchard,sector 61,1.41,12250,1151,Built Up area: 1150 (106.84 sq.m.),2,2,2,2,,Under Construction,,1150,,1,0,0,0,0,0,76
flat,parsvnath green ville,sector 48,1.75,7201,2430,Super Built up area 2430(225.75 sq.m.)Built Up area: 2200 sq.ft. (204.39 sq.m.)Carpet area: 1800 sq.ft. (167.23 sq.m.),3,3,3,7,South,Old Property,2430,2200,1800,0,1,0,0,0,1,109
house,emaar mgf marbella,sector 66,15.1,18605,8116,Plot area 754,5,5,3+,3,East,New Property,,8067.8,,1,1,1,1,0,0,120
flat,gls arawali homes,sohna road,0.35,6076,576,Super Built up area 576(53.51 sq.m.)Carpet area: 480.53 sq.ft. (44.64 sq.m.),2,2,2,11,,Relatively New,576,,480.53,0,0,0,0,0,0,64
flat,kamroon court,sector 43,2.75,13750,2000,Carpet area: 2000 (185.81 sq.m.),3,4,3+,5,North-East,Moderately Old,,,2000,0,1,0,0,1,1,49
house,independent,sector 47,5.25,11666,4500,Plot area 1944(180.6 sq.m.)Built Up area: 4650 sq.ft. (432 sq.m.)Carpet area: 4500 sq.ft. (418.06 sq.m.),9,9,3+,4,East,Relatively New,,4650,4500,0,1,0,0,0,1,142
flat,supertech hues,sector 68,1,8474,1180,Carpet area: 1180 (109.63 sq.m.),2,2,3,23,,New Property,,,1180,0,0,0,0,0,0,49
flat,chd avenue,sector 71,0.95,7929,1198,Super Built up area 1198(111.3 sq.m.),2,2,2,5,South,Moderately Old,1198,,,0,0,0,0,0,1,142
flat,the nav manesar apartment,sector 1,0.85,3953,2150,Super Built up area 2150(199.74 sq.m.),3,3,3+,5,North-East,Moderately Old,2150,,,0,1,0,0,0,0,5
flat,suncity heights,sector 54,3.25,14118,2302,Carpet area: 2302 (213.86 sq.m.),3,3,3+,0,East,Old Property,,,2302,0,0,0,1,0,1,120
flat,vatika gurgaon,sector 83,1.25,6313,1980,Super Built up area 1980(183.95 sq.m.),3,3,2,2,West,Relatively New,1980,,,0,1,0,0,0,0,119
house,uppal southend,sector 49,6.75,32328,2088,Plot area 232(193.98 sq.m.),12,12,3+,3,North,Moderately Old,,2088,,1,1,0,1,1,1,49
house,independent,sector 28,8.4,34568,2430,Plot area 270(225.75 sq.m.),4,4,3+,2,North-East,Relatively New,,2430,,0,1,1,1,0,1,139
house,not applicable,sector 4,0.8,54794,146,Plot area 146(13.56 sq.m.),5,4,3,3,,Under Construction,,146,,0,0,0,0,0,0,0
flat,m3m the marina,sector 68,1,12500,800,Carpet area: 800 (74.32 sq.m.),2,2,3,21,,Relatively New,,,800,0,0,0,0,0,0,31
flat,puri diplomatic greens,sector 111,3.4,11525,2950,Super Built up area 2950(274.06 sq.m.),4,5,3+,14,East,Relatively New,2950,,,0,1,0,0,0,1,94
flat,satya the hermitage,sector 103,0.93,6404,1452,Carpet area: 1452 (134.9 sq.m.),2,3,3,3,East,Relatively New,,,1452,0,1,0,0,0,1,90
house,bptp astaire gardens,sector 70a,1.18,8137,1450,Carpet area: 1450 (134.71 sq.m.),3,3,3+,2,North-East,Relatively New,,,1450,0,0,0,0,1,1,153
flat,pioneer araya,sector 62,10.75,19500,5513,Super Built up area 5514(512.27 sq.m.),5,7,3,10,North-East,Relatively New,5514,,,0,1,0,0,0,1,153
flat,professors enclave cghs,sector 56,1.55,7750,2000,Super Built up area 2000(185.81 sq.m.),3,3,3+,6,East,Moderately Old,2000,,,0,1,0,0,0,1,49
flat,sidhartha ncr one phase,sector 95,0.9,4500,2000,Built Up area: 2000 (185.81 sq.m.),3,3,1,15,,Relatively New,,2000,,0,0,0,0,0,0,60
flat,dlf the ultima,sector 81,2.45,11491,2132,Super Built up area 2132(198.07 sq.m.)Built Up area: 1800 sq.ft. (167.23 sq.m.)Carpet area: 1500 sq.ft. (139.35 sq.m.),3,3,2,9,South-East,Relatively New,2132,1800,1500,0,1,0,0,0,1,174
flat,pareena mi casa,sector 68,0.92,7389,1245,Super Built up area 1245(115.66 sq.m.),2,2,3,5,West,Under Construction,1245,,,0,0,0,0,1,0,50
flat,tulip violet,sector 69,1.4,8928,1568,Super Built up area 1568(145.67 sq.m.)Carpet area: 1200 sq.ft. (111.48 sq.m.),3,3,1,12,North,Relatively New,1568,,1200,0,0,0,1,0,0,174
flat,prime habitat,sector 99,0.27,6049,446,Carpet area: 448 (41.62 sq.m.),2,2,1,10,South,Relatively New,,,448,0,0,0,0,0,0,67
flat,tulip ivory,sector 70,2,8333,2400,Super Built up area 2400(222.97 sq.m.)Carpet area: 1850 sq.ft. (171.87 sq.m.),4,5,3+,6,East,Moderately Old,2400,,1850,0,1,0,0,0,1,95
flat,pyramid pride,sector 76,0.5,6578,760,Carpet area: 760 (70.61 sq.m.),2,2,1,8,North,Under Construction,,,760,0,0,0,0,0,0,76
flat,zara aavaas,sector 104,0.2,6645,301,Built Up area: 301 (27.96 sq.m.),1,1,1,3,North-East,Undefined,,301,,0,0,0,0,0,0,67
flat,godrej meridien,sector 106,3.2,16000,2000,Carpet area: 2002 (185.99 sq.m.),3,3,3+,6,,Under Construction,,,2002,0,1,0,0,0,0,49
flat,shree vardhman victoria,sector 70,1.63,8358,1950,Super Built up area 1950(181.16 sq.m.)Carpet area: 1161 sq.ft. (107.86 sq.m.),3,5,3,12,East,Relatively New,1950,,1161,0,1,0,0,0,0,43
flat,ireo the corridors,sector 67a,2,11580,1727,Super Built up area 1727(160.44 sq.m.)Carpet area: 1017 sq.ft. (94.48 sq.m.),3,3,2,6,,Under Construction,1727,,1017,0,0,0,0,1,0,15
flat,godrej,sector 79,1.29,8206,1572,Super Built up area 1572(146.04 sq.m.),2,2,3,4,,New Property,1572,,,0,0,0,0,0,0,0
flat,"godrej 101, sector 79",sector 79,1.25,9038,1383,Built Up area: 1383 (128.48 sq.m.),2,2,3,1,East,Undefined,,1383,,0,0,0,0,0,0,0
house,indiabulls centrum park,sector 103,3.25,8125,4000,Plot area 4000(371.61 sq.m.),4,3,3+,20,,Under Construction,,4000,,0,0,0,0,0,0,51
flat,godrej nature plus,sector 33,1.4,9333,1500,Super Built up area 1500(139.35 sq.m.)Carpet area: 1385 sq.ft. (128.67 sq.m.),2,2,3,14,,Under Construction,1500,,1385,0,0,0,0,0,0,67
flat,kanchanjanga tower,sector 56,1.45,7631,1900,Super Built up area 1900(176.52 sq.m.),3,3,3+,2,North,Moderately Old,1900,,,0,0,0,0,0,1,126
flat,orris aster court premier,sector 85,1.25,5896,2120,Super Built up area 2120(196.95 sq.m.)Built Up area: 1900 sq.ft. (176.52 sq.m.)Carpet area: 1800 sq.ft. (167.23 sq.m.),3,4,2,5,North,Relatively New,2120,1900,1800,0,1,0,0,0,1,174
house,independent,sector 8,0.59,10085,585,Plot area 585(54.35 sq.m.),2,2,2,2,,Moderately Old,,585,,0,0,0,0,1,0,7
flat,bestech park view city,sector 49,2.9,12169,2383,Super Built up area 2383(221.39 sq.m.),4,4,3+,5,South-West,Moderately Old,2383,,,0,1,0,0,0,0,117
flat,m3m heights,sector 65,2.15,15003,1433,Built Up area: 1433 (133.13 sq.m.),2,2,3+,28,East,Undefined,,1433,,0,0,0,0,0,0,48
flat,shree vardhman victoria,sector 70,1.9,9743,1950,Super Built up area 1950(181.16 sq.m.),3,3,3,10,North-East,New Property,1950,,,0,1,1,1,1,0,36
flat,pioneer araya,sector 62,7.56,18000,4200,Built Up area: 4200 (390.19 sq.m.),4,4,3+,23,West,Relatively New,,4200,,0,1,0,1,0,1,87
flat,vatika city homes,sector 83,0.75,5660,1325,Super Built up area 1325(123.1 sq.m.),2,2,2,3,West,Relatively New,1325,,,0,0,0,0,0,1,49
flat,emaar mgf emerald floors premier,sector 65,2.29,13878,1650,Carpet area: 1650 (153.29 sq.m.),3,4,3+,2,West,Relatively New,,,1650,1,1,0,0,0,2,174
flat,assotech blith,sector 99,1.9,6702,2835,Built Up area: 2835 (263.38 sq.m.),4,4,3+,2,North-East,Undefined,,2835,,0,0,0,0,0,0,51
flat,birla navya,sector 63a,3.7,15416,2400,Carpet area: 2400 (222.97 sq.m.),3,3,3+,1,North,Under Construction,,,2400,0,0,0,0,0,0,72
house,unitech palms south city 1,sector 41,9.25,28549,3240,Plot area 3240(301.01 sq.m.)Built Up area: 5000 sq.ft. (464.52 sq.m.)Carpet area: 4500 sq.ft. (418.06 sq.m.),9,9,3+,4,North,Moderately Old,,5000,4500,1,1,1,1,0,1,65
house,independent,sohna road,1.5,14245,1053,Plot area 117(97.83 sq.m.),2,3,2,1,North,New Property,,1053,,1,0,0,1,0,1,69
house,uppal southend,sector 49,6.75,31915,2115,Plot area 235(196.49 sq.m.),12,12,3+,3,West,Moderately Old,,2115,,0,0,0,0,1,0,49
flat,emaar gurgaon greens,sector 102,1.54,9333,1650,Super Built up area 1650(153.29 sq.m.)Carpet area: 1022.58 sq.ft. (95 sq.m.),3,3,3,12,North-East,Relatively New,1650,,1022.58,0,1,0,0,0,0,61
flat,lord krishna,sector 12,2.7,8571,3150,Built Up area: 3150 (292.64 sq.m.),4,3,3,6,North-East,Undefined,,3150,,0,0,0,0,0,0,0
house,unitech palms south city 1,sector 41,9.35,28858,3240,Plot area 3240(301.01 sq.m.)Built Up area: 7500 sq.ft. (696.77 sq.m.)Carpet area: 6000 sq.ft. (557.42 sq.m.),10,10,3+,4,North-East,Moderately Old,,7500,6000,1,1,0,0,0,1,70
flat,tata primanti,sector 72,3.21,16050,2000,Super Built up area 2185(202.99 sq.m.)Built Up area: 2140 sq.ft. (198.81 sq.m.)Carpet area: 2000 sq.ft. (185.81 sq.m.),3,4,3+,15,North-East,Relatively New,2185,2140,2000,0,1,0,0,0,1,174
flat,puri diplomatic greens,sector 111,3.5,11864,2950,Super Built up area 2950(274.06 sq.m.)Built Up area: 2700 sq.ft. (250.84 sq.m.)Carpet area: 2500 sq.ft. (232.26 sq.m.),4,5,3+,10,North-East,Relatively New,2950,2700,2500,0,1,0,0,0,1,49
flat,dlf new town heights,sector 86,1.3,6735,1930,Super Built up area 1930(179.3 sq.m.)Built Up area: 1715 sq.ft. (159.33 sq.m.),3,3,3,15,South,Relatively New,1930,1715,,0,1,0,1,0,1,49
flat,breez global hill view,sohna road,0.35,6315,554,Carpet area: 554.16 (51.48 sq.m.),2,2,2,14,West,New Property,,,554.125572,0,0,0,0,0,0,53
flat,raheja vedaanta,sector 108,0.7,4666,1500,Built Up area: 1468 (136.38 sq.m.)Carpet area: 1150 sq.ft. (106.84 sq.m.),2,2,1,10,West,Moderately Old,,1468,1150,0,0,0,0,0,0,0
flat,puri emerald bay,sector 104,2.55,10408,2450,Super Built up area 2450(227.61 sq.m.)Carpet area: 2150 sq.ft. (199.74 sq.m.),4,4,3+,5,East,Relatively New,2450,,2150,0,1,0,0,0,0,49
flat,ats tourmaline,sector 109,1.75,10000,1750,Super Built up area 1750(162.58 sq.m.)Built Up area: 1466 sq.ft. (136.2 sq.m.)Carpet area: 1460 sq.ft. (135.64 sq.m.),3,3,3,4,,New Property,1750,1466,1460,0,0,0,0,0,0,31
flat,bestech park view grand spa,sector 81,4.7,6786,6926,Super Built up area 6926(643.45 sq.m.),4,4,3+,19,North,Relatively New,6926,,,0,1,0,0,0,1,140
flat,om appartments,sector 5,0.4,4444,900,Carpet area: 900 (83.61 sq.m.),3,2,1,3,,Relatively New,,,900,0,0,0,0,0,0,7
house,ansal sushant lok plots,sector 43,11.5,17692,6500,Plot area 3762(349.5 sq.m.)Built Up area: 9000 sq.ft. (836.13 sq.m.)Carpet area: 6500 sq.ft. (603.87 sq.m.),7,8,3+,3,,Old Property,,9000,6500,0,1,1,1,0,1,31
flat,tata primanti,sector 72,6.75,19285,3500,Super Built up area 4250(394.84 sq.m.)Built Up area: 4000 sq.ft. (371.61 sq.m.)Carpet area: 3500 sq.ft. (325.16 sq.m.),4,4,3+,0,North-East,New Property,4250,4000,3500,0,1,0,0,0,1,174
flat,unitech the residences,sector 33,1.55,9872,1570,Super Built up area 1570(145.86 sq.m.),3,4,1,1,South,Relatively New,1570,,,0,1,0,0,0,0,37
flat,orris aster court,sector 85,0.67,5825,1150,Super Built up area 1375(127.74 sq.m.)Built Up area: 1250 sq.ft. (116.13 sq.m.)Carpet area: 1150 sq.ft. (106.84 sq.m.),2,2,2,5,North-West,Relatively New,1375,1250,1150,0,0,0,0,1,1,174
flat,signature global solera,sector 107,0.5,7692,650,Super Built up area 546(50.73 sq.m.),2,2,1,11,,Relatively New,546,,,0,0,0,0,0,0,55
flat,emaar gurgaon greens,sector 102,1.45,8787,1650,Super Built up area 1650(153.29 sq.m.)Built Up area: 1300 sq.ft. (120.77 sq.m.)Carpet area: 1100 sq.ft. (102.19 sq.m.),3,3,3,8,North-East,Relatively New,1650,1300,1100,0,1,0,0,0,0,49
flat,lavanya apartments,sector 81,0.9,5056,1780,Built Up area: 1780 (165.37 sq.m.),3,3,0,7,,Undefined,,1780,,0,0,0,0,0,0,0
house,ansal api esencia,sector 67,1.85,74000,250,Carpet area: 250 (23.23 sq.m.),3,3,3,1,,Undefined,,,250,0,0,0,0,0,0,49
flat,cghs rail vihar,sector 15,1.4,10769,1300,Carpet area: 1300 (120.77 sq.m.),4,3,3,3,East,Old Property,,,1300,0,0,0,0,0,1,81
flat,m3m merlin,sector 67,2.8,13671,2048,Super Built up area 2048(190.27 sq.m.),3,3,3,2,East,Relatively New,2048,,,0,0,1,0,0,2,174
flat,ashok vihar phase 2,sector 5,0.28,4307,650,Super Built up area 650(60.39 sq.m.)Carpet area: 550 sq.ft. (51.1 sq.m.),2,2,1,3,North,Relatively New,650,,550,0,0,0,0,0,0,64
flat,dlf regal gardens,sector 90,1.25,5931,2108,Super Built up area 1720(159.79 sq.m.),3,3,3,18,North-East,Relatively New,1720,,,0,0,0,0,1,0,72
flat,puri emerald bay,sector 104,2.49,10163,2450,Super Built up area 2450(227.61 sq.m.),3,3,3+,14,South,Relatively New,2450,,,0,1,0,0,0,1,129
flat,shree vardhman flora,sector 90,0.64,4923,1300,Super Built up area 1300(120.77 sq.m.)Carpet area: 1100 sq.ft. (102.19 sq.m.),2,2,3,6,East,Old Property,1300,,1100,1,0,0,0,0,0,103
house,independent,sector 11,2.5,17857,1400,Plot area 1400(130.06 sq.m.)Built Up area: 1850 sq.ft. (171.87 sq.m.),5,4,3,1,East,Old Property,,1850,,0,0,1,0,0,0,0
flat,kw royal court,sector 39,2,6250,3200,Carpet area: 3200 (297.29 sq.m.),5,4,3,9,East,Old Property,,,3200,0,1,0,0,0,2,49
flat,m3m skywalk,sector 74,1.5,10714,1400,Carpet area: 1400 (130.06 sq.m.),2,2,1,8,,New Property,,,1400,0,0,0,0,0,0,16
flat,umang winter hills,sector 77,0.75,5588,1342,Super Built up area 1342(124.68 sq.m.)Built Up area: 1180 sq.ft. (109.63 sq.m.)Carpet area: 1050 sq.ft. (97.55 sq.m.),2,2,2,7,North-East,Relatively New,1342,1180,1050,0,0,0,0,0,1,174
flat,landmark the residency,sector 103,0.9,6666,1350,Super Built up area 1350(125.42 sq.m.),2,2,2,1,South-West,Relatively New,1350,,,0,0,0,0,0,0,44
flat,avl 36 gurgaon,sector 36,0.5,8333,600,Built Up area: 600 (55.74 sq.m.)Carpet area: 500 sq.ft. (46.45 sq.m.),1,1,1,5,,Undefined,,600,500,0,0,0,0,0,0,0
house,independent,sector 13,9,100000,900,Plot area 900(83.61 sq.m.),10,5,3+,4,,Old Property,,900,,0,0,0,0,0,0,0
flat,m3m urbana,sector 67,1,12106,826,Built Up area: 826 (76.74 sq.m.),1,1,1,17,South,Relatively New,,826,,0,0,0,0,0,0,49
flat,ambience creacions,sector 22,1.75,12700,1378,Super Built up area 1380(128.21 sq.m.),2,2,2,11,,Under Construction,1380,,,0,0,0,0,0,0,57
house,independent,sector 3,1.5,10288,1458,Plot area 162(135.45 sq.m.)Built Up area: 210 sq.yards (175.59 sq.m.),3,3,0,,,Old Property,,210,,0,0,0,0,0,0,0
flat,unitech vistas,sector 70,9,57507,1565,Built Up area: 1565 (145.39 sq.m.),3,3,0,7,,Undefined,,1565,,0,0,0,0,0,0,0
flat,dlf the grove,sector 54,5.7,41245,1382,Built Up area: 1382 (128.39 sq.m.),3,3,3,1,East,Undefined,,1382,,0,0,0,0,0,0,46
house,independent,sector 55,5.6,20741,2700,Plot area 300(250.84 sq.m.),6,4,3,3,East,Old Property,,2700,,0,1,0,0,0,1,41
flat,experion the heartsong,sector 108,2,7196,2779,Super Built up area 2779(258.18 sq.m.)Built Up area: 2500 sq.ft. (232.26 sq.m.)Carpet area: 2300 sq.ft. (213.68 sq.m.),4,4,3+,10,North-East,Relatively New,2779,2500,2300,0,1,0,1,0,1,174
flat,tarc maceo,sector 91,0.9,6870,1310,Super Built up area 1310(121.7 sq.m.),2,2,2,13,East,Relatively New,1310,,,0,0,0,0,0,2,67
flat,the close north,sector 50,2.7,10364,2605,Super Built up area 2605(242.01 sq.m.)Built Up area: 2400 sq.ft. (222.97 sq.m.)Carpet area: 2200 sq.ft. (204.39 sq.m.),3,3,3+,6,East,Moderately Old,2605,2400,2200,0,1,0,0,0,0,174
flat,tulip lemon,sector 69,0.6,10000,600,Carpet area: 600 (55.74 sq.m.),2,1,1,12,,Relatively New,,,600,0,0,0,0,0,0,23
house,nitin vihar,sector 33,0.85,9444,900,Plot area 900(83.61 sq.m.),3,2,0,1,West,Relatively New,,900,,0,0,0,0,0,0,15
flat,emaar mgf the palm drive,sector 66,2.8,16470,1700,Super Built up area 1950(181.16 sq.m.)Built Up area: 1920 sq.ft. (178.37 sq.m.)Carpet area: 1700 sq.ft. (157.94 sq.m.),3,4,3,8,North-East,Relatively New,1950,1920,1700,0,1,0,0,0,1,117
house,independent,sector 57,6.25,2778,22498,Plot area 3100(2591.99 sq.m.)Built Up area: 2660 sq.yards (2224.1 sq.m.)Carpet area: 2500 sq.yards (2090.32 sq.m.),9,9,3+,3,North-East,New Property,,2660,2500,0,1,0,0,0,1,61
house,dlf gardencity enclave,sector 93,1.3,11284,1152,Plot area 1152(107.02 sq.m.),3,2,1,3,,Relatively New,,1152,,0,0,0,0,0,0,50
house,dlf pink town house,sector 24,1.9,3786,5018,Built Up area: 5018 (466.19 sq.m.),10,9,3+,3,North,Relatively New,,5018,,0,0,0,0,1,2,29
flat,viridian the plaza 106,sector 106,0.39,5571,700,Super Built up area 700(65.03 sq.m.)Carpet area: 450 sq.ft. (41.81 sq.m.),1,1,1,7,East,Relatively New,700,,450,0,0,0,0,0,0,130
flat,hsiidc sidco aravali,manesar,0.81,3129,2589,Super Built up area 2588(240.43 sq.m.)Built Up area: 1900 sq.ft. (176.52 sq.m.)Carpet area: 1877 sq.ft. (174.38 sq.m.),3,3,3+,2,South-West,Moderately Old,2588,1900,1877,0,1,0,0,0,0,74
flat,ss the leaf,sector 85,1.77,7350,2408,Super Built up area 2408(223.71 sq.m.)Built Up area: 1450 sq.ft. (134.71 sq.m.)Carpet area: 1300 sq.ft. (120.77 sq.m.),3,4,3,6,South-East,Moderately Old,2408,1450,1300,0,1,0,0,0,1,135
flat,ats triumph,sector 104,2.65,8412,3150,Super Built up area 3150(292.64 sq.m.),4,4,3+,10,North-East,Relatively New,3150,,,0,1,0,0,0,0,174
flat,pivotal devaan,sector 84,0.41,7032,583,Super Built up area 583(54.16 sq.m.)Built Up area: 565 sq.ft. (52.49 sq.m.)Carpet area: 483 sq.ft. (44.87 sq.m.),2,2,2,10,East,New Property,583,565,483,0,0,0,0,0,1,23
flat,bestech park view sanskruti,sector 92,2,8333,2400,Super Built up area 2475(229.94 sq.m.)Carpet area: 2400 sq.ft. (222.97 sq.m.),4,5,3+,12,North,Relatively New,2475,,2400,0,1,0,0,0,1,60
flat,dlf the ultima,sector 81,2.4,11412,2103,Super Built up area 2103(195.38 sq.m.)Built Up area: 1650 sq.ft. (153.29 sq.m.)Carpet area: 1257 sq.ft. (116.78 sq.m.),3,3,3+,12,North-East,Relatively New,2103,1650,1257,0,1,0,0,0,2,49
house,independent,sector 4,0.47,8012,587,Plot area 624(57.97 sq.m.),2,1,1,1,East,Moderately Old,,624,,0,0,1,0,0,0,0
flat,antriksh heights,sector 84,0.85,5556,1530,Super Built up area 1350(125.42 sq.m.),2,2,3,10,North-West,New Property,1350,,,1,0,0,0,1,0,24
flat,bptp terra,sector 37d,1.17,8297,1410,Super Built up area 1410(130.99 sq.m.),2,2,2,0,North-East,Relatively New,1410,,,0,0,0,0,0,0,107
flat,m3m merlin,sector 67,3.5,14583,2400,Super Built up area 2400(222.97 sq.m.)Carpet area: 2050 sq.ft. (190.45 sq.m.),3,4,3,17,South-East,Relatively New,2400,,2050,0,1,1,0,0,1,167
flat,aipl zen residences,sector 70a,1.82,10996,1655,Super Built up area 1655(153.75 sq.m.)Built Up area: 1600 sq.ft. (148.64 sq.m.)Carpet area: 1550 sq.ft. (144 sq.m.),3,3,3,12,South,Relatively New,1655,1600,1550,0,0,0,0,0,0,108
house,independent,sector 57,6.21,23000,2700,Plot area 300(250.84 sq.m.),6,6,3+,4,North-East,Old Property,,2700,,1,1,1,1,0,0,52
flat,ireo uptown,sector 66,1.5,11219,1337,Super Built up area 1337(124.21 sq.m.)Built Up area: 1330 sq.ft. (123.56 sq.m.)Carpet area: 1050 sq.ft. (97.55 sq.m.),2,3,3,1,South,Relatively New,1337,1330,1050,0,1,0,0,1,1,79
house,ansals palam vihar,sector 2,5.7,14729,3870,Plot area 430(359.53 sq.m.)Built Up area: 4550 sq.yards (3804.38 sq.m.)Carpet area: 4450 sq.yards (3720.77 sq.m.),5,5,2,2,North-East,Old Property,,4550,4450,0,0,0,1,0,2,94
flat,supertech araville,sector 79,0.95,6209,1530,Super Built up area 1530(142.14 sq.m.),2,2,3,7,North-East,New Property,1530,,,1,0,0,0,0,0,49
flat,avl 36 gurgaon,sector 36,0.37,10539,351,Super Built up area 352(32.7 sq.m.),1,1,1,3,North,Relatively New,352,,,0,0,0,0,0,1,88
flat,essel towers,sector 14,2.75,12500,2200,Built Up area: 2200 (204.39 sq.m.),4,5,3+,8,East,Old Property,,2200,,1,1,0,0,0,2,128
flat,elevate,sector 50,6.75,19882,3395,Built Up area: 3395 (315.41 sq.m.),4,4,0,10,,Undefined,,3395,,0,0,0,0,0,0,0
flat,experion the heartsong,sector 108,1.25,9259,1350,Super Built up area 1758(163.32 sq.m.)Built Up area: 1500 sq.ft. (139.35 sq.m.)Carpet area: 1350 sq.ft. (125.42 sq.m.),3,3,3,1,South-East,Relatively New,1758,1500,1350,0,1,0,1,0,0,174
house,private house,sector 55,7.05,46906,1503,Plot area 167(139.63 sq.m.),18,18,3+,4,North-East,Relatively New,,1503,,0,0,0,0,1,2,57
flat,dlf carlton estate,sector 43,2.1,15418,1362,Super Built up area 1362(126.53 sq.m.),3,3,1,2,East,Old Property,1362,,,0,0,1,0,0,1,88
flat,4s aradhya homes,sector 67a,1.9,8863,2144,Super Built up area 2200(204.39 sq.m.),4,4,3,3,,New Property,2200,,,0,0,0,0,0,1,62
house,independent,sector 3,0.8,8155,981,Plot area 109(91.14 sq.m.),5,4,1,2,,Moderately Old,,981,,0,0,0,0,0,0,0
house,unitech uniworld resorts,sector 33,9.5,173992,546,Plot area 546(50.73 sq.m.),6,6,3+,3,North-East,Moderately Old,,546,,0,0,0,0,0,1,40
flat,samadhan shri kamal cghs,sector 1,2.01,11426,1759,Carpet area: 1760 (163.51 sq.m.),4,4,3+,10,,Moderately Old,,,1760,0,0,0,0,0,2,0
flat,signature andour heights,sector 71,0.37,8222,450,Built Up area: 450 (41.81 sq.m.)Carpet area: 366.48 sq.ft. (34.05 sq.m.),1,1,2,2,North-East,Relatively New,,450,366.48,0,0,0,0,0,0,65
flat,lavanya apartments,sector 81,0.9,5056,1780,Built Up area: 1780 (165.37 sq.m.),3,3,0,7,,Undefined,,1780,,0,0,0,0,0,0,0
flat,m3m woodshire,sector 107,1.4,5929,2361,Super Built up area 2361(219.34 sq.m.),3,4,3+,6,North-East,Relatively New,2361,,,0,1,0,0,0,0,117
flat,tulip violet,sector 69,1.76,9513,1850,Super Built up area 1850(171.87 sq.m.),3,4,2,0,South-West,Relatively New,1850,,,0,0,0,0,0,0,157
flat,dlf new town heights,sector 90,1.42,4864,2919,Super Built up area 2364(219.62 sq.m.),4,4,3+,8,East,Moderately Old,2364,,,0,1,1,0,0,0,31
house,independent,sector 5,1,11111,900,Plot area 900(83.61 sq.m.),3,4,2,2,,Relatively New,,900,,0,0,0,0,0,0,0
flat,shapoorji pallonji joyville gurugram,sector 102,1.1,12181,903,Super Built up area 903(83.89 sq.m.),2,2,1,8,,Under Construction,903,,,0,0,0,0,0,0,105
flat,emaar mgf palm hills,sector 77,1.9,9500,2000,Super Built up area 2000(185.81 sq.m.)Carpet area: 1218.03 sq.ft. (113.16 sq.m.),3,4,3+,6,South-West,New Property,2000,,1218.03,0,1,0,0,0,1,42
flat,bptp pedestal,sector 70a,1.9,9500,2000,Carpet area: 1900 (176.52 sq.m.),4,3,3,2,East,New Property,,,1900,0,0,1,0,0,0,133
house,luxury dlf city floors,sector 26,8.25,45833,1800,Plot area 200(167.23 sq.m.),12,12,3+,4,North,New Property,,1800,,0,1,0,0,0,1,105
flat,sunischit apartments,sector 54,1.75,7954,2200,Super Built up area 2200(204.39 sq.m.)Built Up area: 2100 sq.ft. (195.1 sq.m.)Carpet area: 2000 sq.ft. (185.81 sq.m.),3,3,3+,6,North-East,Moderately Old,2200,2100,2000,0,1,0,0,0,1,126
flat,emaar mgf palm hills,sector 77,1.55,7948,1950,Super Built up area 1950(181.16 sq.m.)Built Up area: 1800 sq.ft. (167.23 sq.m.)Carpet area: 1702 sq.ft. (158.12 sq.m.),4,4,3+,2,North-East,Relatively New,1950,1800,1702,1,1,0,0,0,2,49
flat,alpha corp gurgaonone,sector 84,1.2,9448,1270,Super Built up area 1270(117.99 sq.m.),2,2,1,6,South-West,Relatively New,1270,,,0,0,0,0,0,0,13
flat,dlf new town heights,sector 86,1.28,8205,1560,Super Built up area 1930(179.3 sq.m.)Carpet area: 1560 sq.ft. (144.93 sq.m.),3,4,3+,12,West,Moderately Old,1930,,1560,0,1,0,1,0,0,96
flat,vatika inxt floors,sector 82a,1.25,8333,1500,Carpet area: 1500 (139.35 sq.m.),3,2,3,2,North,Relatively New,,,1500,1,0,0,1,0,1,94
flat,orris aster court,sector 85,0.69,5221,1322,Super Built up area 1312(121.89 sq.m.)Built Up area: 1075 sq.ft. (99.87 sq.m.)Carpet area: 975 sq.ft. (90.58 sq.m.),2,2,2,5,South-West,Relatively New,1312,1075,975,0,0,0,0,0,0,37
flat,tata primanti,sector 72,3.3,15384,2145,Super Built up area 2145(199.28 sq.m.)Built Up area: 2000 sq.ft. (185.81 sq.m.)Carpet area: 1800 sq.ft. (167.23 sq.m.),3,3,3+,10,North-East,Relatively New,2145,2000,1800,0,1,0,0,0,1,165
flat,spaze privy at,sector 84,1.2,7453,1610,Super Built up area 1610(149.57 sq.m.),2,2,3,3,,Relatively New,1610,,,1,0,0,0,0,1,133
flat,umang winter hills,sector 77,1.2,6586,1822,Built Up area: 1822 (169.27 sq.m.)Carpet area: 1200 sq.ft. (111.48 sq.m.),3,3,3,14,East,Undefined,,1822,1200,0,0,0,0,0,0,46
flat,dlf park place,sector 54,4.85,30180,1607,Super Built up area 1983(184.23 sq.m.)Built Up area: 1785 sq.ft. (165.83 sq.m.)Carpet area: 1607 sq.ft. (149.3 sq.m.),3,4,3+,6,North,Moderately Old,1983,1785,1607,0,1,0,0,0,2,158
house,palam vihar extension west zone rwa,sector 2,0.4,4444,900,Plot area 900(83.61 sq.m.),6,4,2,2,West,Moderately Old,,900,,0,0,0,0,0,0,36
flat,vatika the seven lamps,sector 82,0.86,6022,1428,Super Built up area 1430(132.85 sq.m.),2,2,2,12,East,Relatively New,1430,,,1,0,0,0,0,1,135
flat,zara aavaas,sector 104,0.2,6644,301,Carpet area: 301 (27.96 sq.m.),1,2,2,3,,New Property,,,301,0,0,0,0,0,0,67
flat,central park flower valley aqua front towers,sector 33,1.7,9449,1799,Super Built up area 1799(167.13 sq.m.)Carpet area: 1590 sq.ft. (147.72 sq.m.),3,3,3+,5,East,New Property,1799,,1590,0,0,0,0,0,1,44
flat,shree vardhman victoria,sector 70,1.15,8518,1350,Carpet area: 1350 (125.42 sq.m.),2,2,2,6,South-West,Relatively New,,,1350,1,0,0,0,0,0,85
flat,hcbs sports ville,sohna road,0.2,2666,750,Super Built up area 750(69.68 sq.m.)Built Up area: 743 sq.ft. (69.03 sq.m.)Carpet area: 600 sq.ft. (55.74 sq.m.),2,2,1,4,,New Property,750,743,600,0,0,0,0,0,0,15
flat,ats triumph,sector 104,2,8733,2290,Super Built up area 2290(212.75 sq.m.),3,4,3+,4,,Relatively New,2290,,,0,1,0,0,0,0,60
flat,mapsko mount ville,sector 79,1.1,12732,864,Super Built up area 1490(138.43 sq.m.)Carpet area: 863.91 sq.ft. (80.26 sq.m.),3,3,3,22,South-West,Relatively New,1490,,863.91,1,0,0,1,0,1,135
flat,bestech park view ananda,sector 81,1.45,8011,1810,Super Built up area 1810(168.15 sq.m.)Built Up area: 1650 sq.ft. (153.29 sq.m.)Carpet area: 1500 sq.ft. (139.35 sq.m.),3,3,3,8,North,Relatively New,1810,1650,1500,0,0,0,0,1,1,128
flat,avl 36 gurgaon,sector 36,0.75,7500,1000,Super Built up area 1000(92.9 sq.m.)Carpet area: 727 sq.ft. (67.54 sq.m.),2,2,2,5,North-East,Relatively New,1000,,727,0,0,0,0,0,0,26
house,international city by sobha phase 1,sector 109,6.3,9000,7000,Built Up area: 7000 (650.32 sq.m.)Carpet area: 4500 sq.ft. (418.06 sq.m.),4,5,3+,2,West,Relatively New,,7000,4500,0,0,0,0,0,1,122
flat,pareena coban residences,sector 99,1.1,7096,1550,Super Built up area 1550(144 sq.m.)Carpet area: 1200 sq.ft. (111.48 sq.m.),2,2,3,9,North-East,New Property,1550,,1200,1,0,0,0,0,0,88
house,unitech uniworld resorts,sector 33,,,,Plot area 502(419.74 sq.m.),5,7,3+,3,South-East,Relatively New,,502,,0,1,0,0,0,0,87
flat,ansal heights 86,sector 86,0.9,5325,1690,Built Up area: 1690 (157.01 sq.m.),3,3,2,10,,New Property,,1690,,0,0,0,0,0,0,29
flat,pareena coban residences,sector 99,1.3,6510,1997,Built Up area: 1997 (185.53 sq.m.),3,3,0,16,,Undefined,,1997,,0,0,0,0,0,0,0
flat,dlf the primus,sector 82a,1.87,10394,1799,Super Built up area 1799(167.13 sq.m.)Carpet area: 1538 sq.ft. (142.88 sq.m.),3,3,3,31,East,Moderately Old,1799,,1538,0,0,0,1,0,0,38
flat,m3m merlin,sector 67,2.98,14557,2047,Super Built up area 2047(190.17 sq.m.),3,3,3,0,North,Relatively New,2047,,,0,0,0,0,1,1,49
house,independent,sector 53,4.65,17574,2646,Plot area 294(245.82 sq.m.),5,5,3+,1,,Moderately Old,,2646,,0,0,0,0,0,1,0
house,project housing board colony,sector 31,8,63492,1260,Built Up area: 140 (117.06 sq.m.),2,1,0,1,,Undefined,,140,,0,0,0,0,0,0,0
flat,orchid petals,sector 49,4.16,11700,3556,Super Built up area 3557(330.46 sq.m.),5,4,3+,14,East,Relatively New,3557,,,1,1,0,0,0,0,40
flat,aipl peaceful homes,sector 70a,2.75,12791,2150,Built Up area: 2150 (199.74 sq.m.),3,3,3+,14,North-East,Undefined,,2150,,0,0,0,0,0,0,0
flat,dlf the ultima,sector 81,2.25,10699,2103,Super Built up area 2103(195.38 sq.m.)Built Up area: 1600 sq.ft. (148.64 sq.m.)Carpet area: 1257 sq.ft. (116.78 sq.m.),3,3,3+,11,North-East,Relatively New,2103,1600,1257,1,1,0,1,1,2,49
house,sector 38 rwa,sector 38,1.4,23932,585,Plot area 65(54.35 sq.m.)Built Up area: 62 sq.yards (51.84 sq.m.)Carpet area: 60 sq.yards (50.17 sq.m.),8,8,3,4,East,Moderately Old,,62,60,0,0,0,0,1,1,40
flat,breez global hill view,sohna road,0.3,5124,585,Carpet area: 585.41 (54.39 sq.m.),2,2,1,11,North,New Property,,,585.448521,0,0,0,0,0,0,91
house,independent,sector 110,1,8796,1137,Plot area 120(100.34 sq.m.)Built Up area: 120 sq.yards (100.34 sq.m.)Carpet area: 100 sq.yards (83.61 sq.m.),3,2,2,1,North,Old Property,,120,100,0,0,0,1,0,0,0
flat,smartworld one dxp,sector 113,2,11074,1806,Built Up area: 1806 (167.78 sq.m.)Carpet area: 1350 sq.ft. (125.42 sq.m.),3,3,3,12,North,Undefined,,1806,1350,0,0,0,0,0,0,70
flat,la vida by tata housing,sector 113,2.7,16363,1650,Built Up area: 2217 (205.97 sq.m.)Carpet area: 1650 sq.ft. (153.29 sq.m.),3,4,3+,4,North-West,Relatively New,,2217,1650,0,1,0,0,0,1,49
flat,la vida by tata housing,sector 113,1.38,12000,1150,Super Built up area 1573(146.14 sq.m.)Built Up area: 1350 sq.ft. (125.42 sq.m.)Carpet area: 1150 sq.ft. (106.84 sq.m.),2,2,3,8,South-West,New Property,1573,1350,1150,1,0,0,0,0,0,174
flat,umang winter hills,sector 77,1.05,5762,1822,Super Built up area 1822(169.27 sq.m.)Built Up area: 1600 sq.ft. (148.64 sq.m.)Carpet area: 1400 sq.ft. (130.06 sq.m.),3,3,3,7,East,Relatively New,1822,1600,1400,0,0,0,0,0,0,49
flat,ansal estella,sector 103,1.5,8670,1730,Super Built up area 1730(160.72 sq.m.)Carpet area: 1725 sq.ft. (160.26 sq.m.),3,3,3+,6,,Under Construction,1730,,1725,0,0,0,0,0,0,58
flat,ireo skyon,sector 60,2.5,16129,1550,Super Built up area 1550(144 sq.m.),2,3,2,4,North-West,Relatively New,1550,,,1,0,0,0,0,0,100
flat,umang monsoon breeze,sector 78,1.15,5284,2176,Super Built up area 2176(202.16 sq.m.),3,3,3,9,,Moderately Old,2176,,,0,1,0,0,1,0,22
flat,sukhshanti apartment,sector 56,1.65,7006,2355,Super Built up area 2355(218.79 sq.m.),3,3,3+,5,North,Moderately Old,2355,,,1,0,0,0,0,1,134
house,independent,sector 14,8,17707,4518,Plot area 502(419.74 sq.m.),12,4,3+,3,North,Old Property,,4518,,0,1,1,0,0,0,32
flat,puri diplomatic greens,sector 111,3.45,11694,2950,Super Built up area 2950(274.06 sq.m.),4,5,3+,10,North,Relatively New,2950,,,0,1,0,0,0,0,101
flat,emaar mgf emerald estate,sector 65,1.3,20602,631,Super Built up area 1020(94.76 sq.m.)Carpet area: 631 sq.ft. (58.62 sq.m.),2,2,2,7,West,Relatively New,1020,,631,1,0,0,0,0,0,78
flat,smart world gems,sector 89,0.95,8903,1067,Super Built up area 1067(99.13 sq.m.)Carpet area: 578 sq.ft. (53.7 sq.m.),2,2,2,1,East,Under Construction,1067,,578,1,0,0,0,0,0,122
flat,shree vardhman victoria,sector 70,1.25,9259,1350,Super Built up area 1350(125.42 sq.m.),2,2,3,3,East,Relatively New,1350,,,1,0,0,0,0,0,43
flat,orchid petals,sector 49,2.23,10969,2033,Super Built up area 2033(188.87 sq.m.),3,3,3,14,North,Relatively New,2033,,,0,0,0,0,1,0,40
flat,vatika gurgaon,sector 83,1.25,7812,1600,Super Built up area 2390(222.04 sq.m.)Carpet area: 1600 sq.ft. (148.64 sq.m.),4,4,3,12,South-West,Moderately Old,2390,,1600,0,1,0,0,0,0,103
flat,godrej,sector 79,2,8453,2366,Carpet area: 2366 (219.81 sq.m.),3,4,3+,2,North-East,Relatively New,,,2366,0,1,0,0,0,1,156
flat,parsvnath green ville,sector 48,2.5,12820,1950,Carpet area: 1950 (181.16 sq.m.),4,5,3,1,South-East,Moderately Old,,,1950,0,0,0,0,1,1,49
flat,m3m merlin,sector 67,3.4,14418,2358,Super Built up area 2358(219.07 sq.m.)Carpet area: 1900 sq.ft. (176.52 sq.m.),3,4,3,15,South,Relatively New,2358,,1900,0,1,0,0,0,1,110
house,independent,sector 5,0.4,8000,500,Built Up area: 500 (46.45 sq.m.)Carpet area: 300 sq.ft. (27.87 sq.m.),2,1,0,1,South,Undefined,,500,300,0,0,0,0,0,0,0
flat,signature global city 92,sector 92,0.99,6622,1495,Carpet area: 1495 (138.89 sq.m.),3,2,3,1,East,New Property,,,1495,0,0,0,0,1,0,37
flat,godrej air,sector 85,1.75,9589,1825,Built Up area: 1825 (169.55 sq.m.),3,3,2,27,,Undefined,,1825,,0,0,0,0,0,0,44
flat,la vida by tata housing,sector 113,2.78,11346,2450,Super Built up area 2690(249.91 sq.m.)Built Up area: 2599 sq.ft. (241.46 sq.m.)Carpet area: 2450 sq.ft. (227.61 sq.m.),3,3,3,3,North,New Property,2690,2599,2450,1,1,0,0,0,0,174
flat,umang monsoon breeze,sector 78,0.62,5004,1239,Super Built up area 1239(115.11 sq.m.)Built Up area: 1115 sq.ft. (103.59 sq.m.)Carpet area: 947 sq.ft. (87.98 sq.m.),2,2,1,7,South,Moderately Old,1239,1115,947,0,0,1,0,0,0,111
flat,tulip purple,sector 69,1.92,8000,2400,Super Built up area 2400(222.97 sq.m.),4,5,3+,5,East,Relatively New,2400,,,0,1,0,0,0,1,158
flat,orchid petals,sector 49,2.38,11497,2070,Super Built up area 2070(192.31 sq.m.)Built Up area: 2061 sq.ft. (191.47 sq.m.)Carpet area: 1750 sq.ft. (162.58 sq.m.),3,4,3,1,West,Relatively New,2070,2061,1750,1,0,0,0,0,0,49
house,independent,sector 2,2.5,16056,1557,Plot area 173(144.65 sq.m.),4,4,2,4,West,Old Property,,1557,,0,0,0,0,0,0,17
flat,sapphire eighty three,sector 83,0.65,9286,700,Built Up area: 700 (65.03 sq.m.),1,1,0,6,,Undefined,,700,,0,0,0,0,0,0,0
flat,m3m woodshire,sector 107,1.7,6141,2768,Super Built up area 2768(257.16 sq.m.),4,5,3+,9,South,Relatively New,2768,,,0,1,0,0,0,0,79
flat,shree arihant apartment,sector 54,1.55,8611,1800,Super Built up area 2000(185.81 sq.m.)Built Up area: 1900 sq.ft. (176.52 sq.m.)Carpet area: 1800 sq.ft. (167.23 sq.m.),3,3,3,3,North-East,Moderately Old,2000,1900,1800,0,1,0,0,0,1,109
flat,vatika sovereign next sector-82 a gurgaon,sector 82a,2.91,6700,4343,Super Built up area 4350(404.13 sq.m.)Carpet area: 3480 sq.ft. (323.3 sq.m.),4,4,3,6,East,Under Construction,4350,,3480,1,1,1,0,0,1,79
house,independent,sector 57,4.75,28787,1650,Plot area 1600(148.64 sq.m.)Built Up area: 1700 sq.ft. (157.94 sq.m.)Carpet area: 1650 sq.ft. (153.29 sq.m.),3,3,3,2,North-West,Moderately Old,,1700,1650,0,0,1,0,0,1,96
flat,landmark the residency,sector 103,0.9,6666,1350,Super Built up area 1350(125.42 sq.m.),2,2,2,1,South-West,Relatively New,1350,,,0,0,0,0,0,0,44
flat,eldeco accolade,sohna road,0.73,5752,1269,Super Built up area 1269(117.89 sq.m.),2,2,3,9,North-East,Relatively New,1269,,,0,0,0,1,0,0,103
flat,shapoorji pallonji joyville gurugram,sector 102,2.04,14068,1450,Super Built up area 1852(172.06 sq.m.)Carpet area: 1450 sq.ft. (134.71 sq.m.),3,3,3+,1,South,Relatively New,1852,,1450,0,0,0,0,0,0,72
flat,sobha city,sector 108,2.45,14040,1745,Super Built up area 1745(162.12 sq.m.)Built Up area: 1460 sq.ft. (135.64 sq.m.)Carpet area: 1320 sq.ft. (122.63 sq.m.),3,3,3,15,West,Relatively New,1745,1460,1320,0,0,0,0,0,0,49
flat,signature global city 37d ph 2,sector 37d,1.07,8237,1299,Carpet area: 1305 (121.24 sq.m.),3,3,2,2,North-East,Under Construction,,,1305,0,0,0,0,0,0,86
flat,bestech park view city,sector 48,2.7,11713,2305,Super Built up area 2305(214.14 sq.m.)Built Up area: 2000 sq.ft. (185.81 sq.m.)Carpet area: 1700 sq.ft. (157.94 sq.m.),3,3,3+,7,North-East,Relatively New,2305,2000,1700,1,1,0,0,0,1,174
flat,ace palm floors,sector 89,0.97,7863,1234,Carpet area: 1234 (114.64 sq.m.),2,2,2,1,,New Property,,,1234,1,0,0,0,0,0,28
flat,central park flower valley aqua front towers,sector 33,1.7,9502,1789,Super Built up area 1789(166.2 sq.m.),3,3,3,12,,Under Construction,1789,,,0,0,0,0,0,0,24
house,independent,sector 4,0.85,630,13492,Plot area 1500(1254.19 sq.m.),3,3,1,1,North,Relatively New,,13500,,0,0,0,0,1,0,0
flat,railway officers rpf society,sector 9,1.25,6921,1806,Carpet area: 1806 (167.78 sq.m.),4,3,3,1,South-West,Old Property,,,1806,0,1,0,0,0,1,12
house,ss hibiscus,sector 50,12.5,40850,3060,Plot area 470(392.98 sq.m.)Built Up area: 410 sq.yards (342.81 sq.m.)Carpet area: 340 sq.yards (284.28 sq.m.),4,4,3+,2,West,Relatively New,,410,340,1,1,0,0,0,2,160
flat,chd avenue,sector 71,1.25,6597,1895,Super Built up area 1743(161.93 sq.m.),3,4,2,14,North-East,Relatively New,1743,,,1,1,0,1,1,2,128
flat,godrej,sector 79,1.34,8524,1572,Super Built up area 1572(146.04 sq.m.),3,3,3,7,East,Relatively New,1572,,,0,0,0,0,0,0,158
flat,signature global synera,sector 81,0.5,6802,735,Super Built up area 735(68.28 sq.m.)Built Up area: 700 sq.ft. (65.03 sq.m.)Carpet area: 635 sq.ft. (58.99 sq.m.),2,2,3,6,South,Relatively New,735,700,635,0,0,0,0,0,0,117
house,independent,sector 3,0.92,15257,603,Built Up area: 603 (56.02 sq.m.),4,1,0,1,,Undefined,,603,,0,0,0,0,0,0,0
house,independent,sector 25,9,33333,2700,Plot area 300(250.84 sq.m.),5,5,3,3,North,Old Property,,2700,,1,1,1,1,0,0,56
flat,emaar palm heights,sector 77,2.25,11250,2000,Super Built up area 2000(185.81 sq.m.),3,3,3,22,,New Property,2000,,,0,1,0,0,0,1,42
house,huda floor,sector 38,4,22222,1800,Plot area 1800(167.23 sq.m.)Built Up area: 4800 sq.ft. (445.93 sq.m.)Carpet area: 3800 sq.ft. (353.03 sq.m.),9,9,3+,2,East,Relatively New,,4800,3800,0,0,1,1,0,1,152
house,independent,sector 25,,,,Plot area 502(419.74 sq.m.)Built Up area: 450 sq.yards (376.26 sq.m.)Carpet area: 400 sq.yards (334.45 sq.m.),5,5,3+,2,West,Relatively New,,450,400,1,1,0,1,1,1,49
flat,signature global park,sohna road,0.95,7846,1211,Built Up area: 1210.73 (112.48 sq.m.)Carpet area: 756.6 sq.ft. (70.29 sq.m.),3,2,3+,1,,Relatively New,,1210.723472,756.6,0,0,0,0,0,0,46
flat,the close north,sector 50,2.97,11401,2605,Super Built up area 2605(242.01 sq.m.)Built Up area: 2600 sq.ft. (241.55 sq.m.)Carpet area: 2100 sq.ft. (195.1 sq.m.),3,3,3+,8,North,Moderately Old,2605,2600,2100,0,1,0,0,0,1,174
flat,mahindra luminare,sector 59,5.5,18181,3025,Super Built up area 3025(281.03 sq.m.),3,3,1,26,,Under Construction,3025,,,0,1,0,0,0,0,24
flat,m3m golfestate,sector 65,6.15,18331,3355,Built Up area: 3355 (311.69 sq.m.)Carpet area: 2200 sq.ft. (204.39 sq.m.),3,4,2,20,North-East,Undefined,,3355,2200,0,0,0,0,0,0,34
house,eros rosewood villas,sector 49,2.5,13513,1850,Plot area 1530(142.14 sq.m.)Built Up area: 1900 sq.ft. (176.52 sq.m.)Carpet area: 1850 sq.ft. (171.87 sq.m.),3,3,2,2,East,Moderately Old,,1900,1850,0,0,1,1,0,0,59
flat,pyramid urban,sector 67a,0.62,11854,523,Carpet area: 523 (48.59 sq.m.),2,2,2,2,South,Relatively New,,,523,0,0,0,0,0,0,64
flat,antriksh heights,sector 84,0.9,4931,1825,Super Built up area 1825(169.55 sq.m.),3,3,3,11,South,Relatively New,1825,,,0,0,0,0,0,0,87
flat,dlf new town heights,sector 90,1.55,6556,2364,Super Built up area 2364(219.62 sq.m.),4,4,3+,1,South-East,Relatively New,2364,,,0,1,0,1,0,0,81
house,independent,sector 9,3.2,13519,2367,Plot area 263(219.9 sq.m.),3,3,2,1,East,Old Property,,2367,,0,0,0,0,0,1,36
flat,sobha city,sector 108,3.95,16859,2343,Built Up area: 2343 (217.67 sq.m.)Carpet area: 2300 sq.ft. (213.68 sq.m.),4,5,3,25,,Undefined,,2343,2300,0,0,0,0,0,0,59
house,independent,sector 105,0.37,8222,450,Plot area 450(41.81 sq.m.),2,2,1,1,,Moderately Old,,450,,0,0,0,0,1,0,0
house,independent,sector 17,3.93,24214,1623,Plot area 1623(150.78 sq.m.)Built Up area: 1622 sq.ft. (150.69 sq.m.),19,17,3,4,North-West,Relatively New,,1622,,1,1,1,1,0,0,74
flat,emaar mgf emerald floors premier,sector 65,2.7,16363,1650,Carpet area: 1650 (153.29 sq.m.),3,3,3,5,North-West,Relatively New,,,1650,0,1,1,0,0,1,108
flat,ireo the grand arch,sector 58,2.2,13480,1632,Super Built up area 1632(151.62 sq.m.)Built Up area: 1432 sq.ft. (133.04 sq.m.)Carpet area: 1232 sq.ft. (114.46 sq.m.),2,2,1,5,North-East,Relatively New,1632,1432,1232,1,0,0,0,0,1,94
flat,signature global synera,sector 81,0.38,9500,400,Carpet area: 400 (37.16 sq.m.),1,1,2,3,South-West,Relatively New,,,400,0,0,0,0,0,0,43
flat,dlf the primus,sector 82a,3.5,13430,2606,Carpet area: 2606 (242.11 sq.m.),5,5,3+,14,North-East,Relatively New,,,2606,1,0,0,0,0,2,49
flat,mvn athens,sohna road,0.24,7056,340,Carpet area: 340.09 (31.6 sq.m.),1,1,1,12,West,Relatively New,,,340.13924,0,0,0,0,0,0,66
flat,supertech araville,sector 79,1.35,6940,1945,Carpet area: 1945 (180.7 sq.m.),3,3,3,4,,Relatively New,,,1945,0,0,0,0,0,0,0
house,independent,sector 12,1.35,12222,1105,Plot area 150(125.42 sq.m.)Built Up area: 2052 sq.yards (1715.73 sq.m.),5,5,1,3,,Old Property,,2052,,0,0,0,0,0,0,31
flat,vatika city,sector 49,1.85,10578,1749,Super Built up area 1748.87(162.48 sq.m.)Built Up area: 1471.12 sq.ft. (136.67 sq.m.),3,3,1,7,South-West,Moderately Old,1748.87,1471.12,,0,0,1,1,0,0,158
flat,signature global orchard avenue,sector 93,0.4,7359,544,Carpet area: 543.53 (50.5 sq.m.),2,2,2,11,,New Property,,,543.57695,0,0,0,0,0,0,37
flat,hero homes,sector 104,1.9,11249,1689,Super Built up area 1689(156.91 sq.m.)Carpet area: 1082 sq.ft. (100.52 sq.m.),3,3,3,16,,Under Construction,1689,,1082,0,0,0,1,0,1,103
flat,signature global solera 2,sector 107,0.37,6680,554,Carpet area: 553.85 (51.45 sq.m.),2,2,2,9,,New Property,,,553.802655,0,0,0,0,0,0,23
flat,shapoorji pallonji joyville gurugram,sector 102,1.35,9933,1359,Super Built up area 1359(126.26 sq.m.),2,2,2,9,North-East,Relatively New,1359,,,0,0,0,0,0,0,100
house,independent,sector 6,0.66,10784,612,Plot area 612(56.86 sq.m.),3,2,1,2,,Old Property,,612,,0,0,0,0,0,0,36
house,independent,sector 67,1.5,8642,1736,Carpet area: 180 (150.5 sq.m.),5,3,2,2,,New Property,,,180,0,0,0,0,0,0,0
flat,zara aavaas,sector 104,0.22,7302,301,Carpet area: 301.28 (27.99 sq.m.),1,2,2,2,,New Property,,,301.281561,0,0,0,0,0,0,60
house,independent,sector 55,5,44444,1125,Plot area 125(104.52 sq.m.)Built Up area: 115 sq.yards (96.15 sq.m.)Carpet area: 100 sq.yards (83.61 sq.m.),9,9,3+,5,East,New Property,,115,100,0,0,0,0,1,1,44
flat,tulip monsella,sector 53,7.4,33198,2229,Carpet area: 2229 (207.08 sq.m.),4,4,3,21,,Under Construction,,,2229,0,0,0,0,0,0,35
flat,ashiana mulberry,sohna road,0.74,6016,1230,Carpet area: 1230 (114.27 sq.m.),2,2,3+,12,,Relatively New,,,1230,0,0,0,0,0,0,71
flat,ss the leaf,sector 85,1.14,6951,1640,Super Built up area 1640(152.36 sq.m.),2,2,3,4,South,Relatively New,1640,,,0,0,0,0,0,0,109
house,independent,sector 2,3,19268,1557,Plot area 173(144.65 sq.m.),6,4,3+,3,South,Old Property,,1557,,0,0,0,0,0,1,28
flat,godrej,sector 79,2.01,8495,2366,Super Built up area 2366(219.81 sq.m.),3,4,3+,6,East,Relatively New,2366,,,0,1,0,0,0,0,158
flat,sare homes,sector 92,0.58,4098,1415,Super Built up area 1415(131.46 sq.m.),3,3,3,3,North-East,New Property,1415,,,0,0,0,0,0,0,54
flat,eldeco accolade,sohna road,0.96,6571,1461,Super Built up area 1457(135.36 sq.m.)Carpet area: 849 sq.ft. (78.87 sq.m.),2,2,3+,14,East,Relatively New,1457,,849,1,0,0,0,0,0,151
flat,experion the heartsong,sector 108,1.7,8487,2003,Super Built up area 2003(186.08 sq.m.)Built Up area: 1500.29 sq.ft. (139.38 sq.m.)Carpet area: 1140.98 sq.ft. (106 sq.m.),3,4,3+,14,South-East,Relatively New,2003,1500.29,1140.98,0,1,0,0,0,0,119
flat,bptp terra,sector 37d,1.79,8983,1993,Super Built up area 1998(185.62 sq.m.),4,3,3,15,South-West,Relatively New,1998,,,0,0,0,0,1,1,37
flat,sobha city,sector 108,2.4,17378,1381,Super Built up area 1381(128.3 sq.m.),2,2,2,14,,New Property,1381,,,0,0,0,0,0,1,113
flat,emaar emerald hills,sector 65,1.95,13928,1400,Carpet area: 1400 (130.06 sq.m.),3,3,3+,1,North-East,New Property,,,1400,0,0,1,0,0,1,117
flat,experion windchants,sector 112,2.8,11470,2441,Super Built up area 2441(226.78 sq.m.)Built Up area: 1939.03 sq.ft. (180.14 sq.m.)Carpet area: 1800 sq.ft. (167.23 sq.m.),2,3,2,9,South-East,Relatively New,2441,1939.03,1800,1,1,0,0,0,0,137
flat,microtek greenburg,sector 86,1.23,8310,1480,Super Built up area 1480(137.5 sq.m.),2,2,3,13,South,Relatively New,1480,,,1,0,0,0,0,0,6
flat,sare green parc phase 3,sector 92,0.95,4856,1956,Super Built up area 1956(181.72 sq.m.),4,3,3,4,North,Moderately Old,1956,,,0,0,0,0,0,0,67
house,rattan garden,sector 7,1.3,13499,963,Built Up area: 963 (89.47 sq.m.),5,3,2,3,,Old Property,,963,,0,0,0,0,0,0,0
flat,godrej oasis,sector 88a,1.5,8108,1850,Carpet area: 1850 (171.87 sq.m.),3,3,2,3,,Relatively New,,,1850,0,0,0,0,0,0,47
house,dlf city plots,sector 26,19,42054,4518,Plot area 502(419.74 sq.m.),6,6,3,2,East,Relatively New,,4518,,1,1,0,0,0,1,121
flat,vatika the seven lamps,sector 82,0.94,6533,1439,Super Built up area 1435(133.32 sq.m.),2,2,3+,9,North,Relatively New,1435,,,1,0,0,0,0,1,117
house,vipul tatvam villa,sector 48,8.5,26235,3240,Plot area 360(301.01 sq.m.),4,4,1,,,Relatively New,,3240,,0,0,0,0,0,0,21
flat,prime habitat,sector 99,0.27,5432,497,Carpet area: 497 (46.17 sq.m.),2,2,1,4,North-East,New Property,,,497,0,0,0,0,0,0,7
flat,sidhivinayak apartments,sector 55,1.9,10555,1800,Carpet area: 1800 (167.23 sq.m.),4,3,3+,9,North,Moderately Old,,,1800,0,0,0,1,0,2,35
flat,shree vardhman flora,sector 90,0.65,4814,1350,Super Built up area 1350(125.42 sq.m.),2,2,3,10,North,Moderately Old,1350,,,1,0,0,0,0,1,83
house,independent,sohna road,1.2,22297,538,Plot area 50,4,4,3+,4,West,Old Property,,535,,0,0,0,0,0,0,8
flat,sare petioles,sector 92,1.22,5250,2324,Built Up area: 2093 (194.45 sq.m.),4,3,3,9,,Under Construction,,2093,,0,1,0,0,0,0,99
flat,espire south,sector 68,1.32,9050,1459,Built Up area: 1460 (135.64 sq.m.),2,2,2,9,,New Property,,1460,,0,0,0,0,0,0,0
flat,puri emerald bay,sector 104,1.32,8516,1550,Super Built up area 1550(144 sq.m.),2,2,2,10,North-East,Relatively New,1550,,,0,0,0,0,0,0,128
flat,dlf new town heights,sector 90,1.9,6967,2727,Super Built up area 2727(253.35 sq.m.)Carpet area: 2300 sq.ft. (213.68 sq.m.),4,4,3+,19,North-East,Relatively New,2727,,2300,0,1,1,0,0,1,174
house,independent,sector 8,0.82,9111,900,Plot area 100(83.61 sq.m.),4,3,3,2,North,Moderately Old,,900,,0,0,0,0,0,0,12
flat,smart world orchard,sector 61,1.57,13652,1150,Built Up area: 1150 (106.84 sq.m.),2,2,2,3,,New Property,,1150,,1,0,0,0,1,0,71
flat,shapoorji pallonji joyville gurugram,sector 102,2,10799,1852,Super Built up area 1852(172.06 sq.m.),3,3,3,9,South-East,Relatively New,1852,,,0,0,0,0,0,0,49
flat,supertech araville,sector 79,0.9,5883,1530,Super Built up area 1530(142.14 sq.m.)Built Up area: 1450 sq.ft. (134.71 sq.m.)Carpet area: 1400 sq.ft. (130.06 sq.m.),2,2,3,5,,Relatively New,1530,1450,1400,1,0,0,0,0,0,53
house,ansal sushant lok plots,sector 43,3.3,26570,1242,Plot area 138(115.39 sq.m.),1,1,0,,,Under Construction,,1242,,0,0,0,0,0,0,0
flat,ats triumph,sector 104,2.55,13076,1950,Super Built up area 3150(292.64 sq.m.)Carpet area: 1950 sq.ft. (181.16 sq.m.),4,4,3+,21,East,Relatively New,3150,,1950,0,1,0,0,0,0,150
house,international city by sobha phase 2,sector 109,6.8,12593,5400,Plot area 600(501.68 sq.m.),4,5,3,2,North-West,Relatively New,,5400,,0,1,0,0,0,0,49
flat,chd avenue,sector 71,1.25,7171,1743,Super Built up area 1743(161.93 sq.m.),3,4,2,7,East,Relatively New,1743,,,0,1,0,0,0,1,160
flat,dlf the ultima,sector 81,3.25,11805,2753,Super Built up area 2753(255.76 sq.m.),4,4,3+,11,North-West,Moderately Old,2753,,,0,1,0,0,0,0,28
flat,puri the aravallis,sector 61,3.87,17200,2250,Super Built up area 2250(209.03 sq.m.)Carpet area: 1249.65 sq.ft. (116.1 sq.m.),3,4,3+,21,East,Under Construction,2250,,1249.65,0,1,0,0,0,0,58
house,independent,sector 9,1.1,55000,200,Plot area 200(18.58 sq.m.),4,3,1,2,North-East,Old Property,,200,,0,0,0,0,0,0,0
flat,vatika sovereign next,sector 82a,3.85,7500,5133,Carpet area: 5140 (477.52 sq.m.),5,6,3+,6,,New Property,,,5140,0,1,0,1,0,0,148
flat,eldeco accolade,sohna road,1.1,7549,1457,Super Built up area 1457(135.36 sq.m.),3,2,3,13,,Relatively New,1457,,,0,0,0,0,0,0,56
house,unitech espace,sector 50,11,40741,2700,Plot area 360(301.01 sq.m.)Built Up area: 361 sq.yards (301.84 sq.m.)Carpet area: 300 sq.yards (250.84 sq.m.),4,4,3+,2,North,Moderately Old,,361,300,0,1,0,0,0,1,88
flat,ireo skyon,sector 60,3.75,13392,2800,Super Built up area 2800(260.13 sq.m.),4,5,3,15,South,Relatively New,2800,,,0,1,0,0,0,0,167
flat,supertech araville,sector 79,0.8,6178,1295,Super Built up area 1295(120.31 sq.m.),2,2,3+,9,,New Property,1295,,,0,0,0,0,1,0,24
house,international city by sobha phase 2,sector 109,7,11240,6228,Plot area 692(578.6 sq.m.),5,5,3+,2,South,Relatively New,,6228,,0,1,0,0,0,0,129
flat,bestech park view residency,sector 2,1.26,8051,1565,Super Built up area 1565(145.39 sq.m.),2,2,3,7,South-East,Moderately Old,1565,,,1,0,0,0,0,0,84
flat,dlf new town heights,sector 90,1.3,6735,1930,Super Built up area 1930(179.3 sq.m.)Built Up area: 1929 sq.ft. (179.21 sq.m.)Carpet area: 1928 sq.ft. (179.12 sq.m.),3,3,3+,10,South,Relatively New,1930,1929,1928,0,1,0,1,0,1,129
flat,unitech sunbreeze,sector 69,0.74,5500,1345,Super Built up area 1337(124.21 sq.m.),3,3,1,10,,Under Construction,1337,,,0,1,0,0,0,0,60
flat,aipl the peaceful homes,sector 70a,2.8,11914,2350,Super Built up area 2350(218.32 sq.m.)Carpet area: 1322 sq.ft. (122.82 sq.m.),3,4,3,22,North-East,Relatively New,2350,,1322,0,1,0,0,0,0,49
house,independent,manesar,2,14954,1337,Plot area 1337.4(124.25 sq.m.),3,1,0,3,North,Moderately Old,,1337.4,,0,0,0,0,0,0,16
flat,m3m skywalk,sector 74,1.4,9831,1424,Super Built up area 1424(132.29 sq.m.),2,2,2,17,North-East,New Property,1424,,,0,0,0,0,0,1,167
flat,smart world gems,sector 89,0.88,7963,1105,Carpet area: 1105 (102.66 sq.m.),2,2,3,2,,New Property,,,1105,1,0,0,0,0,0,44
flat,dlf regal gardens,sector 90,1.25,6459,1935,Super Built up area 1703(158.21 sq.m.)Built Up area: 1650 sq.ft. (153.29 sq.m.)Carpet area: 1600 sq.ft. (148.64 sq.m.),3,3,3,10,South,Relatively New,1703,1650,1600,0,0,0,0,1,1,38
house,independent,sector 6,0.5,13889,360,Plot area 40(33.45 sq.m.),5,3,3,3,,Old Property,,360,,0,0,0,0,0,0,0
flat,emaar palm gardens,sector 83,1.6,8648,1850,Super Built up area 1850(171.87 sq.m.),3,3,3+,6,East,Relatively New,1850,,,1,1,1,1,0,1,167
house,dlf city plots phase 2,sector 25,10.55,39074,2700,Plot area 300(250.84 sq.m.),5,6,3+,3,East,Moderately Old,,2700,,1,1,1,1,0,0,131
flat,m3m golfestate,sector 65,6.1,18138,3363,Super Built up area 3363(312.43 sq.m.)Carpet area: 2710 sq.ft. (251.77 sq.m.),3,3,3,19,North-East,Moderately Old,3363,,2710,1,1,0,0,0,1,174
flat,tulip violet,sector 69,1.8,8955,2010,Super Built up area 2010(186.74 sq.m.),4,4,2,9,South-West,Relatively New,2010,,,0,0,0,1,0,1,165
flat,dnha cghs,sector 1,0.85,3864,2200,Built Up area: 2200 (204.39 sq.m.),3,3,0,5,,Undefined,,2200,,0,0,0,0,0,0,0
flat,emaar palm gardens,sector 83,1.75,9210,1900,Super Built up area 1900(176.52 sq.m.)Built Up area: 1600 sq.ft. (148.64 sq.m.)Carpet area: 1240.04 sq.ft. (115.2 sq.m.),3,3,3,6,East,Relatively New,1900,1600,1240.04,0,1,0,0,0,1,174
flat,ss,sector 85,1.18,7170,1646,Super Built up area 1640(152.36 sq.m.)Built Up area: 1630 sq.ft. (151.43 sq.m.)Carpet area: 1620 sq.ft. (150.5 sq.m.),2,2,3,4,West,Relatively New,1640,1630,1620,0,0,0,0,0,0,49
flat,antriksh heights,sector 84,1.02,4868,2095,Super Built up area 2095(194.63 sq.m.),4,4,3+,11,North,Relatively New,2095,,,0,1,0,1,0,0,99
flat,sidhartha ncr one,sector 95,0.56,4106,1364,Built Up area: 1364 (126.72 sq.m.)Carpet area: 1200 sq.ft. (111.48 sq.m.),2,2,2,10,,Undefined,,1364,1200,0,0,0,0,0,0,0
house,independent,sector 70a,2.1,35000,600,Carpet area: 600 (55.74 sq.m.),3,2,1,3,,New Property,,,600,0,0,0,0,0,0,0
flat,aipl the peaceful homes,sector 70a,2.6,12009,2165,Carpet area: 2165 (201.14 sq.m.),3,2,2,12,,Moderately Old,,,2165,0,1,0,0,0,0,52
flat,om appartments,sector 5,0.4,4444,900,Carpet area: 900 (83.61 sq.m.),3,2,1,3,,Relatively New,,,900,0,0,0,0,0,0,7
flat,pyramid urban,sector 67a,0.7,11844,591,Carpet area: 591 (54.91 sq.m.),2,2,1,14,North,New Property,,,591,0,0,0,0,0,0,44
flat,m3m crown,sector 111,4.67,17000,2747,Carpet area: 2750 (255.48 sq.m.),4,4,3+,8,,Under Construction,,,2750,0,0,0,0,0,0,73
flat,sare green parc phase 3,sector 92,0.75,7142,1050,Super Built up area 1326(123.19 sq.m.)Built Up area: 1298 sq.ft. (120.59 sq.m.)Carpet area: 1050 sq.ft. (97.55 sq.m.),3,2,2,3,East,New Property,1326,1298,1050,0,0,0,0,0,0,121
flat,m3m the marina,sector 68,1.02,8095,1260,Super Built up area 1260(117.06 sq.m.)Built Up area: 1250 sq.ft. (116.13 sq.m.)Carpet area: 800 sq.ft. (74.32 sq.m.),2,2,2,11,North-East,Relatively New,1260,1250,800,0,0,0,0,1,1,49
flat,tata primanti,sector 72,3.9,13425,2905,Super Built up area 2905(269.88 sq.m.)Carpet area: 2150 sq.ft. (199.74 sq.m.),4,4,3+,39,East,Relatively New,2905,,2150,0,1,0,0,1,0,49
house,independent,sector 8,0.49,11250,436,Plot area 360(33.45 sq.m.),6,3,2,3,East,Moderately Old,,360,,0,0,0,0,0,0,8
flat,microtek greenburg,sector 86,1.93,8446,2285,Super Built up area 2285(212.28 sq.m.),3,4,3,12,East,Relatively New,2285,,,0,1,0,0,0,0,72
flat,emaar digihomes,sector 62,4,14871,2690,Super Built up area 2588.79(240.51 sq.m.),3,3,3,18,North,New Property,2588.79,,,0,1,0,0,0,1,38
flat,emaar mgf emerald floors premier,sector 65,2.85,14430,1975,Super Built up area 1975(183.48 sq.m.)Built Up area: 1800 sq.ft. (167.23 sq.m.),4,4,3,2,South-West,Relatively New,1975,1800,,1,1,0,0,0,0,21
flat,godrej summit,sector 104,0.82,9854,832,Carpet area: 77.31,2,2,3,12,,Relatively New,,,77.31,1,0,0,0,0,0,120
flat,maxworth city residences,sector 10,0.9,7083,1271,Super Built up area 1200(111.48 sq.m.),2,2,3,9,East,New Property,1200,,,0,0,0,0,1,0,52
flat,sare crescent parc,sector 92,0.49,4909,998,Carpet area: 998 (92.72 sq.m.),2,2,2,2,,Relatively New,,,998,0,0,0,0,0,0,96
flat,umang winter hills,sector 77,1.1,5296,2077,Super Built up area 2077(192.96 sq.m.)Carpet area: 1600 sq.ft. (148.64 sq.m.),3,4,3+,9,North,Relatively New,2077,,1600,0,1,0,0,0,0,49
flat,dlf the ultima,sector 81,2.12,10080,2103,Super Built up area 2103(195.38 sq.m.)Built Up area: 1650 sq.ft. (153.29 sq.m.)Carpet area: 1257 sq.ft. (116.78 sq.m.),3,3,3+,9,South,Relatively New,2103,1650,1257,1,1,0,1,1,2,49
house,independent,sector 7,1,79365,126,Plot area 126(11.71 sq.m.),2,2,0,0,,Old Property,,126,,1,0,0,0,0,0,7
flat,mapsko royale ville,sector 82,1.22,7176,1700,Super Built up area 2300(213.68 sq.m.)Built Up area: 2000 sq.ft. (185.81 sq.m.)Carpet area: 1700 sq.ft. (157.94 sq.m.),3,5,3+,10,South-West,Relatively New,2300,2000,1700,0,1,0,1,0,1,76
flat,ireo skyon,sector 60,2.85,13936,2045,Super Built up area 2045(189.99 sq.m.)Built Up area: 1640 sq.ft. (152.36 sq.m.)Carpet area: 1490 sq.ft. (138.43 sq.m.),3,4,3+,5,South,Relatively New,2045,1640,1490,0,1,0,0,0,1,174
flat,godrej air,sector 85,1.4,10000,1400,Built Up area: 1400 (130.06 sq.m.)Carpet area: 900 sq.ft. (83.61 sq.m.),2,2,3,23,,Undefined,,1400,900,0,0,0,0,0,0,44
flat,shree vardhman victoria,sector 70,1.1,8461,1300,Super Built up area 1300(120.77 sq.m.)Carpet area: 788 sq.ft. (73.21 sq.m.),2,2,2,0,West,New Property,1300,,788,1,0,0,0,0,0,49
house,independent,sector 43,2.2,6875,3200,Plot area 3200(297.29 sq.m.),12,12,3+,6,North,New Property,,3200,,0,1,0,0,0,2,50
flat,aipl the peaceful homes,sector 70a,2.5,10638,2350,Super Built up area 2350(218.32 sq.m.),3,4,3,8,South,Relatively New,2350,,,0,1,1,0,0,1,174
flat,rof ananda,sector 95,0.38,6919,549,Carpet area: 549.17 (51.02 sq.m.),2,2,1,4,,New Property,,,549.174178,0,0,0,0,0,0,0
house,independent,sector 50,11.58,35741,3240,Plot area 360(301.01 sq.m.),5,5,3,2,,Moderately Old,,3240,,0,1,0,0,0,0,20
house,huda flats,sector 7,2.3,17037,1350,Plot area 150(125.42 sq.m.),5,3,3+,3,North-East,Old Property,,1350,,1,1,0,1,0,0,27
house,vipul tatvam villa,sector 48,6.4,24691,2592,Plot area 288(240.8 sq.m.)Built Up area: 240 sq.yards (200.67 sq.m.)Carpet area: 200 sq.yards (167.23 sq.m.),3,4,3,2,North,Relatively New,,240,200,1,1,1,0,0,1,148
flat,m3m skywalk,sector 74,2.25,13636,1650,Super Built up area 2038(189.34 sq.m.)Built Up area: 1938 sq.ft. (180.05 sq.m.)Carpet area: 1650 sq.ft. (153.29 sq.m.),3,3,2,9,South,Relatively New,2038,1938,1650,0,1,0,0,0,1,174
house,independent,sector 13,2.25,6944,3240,Carpet area: 360 (301.01 sq.m.),10,10,2,1,East,Undefined,,,360,0,0,0,0,0,0,0
flat,ramprastha primera,sector 37d,1.08,6000,1800,Super Built up area 1800(167.23 sq.m.)Built Up area: 1700 sq.ft. (157.94 sq.m.)Carpet area: 1600 sq.ft. (148.64 sq.m.),3,3,3,9,South,Relatively New,1800,1700,1600,0,0,0,0,0,0,158
flat,shree vardhman victoria,sector 70,1.5,7692,1950,Super Built up area 1950(181.16 sq.m.)Carpet area: 1161 sq.ft. (107.86 sq.m.),3,5,3,7,South,Relatively New,1950,,1161,0,1,0,0,0,1,174
flat,indiabulls centrum park,sector 103,2.45,8521,2875,Super Built up area 2875(267.1 sq.m.),4,6,3,5,,Relatively New,2875,,,0,1,0,0,0,0,38
house,bptp visionnaire,sector 70a,5.35,8916,6000,Built Up area: 6000 (557.42 sq.m.),4,4,3+,3,North,Relatively New,,6000,,1,1,1,1,0,1,160
flat,apex builders,sector 37,0.42,5600,750,Carpet area: 750 (69.68 sq.m.),2,2,2,4,North,Relatively New,,,750,0,0,0,0,0,0,42
flat,raheja atlantis,sector 31,5.5,18688,2943,Super Built up area 2943(273.41 sq.m.),4,5,3+,1,North,Relatively New,2943,,,1,1,0,1,0,0,81
house,independent,sector 26,5.8,32222,1800,Plot area 200(167.23 sq.m.),5,5,3+,2,North,Old Property,,1800,,1,1,1,1,0,0,53
flat,mapsko paradise,sector 83,0.95,6300,1508,Carpet area: 1340 (124.49 sq.m.),3,3,3,1,,Moderately Old,,,1340,0,0,0,0,0,0,0
flat,pareena coban residences,sector 99,1.16,5808,1997,Super Built up area 1997(185.53 sq.m.)Built Up area: 1790 sq.ft. (166.3 sq.m.)Carpet area: 1420 sq.ft. (131.92 sq.m.),3,3,3,3,North-East,Relatively New,1997,1790,1420,0,1,0,0,1,0,49
flat,ats marigold,sector 89,1.5,8500,1765,Super Built up area 1750(162.58 sq.m.)Built Up area: 1480 sq.ft. (137.5 sq.m.)Carpet area: 1450 sq.ft. (134.71 sq.m.),3,3,3,5,North,Under Construction,1750,1480,1450,0,0,0,0,0,0,96
flat,m3m heights,sector 65,2.8,15000,1867,Super Built up area 1828(169.83 sq.m.),3,3,3,20,North-East,Under Construction,1828,,,0,0,0,0,0,0,91
flat,aipl the peaceful homes,sector 70a,2.4,11162,2150,Super Built up area 2150(199.74 sq.m.),3,3,3,11,South-West,Relatively New,2150,,,0,1,0,0,0,0,108
flat,emaar digihomes,sector 62,2.1,13925,1508,Super Built up area 1508(140.1 sq.m.)Built Up area: 1500 sq.ft. (139.35 sq.m.)Carpet area: 1200 sq.ft. (111.48 sq.m.),2,2,3,12,North-East,New Property,1508,1500,1200,0,0,0,0,1,1,49
flat,shree vardhman flora,sector 90,0.65,4814,1350,Super Built up area 1350(125.42 sq.m.),2,2,3,6,West,Relatively New,1350,,,1,0,0,0,0,0,174
flat,m3m golfestate,sector 65,5.9,17484,3375,Super Built up area 3363(312.43 sq.m.),3,3,3,18,North,Relatively New,3363,,,1,1,0,0,0,0,76
flat,ild greens,sector 37,0.95,5066,1875,Super Built up area 1875(174.19 sq.m.),3,3,3+,0,,New Property,1875,,,0,0,0,0,0,0,51
flat,bptp astaire gardens,sector 70a,1.2,7058,1700,Super Built up area 1700(157.94 sq.m.)Built Up area: 1450 sq.ft. (134.71 sq.m.),3,3,3+,2,,Relatively New,1700,1450,,0,0,0,0,0,2,38
flat,la vida by tata housing,sector 113,1.85,11716,1579,Super Built up area 1579(146.69 sq.m.),3,2,2,7,East,New Property,1579,,,0,0,0,0,0,0,13
flat,m3m antalya hills,sector 79,1.15,7496,1534,Super Built up area 1534(142.51 sq.m.)Built Up area: 1200 sq.ft. (111.48 sq.m.)Carpet area: 1103 sq.ft. (102.47 sq.m.),3,3,3+,1,,Under Construction,1534,1200,1103,1,0,0,0,0,0,51
flat,orchid petals,sector 49,2.45,11887,2061,Super Built up area 2061(191.47 sq.m.),3,3,3,0,North-East,Relatively New,2061,,,1,0,0,0,0,0,49
flat,vatika gurgaon,sector 83,1.25,6313,1980,Super Built up area 1980(183.95 sq.m.)Built Up area: 1700 sq.ft. (157.94 sq.m.)Carpet area: 1400 sq.ft. (130.06 sq.m.),3,3,2,12,North,Moderately Old,1980,1700,1400,0,1,0,0,0,0,95
flat,pyramid elite,sector 86,0.45,7739,581,Carpet area: 581.41 (54.01 sq.m.),2,2,1,4,,Under Construction,,,581.358239,0,0,0,0,0,0,66
house,ansals florence villa,sector 57,6,22222,2700,Plot area 300(250.84 sq.m.),4,5,2,2,,Old Property,,2700,,0,1,0,1,0,1,20
flat,ireo skyon,sector 60,3.6,12815,2809,Super Built up area 2809(260.96 sq.m.)Carpet area: 2400 sq.ft. (222.97 sq.m.),4,5,3,24,North-East,Relatively New,2809,,2400,0,1,0,0,0,1,49
flat,ss the leaf,sector 85,1.17,6720,1741,Super Built up area 1741(161.74 sq.m.)Built Up area: 1550 sq.ft. (144 sq.m.)Carpet area: 1350 sq.ft. (125.42 sq.m.),2,3,3,10,South-East,Relatively New,1741,1550,1350,0,0,0,0,1,0,49
house,independent,sector 105,0.55,98214,56,Built Up area: 56 (5.2 sq.m.),4,4,0,2,,Undefined,,56,,0,0,0,0,0,0,0
house,eros rosewood villas,sector 49,2.75,178571,154,Plot area 154(14.31 sq.m.)Carpet area: 1650 sq.ft. (153.29 sq.m.),3,3,1,2,North-West,Old Property,,,1650,0,0,0,0,1,1,80
flat,gls avenue 51,sector 92,0.45,6000,750,Carpet area: 750 (69.68 sq.m.),3,3,1,10,North-East,Relatively New,,,750,0,0,0,0,0,0,0
flat,ambience creacions,sector 22,4.78,15469,3090,Super Built up area 3090(287.07 sq.m.)Built Up area: 2500 sq.ft. (232.26 sq.m.)Carpet area: 2250 sq.ft. (209.03 sq.m.),3,4,3,7,West,Relatively New,3090,2500,2250,0,1,0,0,1,2,111
flat,antriksh heights,sector 84,0.9,6206,1450,Super Built up area 1725(160.26 sq.m.)Built Up area: 1525 sq.ft. (141.68 sq.m.)Carpet area: 1450 sq.ft. (134.71 sq.m.),3,3,3+,12,North-East,Relatively New,1725,1525,1450,0,0,0,0,0,0,166
flat,pivotal devaan,sector 84,0.27,7964,339,Super Built up area 439(40.78 sq.m.)Carpet area: 339 sq.ft. (31.49 sq.m.),1,1,1,13,North-East,Relatively New,439,,339,0,0,0,0,0,2,45
flat,godrej nature plus,sector 33,1.62,13974,1159,Built Up area: 129.42 Carpet area: 107.7 sq.m.,3,4,3+,3,North,New Property,,129.42,107.7,0,1,0,0,0,0,100
house,ss aaron ville,sector 49,6.5,18808,3456,Plot area 384(321.07 sq.m.),5,5,2,2,North-East,Relatively New,,3456,,1,1,0,1,0,1,28
flat,m3m soulitude,sector 89,1.25,8784,1423,Built Up area: 1423 (132.2 sq.m.)Carpet area: 1190 sq.ft. (110.55 sq.m.),3,3,0,4,,Undefined,,1423,1190,0,0,0,0,0,0,61
house,ardee city,sector 52,2.25,16071,1400,Plot area 2160(200.67 sq.m.)Built Up area: 1800 sq.ft. (167.23 sq.m.)Carpet area: 1400 sq.ft. (130.06 sq.m.),3,3,3,4,South-East,New Property,,1800,1400,0,1,0,0,0,1,22
flat,ramsons kshitij,sector 95,0.33,3911,844,Super Built up area 767(71.26 sq.m.),2,2,1,14,South,New Property,767,,,0,0,0,0,1,1,79
flat,signature global solera 2,sector 107,0.51,9,566667,Carpet area: 514396 (47788.95 sq.m.),2,2,1,3,North,New Property,,,514396,0,0,0,0,0,0,44
house,dlf city plots phase 3,sector 24,5,34083,1467,Plot area 163(136.29 sq.m.),13,13,3+,4,North,New Property,,1467,,0,0,0,1,0,2,91
house,emaar the palm springs,sector 54,14,62222,2250,Plot area 250(209.03 sq.m.),4,5,3+,2,North,Old Property,,2250,,1,1,0,0,0,1,160
flat,indiabulls enigma,sector 110,3.4,10000,3400,Super Built up area 3400(315.87 sq.m.),4,5,3,3,East,Relatively New,3400,,,0,1,1,0,0,0,90
flat,emaar gurgaon greens,sector 102,1.35,8181,1650,Super Built up area 1650(153.29 sq.m.)Carpet area: 1022.58 sq.ft. (95 sq.m.),3,3,3,5,North-West,Relatively New,1650,,1022.58,0,1,0,0,0,0,119
flat,la vida by tata housing,sector 113,1.32,10344,1276,Super Built up area 1276(118.54 sq.m.)Built Up area: 1199 sq.ft. (111.39 sq.m.)Carpet area: 1099 sq.ft. (102.1 sq.m.),2,2,2,3,North-East,Relatively New,1276,1199,1099,0,0,0,0,0,0,49
house,eros rosewood city,sector 49,1.6,31481,508,Plot area 60(50.17 sq.m.),4,4,3,4,East,New Property,,60,,0,0,0,0,0,1,27
house,independent,sector 25,6.5,36111,1800,Plot area 200(167.23 sq.m.),4,3,3,3,,Moderately Old,,1800,,1,0,0,1,0,0,19
flat,ats kocoon,sector 109,2.2,10023,2195,Super Built up area 2095(194.63 sq.m.)Built Up area: 1860 sq.ft. (172.8 sq.m.),3,4,3,8,North-East,Relatively New,2095,1860,,0,1,0,0,0,0,156
flat,mapsko royale ville,sector 82,0.97,5418,1790,Super Built up area 1790(166.3 sq.m.),3,4,2,16,North-West,Relatively New,1790,,,0,1,0,0,0,0,95
flat,hcbs sports ville,sohna road,0.35,4,875000,Built Up area: 737147 (68483.2 sq.m.),2,2,2,8,,Relatively New,,737147,,0,0,0,0,0,2,44
house,u block dlf phase 3 road no 21,sector 24,1.6,29630,540,Plot area 60(50.17 sq.m.),7,5,3+,4,,Old Property,,540,,0,0,0,0,0,0,0
house,independent,sector 39,5.15,14072,3660,Built Up area: 340,5,5,0,1,,Relatively New,,340,,0,0,0,0,0,0,0
house,vipul tatvam villa,sector 48,8.4,21000,4000,Plot area 4000(371.61 sq.m.),4,5,3+,2,North,Moderately Old,,4000,,1,1,0,1,0,1,49
flat,ramprastha skyz,sector 37d,1.1,6376,1725,Super Built up area 1725(160.26 sq.m.),3,3,3+,7,East,Under Construction,1725,,,0,0,0,0,0,0,109
flat,ambience creacions,sector 22,4.1,28101,1459,Super Built up area 2781(258.36 sq.m.)Carpet area: 1459 sq.ft. (135.55 sq.m.),3,3,3+,2,North-East,New Property,2781,,1459,0,0,0,0,0,2,119
flat,chd avenue,sector 71,1.16,6655,1743,Super Built up area 1743(161.93 sq.m.),3,3,3,5,South-West,Moderately Old,1743,,,0,1,0,0,0,1,73
flat,shree vardhman flora,sector 90,0.8,5925,1350,Built Up area: 1350 (125.42 sq.m.),2,3,2,0,,Undefined,,1350,,0,0,0,0,0,0,60
flat,sare homes,sector 92,1.19,5219,2280,Carpet area: 2280 (211.82 sq.m.),4,3,3,14,North,Relatively New,,,2280,0,1,0,0,0,0,100
flat,hsiidc sidco shivalik apartments,manesar,0.6,4000,1500,Super Built up area 1500(139.35 sq.m.)Carpet area: 1077 sq.ft. (100.06 sq.m.),3,2,2,5,South-East,Moderately Old,1500,,1077,0,0,0,0,0,0,80
flat,smart world gems,sector 89,1.05,9519,1103,Built Up area: 1103 (102.47 sq.m.),2,2,2,4,,Under Construction,,1103,,1,0,0,0,1,0,38
flat,corona optus,sector 37,1.43,7185,1990,Super Built up area 1990(184.88 sq.m.)Carpet area: 1680 sq.ft. (156.08 sq.m.),3,3,3+,2,North,Relatively New,1990,,1680,0,1,0,0,1,0,49
flat,m3m woodshire,sector 107,1.35,5717,2361,Super Built up area 2361(219.34 sq.m.)Built Up area: 1950 sq.ft. (181.16 sq.m.),3,4,3+,8,South,Relatively New,2361,1950,,0,1,0,0,0,1,74
flat,orris aster court premier,sector 85,1.45,6839,2120,Super Built up area 2120(196.95 sq.m.)Built Up area: 1616 sq.ft. (150.13 sq.m.),3,4,2,3,North,New Property,2120,1616,,0,1,0,0,0,0,16
flat,spaze privvy the address,sector 93,1.25,6900,1812,Super Built up area 1805(167.69 sq.m.)Built Up area: 1350 sq.ft. (125.42 sq.m.)Carpet area: 1100 sq.ft. (102.19 sq.m.),3,4,2,12,North-East,Relatively New,1805,1350,1100,0,0,0,0,0,1,96
flat,m3m golf hills phase 1,sector 79,1.7,10828,1570,Built Up area: 1570 (145.86 sq.m.)Carpet area: 1099 sq.ft. (102.1 sq.m.),3,2,3,10,,Undefined,,1570,1099,0,0,0,0,0,0,0
flat,puri emerald bay,sector 104,2.25,10465,2150,Super Built up area 2450(227.61 sq.m.)Carpet area: 2150 sq.ft. (199.74 sq.m.),3,4,3+,4,North,Relatively New,2450,,2150,0,1,0,0,0,1,159
flat,parsvnath green ville,sector 48,1.6,8376,1910,Super Built up area 1910(177.44 sq.m.)Built Up area: 1895 sq.ft. (176.05 sq.m.)Carpet area: 1800 sq.ft. (167.23 sq.m.),3,3,3+,8,North,Old Property,1910,1895,1800,0,0,0,0,1,1,49
house,independent,sector 12,1.4,8702,1609,Plot area 166(138.8 sq.m.),2,2,1,2,North-East,Old Property,,166,,0,0,0,0,0,0,0
flat,today callidora,sector 73,0.9,5548,1622,Built Up area: 1622 (150.69 sq.m.),3,3,3,3,East,Under Construction,,1622,,0,1,0,0,0,0,63
house,house number b-34,sector 5,0.8,8888,900,Plot area 900(83.61 sq.m.)Built Up area: 900 sq.ft. (83.61 sq.m.),2,2,1,1,,Old Property,,900,,0,0,0,0,0,0,0
flat,dlf new town heights,sector 90,1.95,7150,2727,Super Built up area 2727(253.35 sq.m.)Carpet area: 2200 sq.ft. (204.39 sq.m.),4,4,3+,24,North-East,Relatively New,2727,,2200,0,1,1,0,0,0,174
flat,the center court,sector 88a,2.1,12173,1725,Super Built up area 2175(202.06 sq.m.)Built Up area: 1745 sq.ft. (162.12 sq.m.)Carpet area: 1725 sq.ft. (160.26 sq.m.),4,4,3,0,East,New Property,2175,1745,1725,1,1,0,0,0,0,142
flat,shapoorji pallonji joyville gurugram,sector 102,1.24,10205,1215,Super Built up area 1215(112.88 sq.m.),2,2,2,10,East,Relatively New,1215,,,0,0,0,0,0,0,141
flat,vatika gurgaon,sector 83,0.84,6746,1245,Super Built up area 1245(115.66 sq.m.),2,2,2,7,East,Moderately Old,1245,,,0,0,0,0,0,1,157
flat,vatika sovereign park,sector 99,2.45,8812,2780,Super Built up area 2780(258.27 sq.m.),3,4,3,1,East,New Property,2780,,,0,1,0,0,0,1,165
flat,ss the leaf,sector 85,1.87,7780,2404,Super Built up area 2408(223.71 sq.m.)Built Up area: 2225 sq.ft. (206.71 sq.m.)Carpet area: 2175 sq.ft. (202.06 sq.m.),3,4,3,7,North-East,Relatively New,2408,2225,2175,0,0,0,0,0,0,49
house,"nirmal enclave, maruti kunj road",sector 11,0.24,5333,450,Plot area 450(41.81 sq.m.),2,2,0,2,North,Relatively New,,450,,0,0,0,0,0,0,0
flat,gls arawali homes,sohna road,0.32,6722,476,Built Up area: 476 (44.22 sq.m.),2,1,0,0,,Undefined,,476,,0,0,0,0,0,0,0
house,independent,sector 43,5.75,29716,1935,Plot area 215(179.77 sq.m.),4,4,2,2,North,Old Property,,1935,,0,1,1,1,0,0,34
house,independent,sector 105,0.7,5833,1200,Built Up area: 1200 (111.48 sq.m.),3,2,2,1,,Undefined,,1200,,0,0,0,0,0,0,0
house,independent,sector 24,2.75,7666,3587,Built Up area: 3000 (278.71 sq.m.),7,7,3+,3,North-East,Moderately Old,,3000,,0,0,0,0,1,1,0
flat,the pearl apartmen,sector 15,0.43,5584,770,Carpet area: 770 (71.54 sq.m.),2,2,1,2,,Relatively New,,,770,0,0,0,0,0,1,28
flat,the close north,sector 50,2.92,11209,2605,Super Built up area 2605(242.01 sq.m.)Built Up area: 2600 sq.ft. (241.55 sq.m.)Carpet area: 2100 sq.ft. (195.1 sq.m.),3,3,3,10,North,Moderately Old,2605,2600,2100,0,1,0,0,0,1,174
flat,emaar palm gardens,sector 83,1.8,12000,1500,Carpet area: 1500 (139.35 sq.m.),3,4,3+,6,South-West,Relatively New,,,1500,0,1,0,0,0,1,96
house,independent,sector 25,8,8000,10000,Carpet area: 10000 (929.03 sq.m.),3,9,2,3,,New Property,,,10000,0,0,0,0,0,0,0
flat,hcbs sports ville,sohna road,0.29,5587,519,Carpet area: 519 (48.22 sq.m.),2,2,1,4,,Relatively New,,,519,0,0,0,0,0,0,44
flat,experion the heartsong,sector 108,1.55,7738,2003,Super Built up area 2003(186.08 sq.m.)Built Up area: 1750 sq.ft. (162.58 sq.m.)Carpet area: 1550 sq.ft. (144 sq.m.),3,3,3+,7,North-East,Relatively New,2003,1750,1550,0,1,0,1,0,1,174
house,suncity township,sector 54,25,31111,8036,Plot area 1000(836.13 sq.m.),4,4,3+,2,North,Moderately Old,,1000,,1,1,1,1,0,0,0
house,independent,sector 2,19.5,27083,7200,Plot area 800(668.9 sq.m.),8,9,3+,2,North,New Property,,7200,,1,1,0,1,0,0,122
flat,ss the leaf,sector 85,1.05,6402,1640,Super Built up area 1640(152.36 sq.m.),2,2,3,6,North-East,Relatively New,1640,,,0,0,0,0,1,0,49
flat,tulip violet,sector 69,1.7,8623,1971,Super Built up area 1970(183.02 sq.m.),4,4,1,12,North-West,Relatively New,1970,,,0,0,0,0,0,0,88
flat,dhoot time residency,sector 63,3,18271,1642,Built Up area: 1642 (152.55 sq.m.)Carpet area: 1500 sq.ft. (139.35 sq.m.),3,3,3+,14,,Relatively New,,1642,1500,0,1,0,0,0,1,0
flat,raheja vedaanta,sector 108,0.8,4080,1961,Super Built up area 1838(170.76 sq.m.),3,3,3,9,North-East,Relatively New,1838,,,0,0,0,1,0,0,174
flat,m3m golfestate,sector 65,4.94,16233,3043,Super Built up area 3043(282.7 sq.m.),3,4,3,15,North-East,Moderately Old,3043,,,0,1,0,0,0,0,165
house,international city by sobha phase 2,sector 109,9.4,26111,3600,Plot area 400(334.45 sq.m.),5,6,3+,2,North-East,Relatively New,,3600,,1,1,1,1,0,1,147
flat,shree vardhman victoria,sector 70,1.63,8358,1950,Super Built up area 1950(181.16 sq.m.)Carpet area: 1161 sq.ft. (107.86 sq.m.),3,3,3,5,East,New Property,1950,,1161,0,1,0,0,1,0,49
flat,laxmi apartment sector 99a gurgaon,sector 99,0.3,4615,650,Super Built up area 650(60.39 sq.m.)Carpet area: 550 sq.ft. (51.1 sq.m.),2,2,1,4,,New Property,650,,550,0,0,0,0,0,0,44
house,ss omnia,sector 86,0.42,84000,50,Plot area 50(4.65 sq.m.),5,3,2,3,,Relatively New,,50,,0,0,0,0,0,0,0
flat,sare crescent parc,sector 92,0.51,4080,1250,Super Built up area 1250(116.13 sq.m.),3,2,2,2,North,Relatively New,1250,,,0,0,0,0,0,0,72
flat,shapoorji pallonji joyville gurugram,sector 102,1.28,10534,1215,Super Built up area 1215(112.88 sq.m.),2,2,3,10,East,Relatively New,1215,,,0,0,0,0,0,0,49
flat,signature global park,sohna road,0.54,7200,750,Carpet area: 750 (69.68 sq.m.),2,2,2,4,North-East,Under Construction,,,750,0,0,0,0,0,0,111
flat,ramprastha the atrium,sector 37d,1,7782,1285,Super Built up area 1285(119.38 sq.m.),3,3,2,4,,Relatively New,1285,,,0,0,0,0,0,0,13
flat,umang monsoon breeze,sector 78,0.9,4615,1950,Super Built up area 1950(181.16 sq.m.)Built Up area: 1900 sq.ft. (176.52 sq.m.)Carpet area: 1854 sq.ft. (172.24 sq.m.),3,3,2,1,,Moderately Old,1950,1900,1854,0,1,0,1,0,0,65
flat,sare crescent parc,sector 92,1,4778,2093,Built Up area: 2093 (194.45 sq.m.),4,4,3,9,,Undefined,,2093,,0,0,0,0,0,0,0
flat,green court,sector 90,0.45,7188,626,Carpet area: 626 (58.16 sq.m.),2,2,1,2,,New Property,,,626,0,0,0,0,0,1,42
flat,bestech park view sanskruti,sector 92,1.83,7870,2325,Super Built up area 2325(216 sq.m.),4,3,3,8,East,New Property,2325,,,0,1,0,0,0,0,128
flat,signature global city 63a,sector 63a,1.4,11336,1235,Carpet area: 1235 (114.74 sq.m.),2,2,2,3,East,Under Construction,,,1235,0,0,0,0,1,0,0
house,vatika india next,sector 82,6.8,20988,3240,Plot area 360(301.01 sq.m.),4,4,3+,3,North-East,Relatively New,,3240,,0,1,0,0,0,2,110
flat,m3m merlin,sector 67,3.4,14418,2358,Super Built up area 2358(219.07 sq.m.)Carpet area: 1708 sq.ft. (158.68 sq.m.),3,4,3,16,North-West,Relatively New,2358,,1708,0,1,0,0,0,1,174
flat,emaar gurgaon greens,sector 102,1.4,8484,1650,Super Built up area 1650(153.29 sq.m.)Carpet area: 1022.58 sq.ft. (95 sq.m.),3,3,3,3,East,Relatively New,1650,,1022.58,0,1,0,0,0,0,60
flat,bptp pedestal,sector 70a,1.6,10158,1575,Carpet area: 1575 (146.32 sq.m.),3,3,3,2,North-East,New Property,,,1575,0,1,0,0,1,0,77
flat,m3m woodshire,sector 107,0.8,5856,1366,Super Built up area 1366(126.91 sq.m.),2,2,3+,14,,New Property,1366,,,0,0,0,0,0,0,67
flat,vatika the seven lamps,sector 82,1.28,6819,1877,Super Built up area 1877(174.38 sq.m.)Built Up area: 1800 sq.ft. (167.23 sq.m.)Carpet area: 1500 sq.ft. (139.35 sq.m.),3,3,3,3,North,Relatively New,1877,1800,1500,1,0,0,0,0,1,165
flat,orris carnation residency,sector 85,0.8,4857,1647,Super Built up area 1645(152.83 sq.m.)Built Up area: 1390 sq.ft. (129.14 sq.m.)Carpet area: 1275 sq.ft. (118.45 sq.m.),3,4,3,4,West,Relatively New,1645,1390,1275,0,1,0,0,0,1,40
flat,tulip violet,sector 69,1.4,8861,1580,Super Built up area 1578(146.6 sq.m.),3,3,2,2,North-East,Relatively New,1578,,,0,0,0,1,0,0,102
flat,m3m woodshire,sector 107,1.39,5887,2361,Super Built up area 2361(219.34 sq.m.)Carpet area: 1780 sq.ft. (165.37 sq.m.),3,4,3+,6,East,Relatively New,2361,,1780,0,1,0,1,0,1,174
flat,tarc maceo,sector 91,1.8,7758,2320,Carpet area: 2320 (215.54 sq.m.),4,3,3+,0,North,Relatively New,,,2320,1,0,0,1,0,2,45
flat,pgr shree kripaluji apartment,sector 52,1.4,6086,2300,Carpet area: 2300 (213.68 sq.m.),3,3,3+,8,North-East,Relatively New,,,2300,0,0,0,0,0,1,80
flat,dlf regency park,sector 28,2.35,13224,1777,Super Built up area 1777(165.09 sq.m.)Built Up area: 1700 sq.ft. (157.94 sq.m.)Carpet area: 1600 sq.ft. (148.64 sq.m.),3,4,3,8,South-East,Old Property,1777,1700,1600,0,1,0,0,0,1,109
flat,dlf new town heights,sector 86,1.25,6476,1930,Super Built up area 1930(179.3 sq.m.),3,4,3+,2,South-West,Relatively New,1930,,,0,1,0,1,0,0,65
flat,capital residences 360,sector 70a,1.55,7844,1976,Super Built up area 1976(183.58 sq.m.)Built Up area: 1600 sq.ft. (148.64 sq.m.)Carpet area: 1400 sq.ft. (130.06 sq.m.),3,3,3,8,South,Relatively New,1976,1600,1400,1,1,0,1,1,0,42
flat,siddhartha apartment,sector 95,0.72,3664,1965,Super Built up area 1965(182.55 sq.m.)Built Up area: 1800 sq.ft. (167.23 sq.m.)Carpet area: 1600 sq.ft. (148.64 sq.m.),3,3,2,4,East,Relatively New,1965,1800,1600,0,0,0,0,1,0,21
house,independent,sector 8,0.62,11273,550,Built Up area: 550 (51.1 sq.m.),3,1,0,2,,Undefined,,550,,0,0,0,0,0,0,0
flat,signature global solera,sector 107,0.36,6581,547,Carpet area: 547 (50.82 sq.m.),2,2,2,8,South-East,Relatively New,,,547,0,0,0,0,0,0,45
flat,imperia the esfera,sector 37,0.98,5399,1815,Super Built up area 1815(168.62 sq.m.)Carpet area: 1510 sq.ft. (140.28 sq.m.),3,4,3,9,South-West,Relatively New,1815,,1510,0,1,0,0,1,0,49
flat,signature global orchard avenue,sector 93,0.38,6387,595,Carpet area: 594.91 (55.27 sq.m.),2,2,2,7,North,Relatively New,,,594.920753,0,0,0,0,0,0,16
flat,ats triumph,sector 104,2.3,10000,2300,Carpet area: 2290 (212.75 sq.m.),3,4,3+,15,North-East,New Property,,,2290,0,1,0,0,0,0,117
flat,signature global orchard avenue,sector 93,0.36,6715,536,Carpet area: 543.53 (50.5 sq.m.),2,2,2,6,North,Relatively New,,,543.57695,0,0,0,0,0,0,16
house,independent,sector 9,0.22,7407,297,Carpet area: 33 (27.59 sq.m.),2,2,2,1,,Undefined,,,33,0,0,0,0,0,0,0
house,independent,sector 4,3.25,14444,2250,Plot area 250(209.03 sq.m.),3,3,2,2,South-East,Old Property,,2250,,0,0,0,0,0,0,27
flat,adani brahma samsara vilasa,sector 63,3.4,10000,3400,Super Built up area 3400(315.87 sq.m.),3,3,3+,1,West,New Property,3400,,,0,0,0,0,0,0,99
flat,la vida by tata housing,sector 113,1.75,10489,1668,Super Built up area 1573(146.14 sq.m.),2,2,3,10,East,Relatively New,1573,,,1,0,0,0,0,0,93
house,independent,sector 31,3.5,24155,1449,Plot area 161(134.62 sq.m.),4,4,3,2,North-East,Old Property,,1449,,0,0,1,0,0,1,70
flat,tulip violet,sector 69,1.46,9252,1578,Super Built up area 1578(146.6 sq.m.),3,3,2,0,North-East,Relatively New,1578,,,0,0,0,1,0,1,174
flat,zara aavaas,sector 104,0.26,7807,333,Built Up area: 301 (27.96 sq.m.),1,1,2,0,North-East,Relatively New,,301,,0,0,0,0,0,0,91
flat,ireo skyon,sector 60,2.65,13125,2019,Super Built up area 2045(189.99 sq.m.)Built Up area: 2037 sq.ft. (189.24 sq.m.)Carpet area: 2019 sq.ft. (187.57 sq.m.),3,4,3+,7,North-East,Moderately Old,2045,2037,2019,0,1,0,0,0,1,152
flat,shapoorji pallonji joyville,sector 102,1.1,12022,915,Built Up area: 915 (85.01 sq.m.)Carpet area: 700 sq.ft. (65.03 sq.m.),2,2,1,7,,Undefined,,915,700,0,0,0,0,0,0,0
flat,whiteland blissville,sector 76,1.92,11500,1670,Built Up area: 1672 (155.33 sq.m.)Carpet area: 940 sq.ft. (87.33 sq.m.),3,3,2,2,,Undefined,,1672,940,0,0,0,0,0,0,61
house,rajendra park gurgaon,sector 105,0.37,10277,360,Plot area 360(33.45 sq.m.),4,3,2,3,East,Relatively New,,360,,0,0,0,0,0,0,0
flat,central park flower valley,sohna road,1.65,17441,946,Carpet area: 946 (87.89 sq.m.),3,3,0,1,,Undefined,,,946,0,0,0,0,0,0,66
flat,eldeco accolade,sohna road,0.71,4907,1447,Super Built up area 1457(135.36 sq.m.)Carpet area: 849 sq.ft. (78.87 sq.m.),2,2,3+,10,North-East,Relatively New,1457,,849,1,0,0,0,0,0,49
house,independent,sector 3,0.9,8928,1008,Built Up area: 1008 (93.65 sq.m.),3,1,0,1,,Undefined,,1008,,0,0,0,0,0,0,0
flat,conscient elevate,sector 59,6.75,19882,3395,Super Built up area 3395(315.41 sq.m.)Carpet area: 1855 sq.ft. (172.34 sq.m.),4,4,2,10,,New Property,3395,,1855,0,1,0,0,0,0,31
flat,ss the coralwood,sector 84,1.01,5771,1750,Super Built up area 1750(162.58 sq.m.)Built Up area: 1475 sq.ft. (137.03 sq.m.)Carpet area: 1350 sq.ft. (125.42 sq.m.),3,3,2,18,North-West,Relatively New,1750,1475,1350,0,0,0,0,0,0,40
flat,ss the leaf,sector 85,1.1,6318,1741,Super Built up area 1741(161.74 sq.m.)Carpet area: 1218 sq.ft. (113.16 sq.m.),2,2,3+,3,South-East,Relatively New,1741,,1218,0,0,1,0,0,0,143
flat,mvn athens,sohna road,0.25,5189,482,Carpet area: 481.73 (44.75 sq.m.),2,2,1,3,East,Relatively New,,,481.684525,0,0,0,0,0,0,51
flat,ireo the corridors,sector 67a,1.5,11111,1350,Carpet area: 1350 (125.42 sq.m.),2,2,2,10,,Relatively New,,,1350,0,0,1,0,0,1,38
house,nirvana country,sector 50,10,14285,7000,Built Up area: 7000 (650.32 sq.m.),5,7,2,4,East,Moderately Old,,7000,,0,1,0,0,0,2,0
house,independent,sector 12,2.5,13888,1800,Plot area 1800(167.23 sq.m.),9,5,2,1,South-East,Old Property,,1800,,0,0,0,1,0,0,8
house,independent,sector 13,0.62,32291,192,Built Up area: 192 (17.84 sq.m.),6,6,0,3,,Undefined,,192,,0,0,0,0,0,0,0
flat,kamal residence,sohna road,0.4,7633,524,Carpet area: 524 (48.68 sq.m.),2,2,1,0,North-East,New Property,,,524,0,0,0,0,1,1,16
house,independent,sector 4,0.47,3519,1336,Built Up area: 1350 (125.42 sq.m.),3,4,0,3,,Undefined,,1350,,0,0,0,0,0,0,0
flat,sare green parc phase 3,sector 92,1.08,5150,2097,Super Built up area 2090(194.17 sq.m.),4,4,2,16,,New Property,2090,,,0,1,0,0,0,0,107
flat,ats triumph,sector 104,2.6,8253,3150,Super Built up area 3150(292.64 sq.m.),4,4,3+,12,South,Relatively New,3150,,,0,1,0,0,0,0,118
flat,dlf the belaire,sector 54,10,24557,4072,Super Built up area 4072(378.3 sq.m.)Built Up area: 3000 sq.ft. (278.71 sq.m.)Carpet area: 2800 sq.ft. (260.13 sq.m.),4,5,3+,17,North,Moderately Old,4072,3000,2800,0,1,0,0,0,2,167
flat,tulip leaf,sector 69,2.07,11423,1812,Super Built up area 1812(168.34 sq.m.),3,3,3,16,South-West,Relatively New,1812,,,0,0,0,0,0,0,49
flat,ramprastha city,dwarka expressway,1.3,9027,1440,Super Built up area 1440(133.78 sq.m.),3,3,2,3,,Under Construction,1440,,,0,0,0,0,0,0,0
house,independent,sector 47,6.09,33665,1809,Plot area 201(168.06 sq.m.)Built Up area: 180 sq.yards (150.5 sq.m.)Carpet area: 150 sq.yards (125.42 sq.m.),12,11,3+,4,West,Moderately Old,,180,150,0,0,0,1,0,2,44
flat,smart world orchard,sector 61,2.6,14723,1766,Super Built up area 1630(151.43 sq.m.),3,3,2,2,,New Property,1630,,,0,0,0,0,0,0,47
house,independent,sector 43,2.15,13030,1650,Built Up area: 1650 (153.29 sq.m.),1,1,0,1,,Undefined,,1650,,0,0,0,0,0,0,0
flat,smart world orchard,sector 61,1.55,13478,1150,Super Built up area 1150(106.84 sq.m.),2,2,1,3,,Under Construction,1150,,,1,0,0,0,0,0,43
flat,godrej nature plus,sector 33,1.35,8670,1557,Super Built up area 1557(144.65 sq.m.),3,2,3+,17,,New Property,1557,,,0,0,0,0,0,0,38
flat,godrej nature plus,sector 33,1.35,8231,1640,Super Built up area 1640(152.36 sq.m.),3,2,3+,7,North-East,Under Construction,1640,,,0,0,0,1,0,0,49
flat,shapoorji pallonji joyville gurugram,sector 102,1.8,10638,1692,Super Built up area 1692(157.19 sq.m.),3,3,3,5,North,Relatively New,1692,,,0,0,0,0,0,0,49
flat,emaar gurgaon greens,sector 102,1.3,7878,1650,Super Built up area 1650(153.29 sq.m.)Carpet area: 1155 sq.ft. (107.3 sq.m.),3,3,3,7,North-East,Relatively New,1650,,1155,0,1,0,0,0,0,93
flat,bestech altura,sector 79,1.72,8000,2150,Super Built up area 2150(199.74 sq.m.)Carpet area: 1300 sq.ft. (120.77 sq.m.),3,4,3+,5,North-East,Relatively New,2150,,1300,0,1,0,0,0,1,174
flat,signature global solera,sector 107,0.27,5521,489,Carpet area: 489 (45.43 sq.m.),2,2,2,0,North-East,Relatively New,,,489,0,0,0,0,0,0,45
flat,dlf park place,sector 54,6.75,24963,2704,Super Built up area 2704(251.21 sq.m.)Carpet area: 1534 sq.ft. (142.51 sq.m.),4,4,2,8,North,Moderately Old,2704,,1534,0,1,0,0,0,2,135
flat,indiabulls centrum park,sector 103,1.34,7486,1790,Super Built up area 1790(166.3 sq.m.)Carpet area: 1350 sq.ft. (125.42 sq.m.),3,3,3+,13,South-East,Relatively New,1790,,1350,1,0,0,0,0,0,93
flat,supertech new soft launch,sector 68,0.84,7119,1180,Built Up area: 1180 (109.63 sq.m.),2,2,2,7,East,Undefined,,1180,,0,0,0,0,0,0,0
flat,emaar mgf the palm drive,sector 66,3,15384,1950,Super Built up area 1950(181.16 sq.m.)Built Up area: 1720 sq.ft. (159.79 sq.m.)Carpet area: 1620 sq.ft. (150.5 sq.m.),3,3,2,12,East,Relatively New,1950,1720,1620,0,1,0,0,0,0,96
house,ansal sushant lok plots,sector 43,7,25926,2700,Plot area 300(250.84 sq.m.),5,5,3+,3,North-East,Relatively New,,2700,,1,1,0,1,0,1,41
flat,orchid petals,sector 49,4.79,11628,4119,Super Built up area 4115(382.3 sq.m.),5,5,3+,14,South,Relatively New,4115,,,1,1,0,1,0,0,49
house,ansal api esencia,sector 67,5.46,24170,2259,Plot area 251(209.87 sq.m.),4,5,3+,2,East,Relatively New,,2259,,1,0,1,1,0,1,103
house,rattan garden,sector 7,0.83,17584,472,Carpet area: 472 (43.85 sq.m.),5,3,2,3,East,Undefined,,,472,0,0,0,0,0,0,0
flat,godrej nature plus,sector 33,1.45,15664,926,Built Up area: 118 Carpet area: 86 sq.m.,3,2,3+,20,,Under Construction,,118,86,1,0,0,0,0,0,144
flat,smart world gems,sector 89,0.85,7706,1103,Carpet area: 1103 (102.47 sq.m.),2,2,2,2,North-East,Under Construction,,,1103,1,0,0,0,0,0,45
flat,adani brahma samsara vilasa,sector 63,4.49,14254,3150,Carpet area: 350 (292.64 sq.m.),4,4,3+,3,North,New Property,,,350,0,0,0,0,0,1,96
house,independent,sector 25,13.5,37313,3618,Plot area 402(336.12 sq.m.),5,6,3+,4,North-East,Old Property,,3618,,0,0,0,0,1,1,79
flat,la vida by tata housing,sector 113,2.33,12533,1859,Super Built up area 2217(205.97 sq.m.)Built Up area: 2098 sq.ft. (194.91 sq.m.)Carpet area: 1859 sq.ft. (172.71 sq.m.),3,3,3,3,North,New Property,2217,2098,1859,0,1,0,0,0,0,174
flat,ireo the grand arch,sector 58,4,18484,2164,Super Built up area 2164(201.04 sq.m.),3,4,3,5,North-West,Old Property,2164,,,0,1,0,0,0,1,49
flat,emaar mgf emerald floors premier,sector 65,2.9,14683,1975,Super Built up area 1975(183.48 sq.m.),4,4,3+,4,North-East,Relatively New,1975,,,1,1,0,0,0,1,152
house,independent,sector 56,3.25,21495,1512,Plot area 168(140.47 sq.m.),5,6,3+,4,East,Relatively New,,1512,,0,0,0,1,1,1,27
flat,gls arawali homes,sohna road,0.3,5291,567,Super Built up area 567(52.68 sq.m.)Carpet area: 467 sq.ft. (43.39 sq.m.),2,2,2,10,,Relatively New,567,,467,0,0,0,0,0,0,42
flat,suncity avenue,sector 102,0.47,8928,526,Super Built up area 632(58.71 sq.m.)Carpet area: 532 sq.ft. (49.42 sq.m.),2,2,1,5,South-East,Relatively New,632,,532,0,0,1,0,0,0,142
flat,sidhartha ncr greens,sector 95,0.96,6201,1548,Carpet area: 1548 (143.81 sq.m.),3,3,3,8,,New Property,,,1548,0,0,1,1,0,0,8
flat,dlf regal gardens,sector 90,1.27,5499,2310,Super Built up area 1755(163.04 sq.m.)Built Up area: 1500 sq.ft. (139.35 sq.m.)Carpet area: 1400 sq.ft. (130.06 sq.m.),3,3,3+,2,South-West,Relatively New,1755,1500,1400,0,0,0,0,1,0,72
flat,smart world gems,sector 89,1.01,9156,1103,Carpet area: 1103 (102.47 sq.m.),2,2,2,4,,Under Construction,,,1103,1,0,0,0,0,0,38
house,independent,sector 105,1.3,11556,1125,Built Up area: 1125 (104.52 sq.m.),3,3,1,1,East,Undefined,,1125,,0,0,0,0,0,0,0
flat,signature global solera,sector 107,0.5,7751,645,Carpet area: 645 (59.92 sq.m.),3,2,2,6,South-East,Relatively New,,,645,0,0,0,0,1,0,15
flat,shree vardhman flora,sector 90,1.27,4951,2565,Super Built up area 2575(239.23 sq.m.)Carpet area: 1950 sq.ft. (181.16 sq.m.),4,5,2,9,North-East,New Property,2575,,1950,1,1,0,0,0,0,83
flat,lotus elise,sector 99,0.95,6551,1450,Carpet area: 1450 (134.71 sq.m.),2,3,3,7,,Relatively New,,,1450,0,1,0,0,0,0,0
flat,bestech park view residency,sector 2,1.4,7865,1780,Super Built up area 1780(165.37 sq.m.),3,3,3+,6,North,Old Property,1780,,,0,0,0,0,0,2,107
flat,godrej summit,sector 104,1.16,6387,1816,Carpet area: 1816 (168.71 sq.m.),3,4,3+,8,East,Relatively New,,,1816,0,1,0,0,0,1,96
flat,bestech park view residency,sector 2,1.4,7865,1780,Super Built up area 1780(165.37 sq.m.),3,3,3+,8,South-West,Moderately Old,1780,,,0,0,0,0,0,0,92
flat,pareena coban residences,sector 99,1.02,8793,1160,Super Built up area 1550(144 sq.m.)Built Up area: 1430 sq.ft. (132.85 sq.m.)Carpet area: 1160 sq.ft. (107.77 sq.m.),2,2,3,3,North,Relatively New,1550,1430,1160,1,0,0,0,0,0,174
flat,breez global hill view,sohna road,0.42,7174,585,Carpet area: 585.41 (54.39 sq.m.),2,2,1,18,,Relatively New,,,585.448521,0,0,0,0,0,0,44
flat,rof ananda,sector 95,0.38,58,65517,Carpet area: 64529 (5994.94 sq.m.),2,2,2,10,East,New Property,,,64529,1,0,0,0,0,0,15
flat,experion the heartsong,sector 108,0.98,13343,734,Built Up area: 978.23 (90.88 sq.m.)Carpet area: 734.43 sq.ft. (68.23 sq.m.),2,3,3,12,South-East,Relatively New,,978.223232,734.43,1,1,1,1,0,0,31
house,independent,sector 12,1,74074,135,Plot area 135(12.54 sq.m.)Built Up area: 3750 sq.ft. (348.39 sq.m.),9,7,3+,3,North,Moderately Old,,3750,,0,0,1,1,0,0,7
flat,godrej air,sector 85,1.83,10005,1829,Carpet area: 1829 (169.92 sq.m.),3,3,3+,18,,Under Construction,,,1829,0,0,0,0,0,0,110
flat,dlf ridgewood estate,sector 28,2,14598,1370,Super Built up area 1370(127.28 sq.m.),3,3,1,12,North-East,Old Property,1370,,,0,0,0,0,0,1,96
house,independent,sector 46,2.25,24510,918,Plot area 102(85.28 sq.m.)Built Up area: 90 sq.yards (75.25 sq.m.)Carpet area: 85 sq.yards (71.07 sq.m.),4,3,3,3,North-East,Relatively New,,90,85,1,0,0,0,0,1,35
flat,umang winter hills,sector 77,1,7500,1333,Carpet area: 1340 (124.49 sq.m.),2,2,2,3,,New Property,,,1340,0,0,0,0,0,0,74
house,independent,sector 11,1.35,3857,3500,Plot area 3500(325.16 sq.m.),10,6,3+,3,,Old Property,,3500,,0,0,0,0,0,0,0
flat,the lions cghs,sector 56,2.05,7884,2600,Built Up area: 2600 (241.55 sq.m.)Carpet area: 2400 sq.ft. (222.97 sq.m.),4,4,3+,7,West,Old Property,,2600,2400,0,0,1,0,0,1,120
flat,hcbs sports ville,sohna road,0.25,4166,600,Built Up area: 600 (55.74 sq.m.),1,1,1,12,,Relatively New,,600,,0,0,0,0,0,0,37
flat,ss the leaf,sector 85,1.85,6578,2812,Super Built up area 2812(261.24 sq.m.),4,5,3+,1,North-West,Relatively New,2812,,,0,0,0,0,0,0,95
flat,nagata group housing society,sector 1,0.85,3695,2300,Super Built up area 2300(213.68 sq.m.),3,3,3+,4,North,Relatively New,2300,,,0,1,0,0,0,0,5
flat,tata primanti,sector 72,4,13769,2905,Super Built up area 2905(269.88 sq.m.)Built Up area: 2800 sq.ft. (260.13 sq.m.)Carpet area: 2500 sq.ft. (232.26 sq.m.),4,5,3+,9,North-East,Relatively New,2905,2800,2500,0,1,0,0,0,1,165
flat,aipl zen residences,sector 70a,1.4,11094,1262,Built Up area: 1262 (117.24 sq.m.)Carpet area: 800 sq.ft. (74.32 sq.m.),2,2,2,16,North-East,Undefined,,1262,800,0,0,0,0,0,0,0
flat,dlf the grove,sector 54,5.7,41245,1382,Built Up area: 1382 (128.39 sq.m.),3,3,3,1,East,Undefined,,1382,,0,0,0,0,0,0,46
flat,m3m woodshire,sector 107,0.9,6588,1366,Super Built up area 1366(126.91 sq.m.),2,2,3+,4,,Relatively New,1366,,,0,0,0,0,0,0,21
flat,sare green parc,sector 92,0.85,6538,1300,Built Up area: 1300 (120.77 sq.m.),3,2,2,20,,Undefined,,1300,,0,0,0,0,0,0,0
flat,ats tourmaline,sector 109,1.65,7674,2150,Super Built up area 2150(199.74 sq.m.),3,3,3+,16,North-East,Relatively New,2150,,,0,1,0,0,0,1,49
flat,ansal housing highland park,sector 103,1.25,6443,1940,Super Built up area 1940(180.23 sq.m.)Carpet area: 1056 sq.ft. (98.11 sq.m.),3,3,3+,2,North-East,New Property,1940,,1056,0,0,0,1,0,0,105
flat,godrej oasis,sector 88a,0.95,7268,1307,Carpet area: 1307 (121.42 sq.m.),2,2,2,6,North-West,Relatively New,,,1307,0,0,0,0,0,0,79
flat,dlf beverly park,sector 25,8,15384,5200,Carpet area: 5200 (483.1 sq.m.),5,5,3+,2,North-East,Old Property,,,5200,1,1,0,1,1,2,26
flat,sobha city,sector 108,3.75,14938,2510,Super Built up area 2343(217.67 sq.m.),3,3,2,16,North-East,New Property,2343,,,0,1,0,0,0,0,77
flat,shree vardhman victoria,sector 70,1.07,7925,1350,Super Built up area 1350(125.42 sq.m.),2,2,3,8,North,Relatively New,1350,,,1,0,0,0,0,0,108
flat,aipl the peaceful homes,sector 70a,2.52,10723,2350,Super Built up area 2350(218.32 sq.m.),3,4,3,8,West,Relatively New,2350,,,0,1,0,0,0,0,174
flat,ss the leaf,sector 85,1.93,8075,2390,Super Built up area 2408(223.71 sq.m.)Built Up area: 2400 sq.ft. (222.97 sq.m.)Carpet area: 2390 sq.ft. (222.04 sq.m.),3,4,3,7,North-East,Relatively New,2408,2400,2390,0,1,0,0,0,0,174
flat,ambience creacions,sector 22,2.79,15000,1860,Super Built up area 1860(172.8 sq.m.)Carpet area: 1300 sq.ft. (120.77 sq.m.),3,3,3,13,East,New Property,1860,,1300,0,0,0,0,0,2,158
flat,sbr apartment,manesar,0.68,4456,1526,Built Up area: 1526 (141.77 sq.m.),3,3,3,2,,Moderately Old,,1526,,0,0,0,0,0,0,0
house,independent,sector 2,5,15384,3250,Carpet area: 3250 (301.93 sq.m.),6,6,2,1,South,Undefined,,,3250,0,0,0,0,0,0,0
flat,vatika gurgaon,sector 83,0.95,6574,1445,Super Built up area 1445(134.24 sq.m.)Built Up area: 1300 sq.ft. (120.77 sq.m.)Carpet area: 1200 sq.ft. (111.48 sq.m.),2,2,3,5,South,Relatively New,1445,1300,1200,0,0,0,0,0,1,96
flat,mrg skyline,sector 106,1.82,13392,1359,Built Up area: 1359 (126.26 sq.m.)Carpet area: 952 sq.ft. (88.44 sq.m.),3,2,2,4,East,Undefined,,1359,952,0,0,0,0,0,0,0
flat,m3m skywalk,sector 74,1.54,10814,1424,Super Built up area 1424(132.29 sq.m.)Built Up area: 1200 sq.ft. (111.48 sq.m.)Carpet area: 1139 sq.ft. (105.82 sq.m.),2,2,3+,15,South-East,Relatively New,1424,1200,1139,0,0,0,0,1,0,137
flat,greenopolis,sector 89,0.9,4700,1915,Built Up area: 1910 (177.44 sq.m.),3,3,0,14,,Under Construction,,1910,,0,0,0,0,0,0,67
flat,emaar palm gardens,sector 83,1.38,8023,1720,Super Built up area 1720(159.79 sq.m.)Built Up area: 1350 sq.ft. (125.42 sq.m.)Carpet area: 1150 sq.ft. (106.84 sq.m.),3,3,3,5,South-West,Relatively New,1720,1350,1150,0,1,0,0,0,1,8
flat,godrej summit,sector 104,1.35,5000,2700,Carpet area: 2700 (250.84 sq.m.),4,5,3+,0,North-East,Relatively New,,,2700,1,1,1,1,0,0,112
flat,tashee capital gateway,sector 111,0.96,6500,1477,Super Built up area 1478(137.31 sq.m.),2,2,1,4,North,Under Construction,1478,,,1,0,0,0,0,0,53
flat,godrej summit,sector 104,0.75,5910,1269,Super Built up area 1269(117.89 sq.m.),2,2,3,6,East,Relatively New,1269,,,0,0,0,0,1,0,79
flat,emaar palm gardens,sector 83,1.72,9052,1900,Super Built up area 1900(176.52 sq.m.)Built Up area: 1600 sq.ft. (148.64 sq.m.)Carpet area: 1240.04 sq.ft. (115.2 sq.m.),3,3,3,4,South,Relatively New,1900,1600,1240.04,0,1,0,0,0,1,165
flat,signature global solera,sector 107,0.38,6333,600,Super Built up area 650(60.39 sq.m.)Carpet area: 600 sq.ft. (55.74 sq.m.),2,2,2,3,East,Relatively New,650,,600,0,0,0,0,0,2,23
flat,hsiidc sidco aravali,manesar,0.9,3477,2588,Super Built up area 2588(240.43 sq.m.)Built Up area: 1900 sq.ft. (176.52 sq.m.),3,3,3+,8,East,Moderately Old,2588,1900,,0,1,0,0,0,0,23
flat,godrej aria,sector 79,0.96,13296,722,Super Built up area 1351(125.51 sq.m.)Carpet area: 722 sq.ft. (67.08 sq.m.),2,2,3,8,North-East,Relatively New,1351,,722,0,0,0,0,0,0,49
flat,m3m woodshire,sector 107,1.49,6310,2361,Super Built up area 2361(219.34 sq.m.),3,4,3+,5,East,Relatively New,2361,,,0,1,1,0,0,1,174
flat,shree vardhman victoria,sector 70,1.6,8205,1950,Super Built up area 1950(181.16 sq.m.)Carpet area: 1161 sq.ft. (107.86 sq.m.),3,3,3,10,South,Relatively New,1950,,1161,1,1,0,1,1,0,43
flat,conscient heritage max,sector 102,3,10489,2860,Carpet area: 2860 (265.7 sq.m.),4,4,3+,7,East,Relatively New,,,2860,0,0,0,0,1,1,65
house,unitech escape,sector 50,10.8,60000,1800,Plot area 290(242.48 sq.m.)Built Up area: 250 sq.yards (209.03 sq.m.)Carpet area: 200 sq.yards (167.23 sq.m.),4,4,3,2,North,Relatively New,,250,200,1,1,1,1,0,1,103
flat,m3m sierra 68,sector 68,1.13,9076,1245,Super Built up area 1245(115.66 sq.m.)Built Up area: 1130 sq.ft. (104.98 sq.m.)Carpet area: 930 sq.ft. (86.4 sq.m.),2,2,3,9,West,Relatively New,1245,1130,930,0,0,0,0,0,1,149
flat,sbr minda sec 1 imt manesar,manesar,0.65,4259,1526,Carpet area: 1526 (141.77 sq.m.),3,2,3+,6,South,Moderately Old,,,1526,0,0,0,0,0,0,5
flat,ireo victory valley,sector 67,3.05,12650,2411,Super Built up area 2411(223.99 sq.m.)Carpet area: 1688 sq.ft. (156.82 sq.m.),3,3,3+,21,South-West,Relatively New,2411,,1688,0,1,0,0,0,1,157
flat,friends apartment,sector 52,2,8510,2350,Super Built up area 2350(218.32 sq.m.)Carpet area: 1850 sq.ft. (171.87 sq.m.),4,3,3,5,North,Moderately Old,2350,,1850,0,1,0,0,0,2,111
flat,sobha city,sector 108,2.9,14478,2003,Super Built up area 2003(186.08 sq.m.),3,4,2,8,East,New Property,2003,,,0,0,0,0,0,0,109
house,independent,sector 25,10.5,29022,3618,Plot area 402(336.12 sq.m.),5,5,3,3,East,Moderately Old,,3618,,1,1,0,1,0,0,42
flat,tulip petals,sector 89,1.55,10000,1550,Super Built up area 1550(144 sq.m.),3,2,3,6,East,Moderately Old,1550,,,0,0,1,0,0,1,111
flat,shri ram apartments,sector 4,0.32,3368,950,Carpet area: 950 (88.26 sq.m.),2,2,1,4,,Relatively New,,,950,0,0,0,0,0,1,7
flat,sidhartha ncr one phase,sector 95,0.46,4646,990,Built Up area: 990 (91.97 sq.m.),2,2,0,6,,Undefined,,990,,0,0,0,0,0,0,0
flat,mapsko mount ville,sector 79,1.2,13837,867,Super Built up area 1510(140.28 sq.m.)Carpet area: 867.24 sq.ft. (80.57 sq.m.),3,3,3,18,North,Relatively New,1510,,867.24,1,0,0,1,0,1,160
flat,conscient one,sector 109,1.7,17617,965,Built Up area: 965 (89.65 sq.m.)Carpet area: 628 sq.ft. (58.34 sq.m.),1,1,2,9,,Undefined,,965,628,0,0,0,0,0,0,0
house,independent,sector 47,0.99,17187,576,Plot area 64(53.51 sq.m.),4,4,3,4,,Relatively New,,576,,0,0,0,0,0,0,13
flat,silverglades hightown residences,sector 43,4.2,19767,2125,Super Built up area 2150(199.74 sq.m.),3,4,2,7,East,Under Construction,2150,,,0,0,0,0,0,0,42
flat,experion windchants,sector 112,3,11538,2600,Super Built up area 2802(260.31 sq.m.)Built Up area: 2600 sq.ft. (241.55 sq.m.)Carpet area: 2200 sq.ft. (204.39 sq.m.),3,3,2,2,North,Relatively New,2802,2600,2200,0,0,0,0,1,1,49
house,ss aaron ville,sector 49,6.75,19737,3420,Plot area 380(317.73 sq.m.),5,4,2,2,North,Old Property,,3420,,1,1,1,0,0,0,78
flat,emaar mgf palm hills,sector 77,1.25,8620,1450,Carpet area: 1450 (134.71 sq.m.),3,4,3,1,West,Relatively New,,,1450,0,1,0,0,0,1,104
flat,ss the leaf,sector 85,1.99,8659,2298,Super Built up area 2408(223.71 sq.m.)Built Up area: 2398 sq.ft. (222.78 sq.m.)Carpet area: 2298 sq.ft. (213.49 sq.m.),3,4,3+,17,East,Relatively New,2408,2398,2298,0,1,0,0,0,1,174
flat,experion the heartsong,sector 108,1.68,8387,2003,Super Built up area 2003(186.08 sq.m.)Built Up area: 1338.29 sq.ft. (124.33 sq.m.)Carpet area: 986.41 sq.ft. (91.64 sq.m.),3,3,3+,4,East,Relatively New,2003,1338.29,986.41,1,1,0,0,0,1,86
flat,eldeco accolade,sohna road,0.78,6170,1264,Super Built up area 1264(117.43 sq.m.),2,2,2,3,,Relatively New,1264,,,0,0,0,0,0,0,72
flat,alpha corp gurgaonone,sector 84,1.49,7590,1963,Super Built up area 1963(182.37 sq.m.)Carpet area: 1700 sq.ft. (157.94 sq.m.),3,3,3,6,South-East,Relatively New,1963,,1700,0,1,0,0,0,0,28
flat,unitech greenwood city,sector 45,2.4,12346,1944,Super Built up area 216(180.6 sq.m.),3,3,2,1,North-West,New Property,216,,,0,1,0,0,0,1,19
flat,emaar mgf emerald floors premier,sector 65,2.9,14683,1975,Carpet area: 1975 (183.48 sq.m.),4,4,0,0,North,Relatively New,,,1975,0,0,1,0,0,0,50
flat,experion the heartsong,sector 108,2.29,8240,2779,Built Up area: 2779 (258.18 sq.m.),4,5,3+,8,South,Relatively New,,2779,,0,1,0,0,0,1,95
flat,emaar mgf emerald floors premier,sector 65,2.4,14545,1650,Super Built up area 1650(153.29 sq.m.)Built Up area: 1600 sq.ft. (148.64 sq.m.)Carpet area: 1250 sq.ft. (116.13 sq.m.),3,3,3,3,East,Relatively New,1650,1600,1250,1,1,0,0,0,1,49
flat,trisara our homes 3,sohna road,0.34,5405,629,Carpet area: 629 (58.44 sq.m.),2,2,1,0,,New Property,,,629,0,0,0,0,0,0,0
flat,imperia the esfera,sector 37,0.86,4886,1760,Super Built up area 1760(163.51 sq.m.),3,3,2,0,,New Property,1760,,,0,0,0,0,1,0,35
flat,pioneer park,sector 61,1.6,11594,1380,Carpet area: 1380 (128.21 sq.m.),2,2,2,21,,Relatively New,,,1380,0,1,0,0,0,0,105
flat,vatika xpressions,sector 88,1.1,8148,1350,Built Up area: 1350 (125.42 sq.m.)Carpet area: 1050 sq.ft. (97.55 sq.m.),2,4,3+,2,North-East,Under Construction,,1350,1050,1,0,0,0,0,0,58
flat,ireo skyon,sector 60,3.05,12788,2385,Super Built up area 2385(221.57 sq.m.)Built Up area: 2300 sq.ft. (213.68 sq.m.)Carpet area: 2200 sq.ft. (204.39 sq.m.),3,3,3,9,South-East,Relatively New,2385,2300,2200,0,1,0,0,0,1,165
flat,signature andour heights,sector 71,0.6,10000,600,Super Built up area 600(55.74 sq.m.)Carpet area: 514 sq.ft. (47.75 sq.m.),2,2,1,5,South-West,Relatively New,600,,514,0,0,0,1,0,0,59
house,vipul tatvam villa,sector 48,8.5,21250,4000,Plot area 4000(371.61 sq.m.),4,5,3+,2,North,Moderately Old,,4000,,1,1,0,1,1,1,49
house,independent,sector 9,3.5,13410,2610,Plot area 290(242.48 sq.m.),9,9,3+,3,North-East,Relatively New,,2610,,1,0,0,0,0,0,23
flat,indiabulls enigma,sector 110,3.6,10588,3400,Super Built up area 3400(315.87 sq.m.),4,5,3,7,North,Relatively New,3400,,,0,1,0,0,0,0,165
house,sector 15 part 2 rwa,sector 15,10,22222,4500,Plot area 502(419.74 sq.m.),5,5,2,2,East,Old Property,,4518,,0,0,0,0,0,0,49
flat,shree vardhman victoria,sector 70,1.6,8205,1950,Carpet area: 1950 (181.16 sq.m.),3,5,3,6,West,Relatively New,,,1950,0,1,0,0,0,0,174
house,independent,sector 10,1.7,18888,900,Plot area 900(83.61 sq.m.),2,1,2,2,East,Old Property,,900,,0,0,0,0,1,0,8
house,mian wali,sector 12,1.7,9444,1800,Plot area 1800(167.23 sq.m.),1,1,1,1,,Old Property,,1800,,0,1,0,0,0,0,7
flat,dlf the ultima,sector 81,2.35,11174,2103,Super Built up area 2103(195.38 sq.m.)Built Up area: 1550 sq.ft. (144 sq.m.)Carpet area: 1257 sq.ft. (116.78 sq.m.),3,3,3+,14,South,Relatively New,2103,1550,1257,1,1,0,1,1,2,49
house,international city by sobha phase 2,sector 109,7,12963,5400,Plot area 600(501.68 sq.m.),5,6,2,2,West,Relatively New,,5400,,0,1,0,0,0,0,154
flat,ramsons kshitij,sector 95,0.19,591,3215,Carpet area: 3212 (298.4 sq.m.),1,1,1,14,East,Relatively New,,,3212,0,0,0,0,0,0,49
flat,adani brahma samsara vilasa,sector 63,3.35,16470,2034,Super Built up area 2034(188.96 sq.m.),3,3,3+,3,,New Property,2034,,,0,0,0,0,0,1,16
flat,spaze privy,sector 72,3.1,6692,4632,Super Built up area 4632(430.33 sq.m.)Carpet area: 2300 sq.ft. (213.68 sq.m.),4,5,3+,8,South,Moderately Old,4632,,2300,1,1,1,1,0,0,136
flat,paras dews,sector 106,1.1,9734,1130,Super Built up area 1760(163.51 sq.m.)Built Up area: 1186 sq.ft. (110.18 sq.m.)Carpet area: 1130 sq.ft. (104.98 sq.m.),3,4,3+,8,North-West,Relatively New,1760,1186,1130,0,1,0,0,0,1,174
house,dlf city plots,sector 26,4,40775,981,Plot area 109(91.14 sq.m.),4,3,2,2,,Relatively New,,981,,0,0,0,0,0,1,0
flat,adani m2k oyster grande,sector 102,2.5,7817,3198,Super Built up area 3198(297.1 sq.m.)Built Up area: 2600 sq.ft. (241.55 sq.m.)Carpet area: 2350 sq.ft. (218.32 sq.m.),4,5,3+,10,North-East,Relatively New,3198,2600,2350,0,1,0,1,0,1,174
flat,orchid petals,sector 49,2.09,11578,1805,Super Built up area 1805(167.69 sq.m.),3,3,3,0,South,Relatively New,1805,,,0,0,0,0,0,0,49
flat,orchid petals,sector 49,2.35,11559,2033,Super Built up area 2033(188.87 sq.m.)Built Up area: 2030 sq.ft. (188.59 sq.m.)Carpet area: 1750 sq.ft. (162.58 sq.m.),3,3,3,15,West,Relatively New,2033,2030,1750,0,0,0,0,1,0,49
flat,signature global park,sohna road,0.67,5537,1210,Super Built up area 1210(112.41 sq.m.),2,2,3,4,North-East,Relatively New,1210,,,0,0,0,1,0,0,127
flat,smart world gems,sector 89,1,9007,1110,Carpet area: 1110 (103.12 sq.m.),2,2,3,3,,New Property,,,1110,1,0,0,0,1,0,99
flat,m3m heights,sector 65,1.9,15000,1267,Super Built up area 1261(117.15 sq.m.),2,2,3,4,,Under Construction,1261,,,0,0,0,0,0,0,54
flat,signature global park,sohna road,0.7,6071,1153,Carpet area: 1153 (107.12 sq.m.),3,3,3,2,North,Relatively New,,,1153,0,0,0,1,0,0,152
flat,ild greens,sector 37,0.78,5714,1365,Super Built up area 1365(126.81 sq.m.)Built Up area: 1068.1 sq.ft. (99.23 sq.m.)Carpet area: 900 sq.ft. (83.61 sq.m.),2,2,3,1,North,Moderately Old,1365,1068.1,900,0,0,0,0,0,1,103
house,eros rosewood city,sector 49,3.75,22046,1701,Plot area 189(158.03 sq.m.),3,3,1,2,South,Old Property,,1701,,0,0,0,1,0,1,6
flat,godrej habitat,sector 3,1.35,12784,1056,Built Up area: 1056 (98.11 sq.m.)Carpet area: 912 sq.ft. (84.73 sq.m.),2,2,0,4,North-East,Undefined,,1056,912,0,0,0,0,0,0,60
flat,krrish provence estate,gwal pahari,5.5,9482,5800,Super Built up area 5800(538.84 sq.m.),4,5,3+,11,East,New Property,5800,,,1,1,0,1,0,0,151
flat,ireo uptown,sector 66,1.85,12567,1472,Super Built up area 1472(136.75 sq.m.)Built Up area: 1470 sq.ft. (136.57 sq.m.)Carpet area: 1251 sq.ft. (116.22 sq.m.),2,3,3,16,South-East,Relatively New,1472,1470,1251,0,1,0,0,1,1,79
flat,godrej aria,sector 79,0.95,6551,1450,Carpet area: 1450 (134.71 sq.m.),2,2,3,5,East,Relatively New,,,1450,0,0,0,0,0,1,174
flat,kendriya vihar,sector 56,0.47,7768,605,Carpet area: 605 (56.21 sq.m.),1,1,1,3,,Old Property,,,605,0,0,0,0,0,1,52
flat,m3m heights,sector 65,1.99,15793,1260,Super Built up area 1260(117.06 sq.m.),2,2,2,26,,Under Construction,1260,,,0,0,0,0,0,0,48
flat,corona optus,sector 37,1.25,7090,1763,Super Built up area 1763(163.79 sq.m.)Built Up area: 1350 sq.ft. (125.42 sq.m.)Carpet area: 1234 sq.ft. (114.64 sq.m.),3,3,3,4,North-West,Relatively New,1763,1350,1234,0,0,0,0,1,0,49
flat,umang winter hills,sector 77,0.75,5588,1342,Super Built up area 1342(124.68 sq.m.)Built Up area: 1140 sq.ft. (105.91 sq.m.)Carpet area: 969 sq.ft. (90.02 sq.m.),2,2,2,8,South,Relatively New,1342,1140,969,0,0,1,0,0,1,102
house,birla navya,sector 63a,3.85,15437,2494,Carpet area: 2494 (231.7 sq.m.),3,3,3+,4,,New Property,,,2494,0,1,0,0,0,1,160
flat,shree vardhman flora,sector 90,0.96,5120,1875,Super Built up area 1875(174.19 sq.m.),3,4,3,3,North,New Property,1875,,,0,1,0,0,0,0,106
flat,sunischit apartments,sector 54,1.69,7954,2125,Super Built up area 2200(204.39 sq.m.),3,3,3+,5,North,Old Property,2200,,,0,1,0,0,0,1,65
flat,godrej oasis,sector 88a,1.45,8082,1794,Carpet area: 1794 (166.67 sq.m.),3,3,3,12,,Relatively New,,,1794,0,0,0,0,0,0,49
house,international city by sobha phase 2,sector 109,6.25,11574,5400,Plot area 600(501.68 sq.m.),4,4,3+,2,East,Relatively New,,5400,,0,1,0,0,0,0,138
flat,g l s arawali homes,sohna road,0.26,4513,576,Super Built up area 576(53.51 sq.m.),2,2,2,1,,Moderately Old,576,,,0,0,0,0,0,0,0
flat,ats triumph,sector 104,1.73,7554,2290,Super Built up area 2290(212.75 sq.m.),3,4,3+,15,North-East,Relatively New,2290,,,0,1,0,0,0,0,159
flat,central park resort belgravia residences,sector 48,6.25,24300,2572,Carpet area: 2880 (267.56 sq.m.),3,5,3+,5,South-East,Moderately Old,,,2880,0,1,0,0,0,1,49
flat,m3m capital,sector 113,2.87,12489,2298,Carpet area: 2298 (213.49 sq.m.),4,4,3+,3,North-East,Under Construction,,,2298,0,1,0,0,0,0,65
flat,puri diplomatic greens,sector 111,2.65,13589,1950,Super Built up area 2215(205.78 sq.m.)Carpet area: 1950 sq.ft. (181.16 sq.m.),3,4,2,7,West,Relatively New,2215,,1950,0,1,0,0,0,1,159
flat,ambience creacions,sector 22,1.65,11956,1380,Super Built up area 1380(128.21 sq.m.)Built Up area: 1200 sq.ft. (111.48 sq.m.)Carpet area: 1000 sq.ft. (92.9 sq.m.),2,2,2,9,East,Relatively New,1380,1200,1000,0,0,0,1,1,2,133
flat,dlf regal gardens,sector 90,1.2,6837,1755,Super Built up area 1755(163.04 sq.m.)Carpet area: 1400 sq.ft. (130.06 sq.m.),3,3,3+,15,South-West,Relatively New,1755,,1400,0,0,0,0,0,0,118
house,independent,sector 14,5,22222,2250,Plot area 250(209.03 sq.m.),3,3,3,1,South,Moderately Old,,2250,,0,0,0,0,0,0,25
flat,bestech park view grand spa,sector 81,4.5,10714,4200,Super Built up area 4200(390.19 sq.m.),4,6,3+,17,,Relatively New,4200,,,0,1,0,0,0,1,44
flat,tata primanti,sector 72,3.19,12152,2625,Super Built up area 2625(243.87 sq.m.),4,5,3+,20,North,Relatively New,2625,,,0,1,0,0,0,1,159
flat,dlf the ultima,sector 81,2.3,14375,1600,Super Built up area 2132(198.07 sq.m.)Carpet area: 1600 sq.ft. (148.64 sq.m.),3,4,3+,18,North-East,Relatively New,2132,,1600,0,1,0,0,0,2,174
flat,dlf the ultima,sector 81,2.3,14603,1575,Super Built up area 2100(195.1 sq.m.)Carpet area: 1575 sq.ft. (146.32 sq.m.),3,4,3+,27,East,Relatively New,2100,,1575,0,1,0,0,0,1,119
flat,dlf new town heights,sector 90,1.75,5720,3059,Super Built up area 2727(253.35 sq.m.),4,4,3+,17,South,Relatively New,2727,,,0,1,0,1,0,0,88
flat,uphaar homes,sector 105,0.45,4736,950,Carpet area: 950 (88.26 sq.m.),3,2,1,1,,Relatively New,,,950,0,0,0,0,0,1,44
flat,orchid petals,sector 49,2.55,12318,2070,Super Built up area 2070(192.31 sq.m.)Built Up area: 2060 sq.ft. (191.38 sq.m.)Carpet area: 1760 sq.ft. (163.51 sq.m.),3,4,3,8,East,Relatively New,2070,2060,1760,1,0,0,0,0,1,49
flat,belgravia resort residences,sector 48,3.45,18459,1869,Built Up area: 1869 (173.64 sq.m.),3,3,3,14,West,Undefined,,1869,,0,0,0,0,0,0,0
flat,signature signum 95a,sector 95,0.4,7782,514,Carpet area: 514 (47.75 sq.m.),2,2,2,3,East,New Property,,,514,0,0,0,0,0,1,44
flat,dlf the ultima,sector 81,2.21,10365,2132,Super Built up area 2132(198.07 sq.m.)Carpet area: 1650 sq.ft. (153.29 sq.m.),3,3,3+,3,South,Relatively New,2132,,1650,0,1,0,0,0,2,149
flat,hero homes,dwarka expressway,1.6,7825,2045,Super Built up area 1689(156.91 sq.m.),3,3,3,1,,New Property,1689,,,0,0,0,0,0,0,49
house,independent,sector 4,0.6,105263,57,Plot area 57(5.3 sq.m.),3,3,1,2,,Old Property,,57,,0,0,0,0,1,0,0
flat,ramsons kshitij,sector 95,0.4,5839,685,Carpet area: 685 (63.64 sq.m.),3,2,2,6,,Undefined,,,685,0,0,0,0,0,0,0
flat,godrej,sector 33,0.95,6859,1385,Super Built up area 1385(128.67 sq.m.),2,2,3+,3,South-East,Under Construction,1385,,,0,0,0,0,0,0,0
house,dlf new town heights,sector 86,2.5,7827,3194,Plot area 3194(296.73 sq.m.),4,5,3+,4,West,Moderately Old,,3194,,0,1,0,1,1,1,49
flat,shapoorji pallonji joyville gurugram,sector 102,1.77,9195,1925,Super Built up area 1827(169.73 sq.m.),3,3,3,1,North-East,Relatively New,1827,,,0,0,0,0,0,0,151
flat,tulip ivory,sector 70,2,8333,2400,Super Built up area 2400(222.97 sq.m.)Carpet area: 1950 sq.ft. (181.16 sq.m.),4,5,3+,7,North-East,Moderately Old,2400,,1950,0,1,0,0,0,1,174
flat,sobha city,sector 108,4.1,23401,1752,Super Built up area 2344(217.76 sq.m.)Built Up area: 2343 sq.ft. (217.67 sq.m.)Carpet area: 1752 sq.ft. (162.77 sq.m.),4,5,3,25,North-East,New Property,2344,2343,1752,1,1,0,0,0,2,97
flat,mapsko mount ville,sector 79,1.85,9641,1919,Super Built up area 1815(168.62 sq.m.),3,4,3,21,,New Property,1815,,,0,1,0,1,0,0,49
flat,sidhartha ncr one phase,sector 95,0.56,4105,1364,Super Built up area 1364(126.72 sq.m.),2,2,2,10,,Relatively New,1364,,,0,0,0,0,0,1,60
flat,the close north,sector 50,3,11516,2605,Super Built up area 2605(242.01 sq.m.),3,3,3+,14,North,Old Property,2605,,,0,1,0,0,0,1,121
flat,pareena laxmi apartments,sector 99,0.32,5521,580,Super Built up area 575(53.42 sq.m.)Carpet area: 570.17 sq.ft. (52.97 sq.m.),2,2,1,2,,New Property,575,,570.17,0,0,0,0,0,0,43
house,independent,sector 11,3.5,15555,2250,Built Up area: 2250 (209.03 sq.m.),10,1,0,1,,New Property,,2250,,0,0,0,0,0,0,0
flat,pareena coban residences,sector 99,1.56,7811,1997,Super Built up area 1997(185.53 sq.m.),3,5,3,4,North-East,New Property,1997,,,0,1,0,0,1,0,49
house,independent house sector 45,sector 40,9,38022,2367,Plot area 2367(219.9 sq.m.)Built Up area: 9000 sq.ft. (836.13 sq.m.)Carpet area: 6000 sq.ft. (557.42 sq.m.),12,12,3,4,North-West,New Property,,9000,6000,0,1,0,0,0,1,71
house,independent,manesar,1.1,6172,1782,Plot area 1782(165.55 sq.m.),8,8,0,1,,New Property,,1782,,0,0,0,0,0,0,0
flat,godrej,sector 79,2.5,11141,2244,Built Up area: 2244 (208.47 sq.m.)Carpet area: 1800 sq.ft. (167.23 sq.m.),3,3,3+,5,,Undefined,,2244,1800,0,0,0,0,0,0,0
flat,city shri ram apartments 1,sector 110,0.22,3666,600,Super Built up area 600(55.74 sq.m.),2,1,1,1,,Relatively New,600,,,0,0,0,0,0,0,0
flat,gls arawali homes,sohna road,0.3,4687,640,Carpet area: 640 (59.46 sq.m.),2,2,2,4,,Relatively New,,,640,0,0,0,0,0,0,42
flat,m3m soulitude,sector 89,1.25,8784,1423,Super Built up area 1423(132.2 sq.m.),3,3,3,3,East,New Property,1423,,,1,0,0,0,1,0,61
house,dlf city plots,sector 26,13.5,29880,4518,Plot area 502(419.74 sq.m.),5,5,3,2,East,Old Property,,4518,,1,1,1,1,0,1,110
house,dlf new town heights,sector 91,2.5,7058,3542,Plot area 3400(315.87 sq.m.),4,4,3+,3,East,Moderately Old,,3400,,1,1,1,1,0,1,80
house,independent,sector 43,3,53763,558,Plot area 62(51.84 sq.m.),12,12,3+,5,West,New Property,,558,,0,0,0,0,1,2,20
house,independent,sector 43,6.5,35400,1836,Plot area 215(179.77 sq.m.)Built Up area: 215 sq.yards (179.77 sq.m.),5,4,3+,3,South-East,Moderately Old,,215,,0,1,0,1,0,1,54
flat,dlf exclusive floors,sector 43,2.35,14242,1650,Super Built up area 1650(153.29 sq.m.)Carpet area: 1405 sq.ft. (130.53 sq.m.),3,3,2,1,North-East,Old Property,1650,,1405,0,0,1,0,0,1,102
flat,parsvnath exotica,sector 53,5,17241,2900,Carpet area: 2900 (269.42 sq.m.),3,4,3,7,,Old Property,,,2900,0,1,0,0,0,1,24
flat,la vida by tata housing,sector 113,2.35,10599,2217,Super Built up area 2217(205.97 sq.m.)Built Up area: 2210 sq.ft. (205.32 sq.m.)Carpet area: 1720 sq.ft. (159.79 sq.m.),3,3,3,11,North-East,New Property,2217,2210,1720,0,1,0,0,0,0,174
house,independent,sector 7,0.9,10000,900,Plot area 100(83.61 sq.m.),6,4,3,3,North-East,Old Property,,900,,0,1,0,0,1,1,44
flat,emaar palm gardens,sector 83,1.35,12325,1095,Super Built up area 1720(159.79 sq.m.)Carpet area: 1095.3 sq.ft. (101.76 sq.m.),3,3,3,7,South-West,Relatively New,1720,,1095.3,0,1,0,0,0,0,24
house,not applicable,sector 4,0.51,14167,360,Plot area 40(33.45 sq.m.),4,4,3,4,,New Property,,360,,0,0,0,0,0,0,0
flat,shree vardhman victoria,sector 70,1.8,9230,1950,Super Built up area 1950(181.16 sq.m.)Carpet area: 1161 sq.ft. (107.86 sq.m.),3,4,3,2,South-West,New Property,1950,,1161,0,1,0,0,1,0,45
flat,conscient heritage max,sector 102,2.15,9306,2310,Super Built up area 2149(199.65 sq.m.),3,4,3,13,South,Relatively New,2149,,,1,1,0,0,0,0,101
flat,dlf icon,sector 43,5.8,20707,2801,Built Up area: 2801 (260.22 sq.m.),4,4,3+,18,,Undefined,,2801,,0,0,0,0,0,0,0
house,independent,sector 57,4.7,21759,2160,Plot area 240(200.67 sq.m.),3,3,2,2,North,Old Property,,2160,,0,1,0,0,1,0,43
flat,supertech hues,sector 68,0.9,7627,1180,Carpet area: 1180 (109.63 sq.m.),2,2,2,1,East,New Property,,,1180,0,0,0,0,0,0,44
flat,zara aavaas,sector 104,0.4,7036,569,Super Built up area 568.46(52.81 sq.m.),2,2,1,4,North,Relatively New,568.46,,,0,0,0,0,0,0,52
flat,ats tourmaline,sector 109,1.72,8000,2150,Super Built up area 2150(199.74 sq.m.)Built Up area: 1797 sq.ft. (166.95 sq.m.),3,4,3+,7,South-West,Relatively New,2150,1797,,0,1,0,0,0,0,167
house,not applicable,sector 4,0.4,9259,432,Plot area 432(40.13 sq.m.),1,1,1,1,,Moderately Old,,432,,0,0,0,0,0,0,0
flat,bestech park view sanskruti,sector 92,1.55,7769,1995,Super Built up area 1995(185.34 sq.m.),3,4,3,8,North,Relatively New,1995,,,0,1,0,0,0,0,49
house,nirvana cedar crest,sector 50,3.99,8866,4500,Plot area 4500(418.06 sq.m.),4,5,3+,4,North-East,New Property,,4500,,0,1,0,1,0,1,112
flat,bestech park view grand spa,sector 81,2.3,8646,2660,Super Built up area 2660(247.12 sq.m.)Built Up area: 2280 sq.ft. (211.82 sq.m.)Carpet area: 1950 sq.ft. (181.16 sq.m.),3,4,3+,7,East,Relatively New,2660,2280,1950,0,1,0,0,0,1,49
flat,ireo victory valley,sector 67,2.99,11832,2527,Super Built up area 2527(234.77 sq.m.)Built Up area: 2200 sq.ft. (204.39 sq.m.)Carpet area: 2100 sq.ft. (195.1 sq.m.),3,3,3,4,East,Relatively New,2527,2200,2100,0,1,0,0,0,1,37
flat,emaar mgf emerald floors premier,sector 65,2.8,16969,1650,Super Built up area 1650(153.29 sq.m.),3,3,2,3,East,Relatively New,1650,,,0,1,0,0,0,0,105
flat,residency grand,sector 52,5,9615,5200,Built Up area: 5200 (483.1 sq.m.),5,5,3+,2,East,Undefined,,5200,,0,0,0,0,0,0,0
flat,ashiana mulberry,sohna road,1.07,6184,1730,Super Built up area 1730(160.72 sq.m.)Built Up area: 1600 sq.ft. (148.64 sq.m.)Carpet area: 1300 sq.ft. (120.77 sq.m.),3,3,3+,7,North-East,Relatively New,1730,1600,1300,0,0,0,0,0,0,167
flat,bestech park view ananda,sector 81,1.45,8734,1660,Super Built up area 1660(154.22 sq.m.)Carpet area: 1082 sq.ft. (100.52 sq.m.),3,2,3+,3,,Relatively New,1660,,1082,0,0,0,0,1,0,45
flat,silverglades the melia,sohna road,1.01,7000,1443,Super Built up area 1450(134.71 sq.m.)Carpet area: 950 sq.ft. (88.26 sq.m.),2,2,3,12,,Under Construction,1450,,950,1,0,0,0,0,0,80
house,dlf alameda,sector 73,17,35109,4842,Plot area 4842(449.84 sq.m.)Built Up area: 9000 sq.ft. (836.13 sq.m.),5,8,3,3,North-West,Relatively New,,9000,,1,1,1,1,0,2,87
flat,parsvnath green ville,sector 48,1.6,8376,1910,Super Built up area 1910(177.44 sq.m.)Built Up area: 1700 sq.ft. (157.94 sq.m.)Carpet area: 1600 sq.ft. (148.64 sq.m.),3,3,3,13,North-West,Old Property,1910,1700,1600,0,0,0,0,1,1,119
house,independent,sector 105,0.6,13333,450,Built Up area: 450 (41.81 sq.m.),3,3,0,3,,Undefined,,450,,0,0,0,0,0,0,0
flat,signature global orchard avenue 2,sector 93,,,,Carpet area: 577.11 (53.62 sq.m.),2,2,3,11,East,Under Construction,,,577.160318,0,0,0,0,0,0,104
flat,la vida by tata housing,sector 113,3.05,11338,2690,Super Built up area 2690(249.91 sq.m.)Built Up area: 2600 sq.ft. (241.55 sq.m.)Carpet area: 2240 sq.ft. (208.1 sq.m.),3,4,3,15,North-East,New Property,2690,2600,2240,0,1,0,0,0,0,174
flat,emaar mgf the palm drive,sector 66,3.98,18090,2200,Super Built up area 2200(204.39 sq.m.),3,4,3+,2,South-East,Moderately Old,2200,,,0,1,0,0,0,1,123
flat,tulip violet,sector 69,1.75,9459,1850,Carpet area: 1850 (171.87 sq.m.),3,4,2,0,East,Relatively New,,,1850,0,0,0,0,0,1,174
flat,pioneer urban presidia,sector 62,6.5,14987,4337,Super Built up area 4337(402.92 sq.m.),4,4,3+,3,West,Moderately Old,4337,,,1,0,0,0,0,0,86
flat,tulip violet,sector 69,1.43,9039,1582,Super Built up area 1578(146.6 sq.m.),3,3,2,1,North-East,Relatively New,1578,,,0,0,0,1,0,0,102
house,bhim nagar society,sector 6,0.4,2500,1600,Built Up area: 1600 (148.64 sq.m.)Carpet area: 800 sq.ft. (74.32 sq.m.),4,2,2,1,East,Undefined,,1600,800,0,0,0,0,0,0,0
flat,whiteland  the aspen,sector 76,3.5,11917,2937,Built Up area: 2937 (272.86 sq.m.)Carpet area: 1762 sq.ft. (163.7 sq.m.),3,4,3,8,,Undefined,,2937,1762,0,0,0,0,0,0,0
flat,emaar imperial gardens,sector 102,1.92,9600,2000,Carpet area: 2000 (185.81 sq.m.),3,3,3,12,North-East,Relatively New,,,2000,1,1,1,1,0,0,95
flat,the new crpf apartments,sector 9,0.75,5813,1290,Carpet area: 1290 (119.84 sq.m.),3,3,3,6,East,Old Property,,,1290,0,0,0,1,0,0,31
flat,breez global heights,sohna road,0.39,4105,950,Super Built up area 950(88.26 sq.m.)Built Up area: 720 sq.ft. (66.89 sq.m.)Carpet area: 610 sq.ft. (56.67 sq.m.),2,2,2,3,,Relatively New,950,720,610,0,0,0,0,0,0,0
flat,signature global park,sohna road,0.54,6331,853,Carpet area: 845 (78.5 sq.m.),2,2,2,4,West,Relatively New,,,845,0,0,0,1,0,0,159
flat,dlf the ultima,sector 81,2.5,11726,2132,Super Built up area 2132(198.07 sq.m.)Built Up area: 1700 sq.ft. (157.94 sq.m.)Carpet area: 1350 sq.ft. (125.42 sq.m.),3,3,2,20,West,Relatively New,2132,1700,1350,0,1,0,0,0,2,174
flat,godrej habitat,sector 3,1.25,8656,1444,Super Built up area 1444(134.15 sq.m.)Carpet area: 913 sq.ft. (84.82 sq.m.),2,2,3,14,,Under Construction,1444,,913,0,0,0,0,0,0,36
flat,oriental valley chs,sector 9,1.5,9090,1650,Carpet area: 1650 (153.29 sq.m.),4,3,3+,8,,Relatively New,,,1650,0,0,0,0,0,1,8
flat,emaar gurgaon greens,sector 102,1.52,9212,1650,Super Built up area 1650(153.29 sq.m.)Carpet area: 1022.58 sq.ft. (95 sq.m.),3,3,3,7,North-West,Relatively New,1650,,1022.58,0,1,0,0,0,1,137
flat,vatika gurgaon,sector 83,0.83,6666,1245,Super Built up area 1245(115.66 sq.m.)Built Up area: 1154 sq.ft. (107.21 sq.m.)Carpet area: 945 sq.ft. (87.79 sq.m.),2,2,2,12,North,Relatively New,1245,1154,945,0,0,0,1,0,0,165
flat,experion the heartsong,sector 108,3,18392,1631,Super Built up area 2779(258.18 sq.m.)Built Up area: 2204.25 sq.ft. (204.78 sq.m.)Carpet area: 1631.07 sq.ft. (151.53 sq.m.),4,5,3+,2,South-West,Relatively New,2779,2204.25,1631.07,0,1,0,0,0,2,149
flat,sare crescent parc,sector 92,0.95,5013,1895,Built Up area: 1895 (176.05 sq.m.)Carpet area: 1500 sq.ft. (139.35 sq.m.),4,5,3+,13,North,Undefined,,1895,1500,0,0,0,0,0,0,0
flat,pyramid urban homes 2,sector 86,0.5,9698,516,Carpet area: 515.57 (47.9 sq.m.),2,2,2,6,,Old Property,,,515.59081,0,0,0,0,0,0,15
house,independent,sector 46,3.55,24500,1449,Plot area 161(134.62 sq.m.),5,4,3+,3,North-West,Moderately Old,,1449,,0,1,0,0,0,1,73
flat,housing board colony,sector 51,0.3,41666,72,Carpet area: 72 (6.69 sq.m.),1,1,0,0,,Moderately Old,,,72,1,0,0,0,0,0,15
house,independent,sector 57,3.5,21605,1620,Plot area 180(150.5 sq.m.),4,4,3+,3,South,Old Property,,1620,,0,0,1,0,0,1,67
house,jacobpura,sector 12,0.53,14583,363,Plot area 360(33.45 sq.m.),4,4,2,3,East,Relatively New,,360,,0,0,0,0,0,0,0
flat,godrej aria,sector 79,1.7,7426,2289,Super Built up area 2289(212.66 sq.m.)Carpet area: 1121 sq.ft. (104.14 sq.m.),3,4,3+,6,East,New Property,2289,,1121,0,1,0,0,0,0,81
flat,dlf park place,sector 54,4.86,25920,1875,Super Built up area 1875(174.19 sq.m.),3,4,3+,7,West,Relatively New,1875,,,0,1,0,0,0,1,49
flat,sare crescent parc royal greens phase 1,sector 92,0.5,5000,1000,Built Up area: 1000 (92.9 sq.m.)Carpet area: 999 sq.ft. (92.81 sq.m.),2,2,3,2,North-East,Undefined,,1000,999,0,0,0,0,0,0,0
flat,adani m2k oyster grande,sector 102,2.6,10007,2598,Super Built up area 2598(241.36 sq.m.),3,3,3,2,North-East,Relatively New,2598,,,1,1,1,0,0,0,118
flat,emaar gurgaon greens,sector 102,1.4,8484,1650,Super Built up area 1650(153.29 sq.m.)Carpet area: 1200 sq.ft. (111.48 sq.m.),3,3,3,9,South-West,Relatively New,1650,,1200,0,1,0,0,0,0,49
house,independent,sector 26,18.9,41833,4518,Plot area 502(419.74 sq.m.),6,8,2,3,North-East,Relatively New,,4518,,1,1,1,1,0,1,120
house,independent,sector 17,3.5,218750,160,Built Up area: 160 (14.86 sq.m.),6,6,3+,3,North-West,Undefined,,160,,0,0,0,0,0,0,0
flat,adani m2k oyster grande,sector 102,2.5,7817,3198,Super Built up area 3198(297.1 sq.m.),4,5,3+,5,South,Relatively New,3198,,,0,1,0,0,0,0,76
flat,"new colony, gurgaon",sector 7,0.8,8100,988,Carpet area: 990 (91.97 sq.m.),3,2,1,4,North-East,Relatively New,,,990,0,0,0,0,0,1,69
flat,hero homes,sector 104,1.75,10361,1689,Super Built up area 1689(156.91 sq.m.),3,3,3,2,,Under Construction,1689,,,0,0,0,0,0,0,30
flat,mahindra luminare,sector 59,5.8,19173,3025,Carpet area: 3025 (281.03 sq.m.),3,4,3,16,North-East,New Property,,,3025,0,1,0,0,0,1,49
flat,awho sispal vihar,sector 49,2,7262,2754,Super Built up area 2754(255.85 sq.m.),4,3,3+,4,,Old Property,2754,,,0,0,0,0,0,0,65
flat,ireo the grand arch,sector 58,2.2,16000,1375,Carpet area: 1375 (127.74 sq.m.),2,2,1,5,East,Relatively New,,,1375,0,0,0,1,0,1,49
flat,dlf the ultima,sector 81,3.5,11686,2995,Super Built up area 2995(278.24 sq.m.)Carpet area: 2200 sq.ft. (204.39 sq.m.),4,5,3+,7,North-East,Relatively New,2995,,2200,0,1,0,0,0,2,174
flat,dlf express greens,manesar,1.6,6808,2350,Carpet area: 2350 (218.32 sq.m.),4,6,3+,4,North-East,Relatively New,,,2350,1,1,0,1,0,0,49
house,dlf city plot phase 3,sector 24,,,,Built Up area: 5000 (464.52 sq.m.),5,5,3+,4,North-East,Undefined,,5000,,0,0,0,0,0,0,0
flat,ss the leaf,sector 85,2.15,8928,2408,Super Built up area 2408(223.71 sq.m.),3,5,3,2,,New Property,2408,,,0,0,0,0,0,0,53
flat,rof ananda,sector 95,0.2,5463,366,Carpet area: 366.08 (34.01 sq.m.),1,1,1,9,South-West,Relatively New,,,366.080239,0,0,0,1,0,0,52
flat,bestech park view grand spa,sector 81,3,9419,3185,Super Built up area 3185(295.9 sq.m.),4,5,2,6,South,Relatively New,3185,,,0,1,0,0,0,1,110
flat,signature global park,sohna road,0.58,7056,822,Built Up area: 822 (76.37 sq.m.)Carpet area: 600 sq.ft. (55.74 sq.m.),2,2,2,3,,Undefined,,822,600,0,0,0,0,0,0,58
flat,m3m skycity,sector 65,2.85,15590,1828,Super Built up area 1828(169.83 sq.m.),3,3,3,43,South,Under Construction,1828,,,0,0,0,0,0,1,115
flat,adani m2k oyster grande,sector 102,2.4,9305,2579,Super Built up area 2579(239.6 sq.m.)Carpet area: 2100 sq.ft. (195.1 sq.m.),3,4,3+,3,North-East,Relatively New,2579,,2100,1,0,0,0,0,1,49
flat,tata primanti,sector 72,6.5,15294,4250,Super Built up area 4250(394.84 sq.m.),4,4,3+,0,East,Relatively New,4250,,,1,1,0,1,0,0,67
flat,mapsko mount ville,sector 79,1.28,8557,1496,Super Built up area 1490(138.43 sq.m.)Carpet area: 1063.91 sq.ft. (98.84 sq.m.),3,3,3,16,South,Relatively New,1490,,1063.91,1,0,0,0,0,1,128
flat,hsiidc sidco shivalik apartments,manesar,0.85,5102,1666,Super Built up area 1666(154.78 sq.m.),3,2,2,5,,Moderately Old,1666,,,0,0,0,0,0,0,0
flat,indiabulls enigma,sector 110,4.25,10953,3880,Super Built up area 3880(360.46 sq.m.),5,5,3+,4,East,Relatively New,3880,,,0,1,0,0,0,0,101
flat,ansal housing highland park,sector 103,0.8,5878,1361,Super Built up area 1361(126.44 sq.m.)Built Up area: 1089 sq.ft. (101.17 sq.m.)Carpet area: 705 sq.ft. (65.5 sq.m.),2,2,3,3,East,New Property,1361,1089,705,0,0,0,1,0,0,174
flat,m3m heights,sector 65,2.25,13608,1653,Carpet area: 1433 (133.13 sq.m.),2,2,3,5,,Under Construction,,,1433,0,0,0,0,0,0,48
house,international city by sobha phase 2,sector 109,10,27778,3600,Plot area 400(334.45 sq.m.),4,5,3+,2,East,New Property,,3600,,1,1,0,1,1,1,49
flat,signature global city,sector 37d,0.8,8421,950,Super Built up area 950(88.26 sq.m.),2,2,2,2,,Under Construction,950,,,0,0,0,0,0,0,42
flat,conscient elevate,sector 59,4.02,17500,2297,Carpet area: 2295 (213.21 sq.m.),3,3,1,3,,Under Construction,,,2295,0,0,0,0,0,0,31
flat,indiabulls centrum park,sector 103,2.4,8347,2875,Super Built up area 2875(267.1 sq.m.)Built Up area: 2456 sq.ft. (228.17 sq.m.)Carpet area: 2100 sq.ft. (195.1 sq.m.),4,6,3+,15,North-East,Relatively New,2875,2456,2100,0,1,0,0,0,0,156
flat,vatika gurgaon,sector 83,1.12,6455,1735,Super Built up area 1735(161.19 sq.m.)Built Up area: 1500 sq.ft. (139.35 sq.m.)Carpet area: 1400 sq.ft. (130.06 sq.m.),3,3,2,17,South,Moderately Old,1735,1500,1400,0,0,0,0,0,1,111
flat,antriksh heights,sector 84,1.05,5011,2095,Super Built up area 2095(194.63 sq.m.),4,4,3+,3,North,New Property,2095,,,1,0,0,0,0,0,66
flat,cghs vidya enclave,sector 56,1.7,10967,1550,Super Built up area 1600(148.64 sq.m.)Carpet area: 1550 sq.ft. (144 sq.m.),3,2,3,6,,Old Property,1600,,1550,0,0,1,0,0,0,101
flat,ss,sector 85,2.1,7467,2812,Super Built up area 2812(261.24 sq.m.)Built Up area: 2600 sq.ft. (241.55 sq.m.)Carpet area: 2400 sq.ft. (222.97 sq.m.),4,4,3,2,North-West,Relatively New,2812,2600,2400,0,0,0,0,0,0,49
flat,ambience lagoon,sector 24,4.25,13281,3200,Super Built up area 3200(297.29 sq.m.)Carpet area: 3156 sq.ft. (293.2 sq.m.),3,4,3+,3,North-East,Old Property,3200,,3156,0,1,0,1,0,1,143
flat,conscient heritage max,sector 102,2.22,13875,1600,Super Built up area 2149(199.65 sq.m.)Built Up area: 2000 sq.ft. (185.81 sq.m.)Carpet area: 1600 sq.ft. (148.64 sq.m.),3,4,3+,15,East,Relatively New,2149,2000,1600,1,1,0,0,0,0,82
house,shivaji nagar residential,sector 11,3.08,11407,2700,Built Up area: 2700 (250.84 sq.m.),6,4,2,1,,Undefined,,2700,,0,0,0,0,0,0,0
flat,shapoorji pallonji joyville gurugram,sector 102,2.5,14000,1786,Super Built up area 1827(169.73 sq.m.),3,3,3,15,,Under Construction,1827,,,0,0,0,0,0,0,151
flat,aipl club residences,sector 70a,0.95,10215,930,Built Up area: 930 (86.4 sq.m.)Carpet area: 730 sq.ft. (67.82 sq.m.),2,2,1,11,North-East,New Property,,930,730,0,0,0,0,0,1,103
house,independent,sector 43,13.5,50000,2700,Plot area 300(250.84 sq.m.),16,16,3+,4,North-West,Relatively New,,2700,,1,1,0,1,1,0,41
house,independent,sector 43,9.5,42222,2250,Plot area 302(252.51 sq.m.)Built Up area: 300 sq.yards (250.84 sq.m.)Carpet area: 250 sq.yards (209.03 sq.m.),5,5,3+,2,North-East,Relatively New,,300,250,0,1,0,1,0,1,88
flat,imperia the esfera,sector 37,0.87,5513,1578,Super Built up area 1578(146.6 sq.m.)Built Up area: 1300 sq.ft. (120.77 sq.m.)Carpet area: 1110 sq.ft. (103.12 sq.m.),2,3,3+,5,North-West,Relatively New,1578,1300,1110,1,0,0,0,0,0,109
flat,divya apartments,sector 6,0.6,7594,790,Built Up area: 790 (73.39 sq.m.)Carpet area: 750 sq.ft. (69.68 sq.m.),2,2,0,2,South-West,Relatively New,,790,750,0,0,0,0,0,1,15
flat,tulip violet,sector 69,1.2,8888,1350,Super Built up area 1350(125.42 sq.m.),2,3,1,0,North-West,Relatively New,1350,,,0,0,0,0,0,0,150
flat,m3m woodshire,sector 107,1.3,8922,1457,Super Built up area 1943(180.51 sq.m.)Built Up area: 1554 sq.ft. (144.37 sq.m.)Carpet area: 1457 sq.ft. (135.36 sq.m.),3,3,3+,4,West,Relatively New,1943,1554,1457,0,0,0,1,0,1,174
flat,signature global park,sohna road,0.9,8036,1120,Built Up area: 1120 (104.05 sq.m.),3,2,0,2,,Under Construction,,1120,,0,0,0,0,0,0,58
flat,emaar mgf emerald floors premier,sector 65,2.36,14303,1650,Super Built up area 1650(153.29 sq.m.),3,3,3,0,North-East,Relatively New,1650,,,1,1,0,0,0,1,159
house,ansal,sector 43,1.85,308333,60,Plot area 60(5.57 sq.m.),8,8,3+,5,North-West,Relatively New,,60,,0,0,0,0,0,0,53
flat,central park flower valley cerise floors,sector 33,1.3,10743,1210,Super Built up area 1210(112.41 sq.m.),2,2,2,3,North,New Property,1210,,,1,0,0,0,0,0,22
flat,shree balaji appartment,sector 33,0.4,5000,800,Super Built up area 800(74.32 sq.m.),2,2,2,1,,Relatively New,800,,,0,0,0,0,0,2,0
flat,ild greens,sector 37,0.9,5614,1603,Super Built up area 1603(148.92 sq.m.)Built Up area: 1500 sq.ft. (139.35 sq.m.),3,3,3,0,North-East,Under Construction,1603,1500,,0,0,0,0,0,0,66
flat,dlf park place,sector 54,4.85,25866,1875,Super Built up area 1875(174.19 sq.m.),3,4,3+,25,South-East,Relatively New,1875,,,0,1,0,0,0,1,26
flat,signature global park,sohna road,0.54,6506,830,Carpet area: 830 (77.11 sq.m.),2,2,1,2,,Relatively New,,,830,0,0,0,0,0,0,16
flat,emaar gurgaon greens,sector 102,1.35,8181,1650,Super Built up area 1650(153.29 sq.m.)Carpet area: 1022.58 sq.ft. (95 sq.m.),3,3,3,5,North-West,Relatively New,1650,,1022.58,0,1,0,0,0,0,119
flat,orris aster court premier,sector 85,1.5,5859,2560,Super Built up area 2560(237.83 sq.m.)Built Up area: 2017 sq.ft. (187.39 sq.m.)Carpet area: 1800 sq.ft. (167.23 sq.m.),4,5,3+,6,West,New Property,2560,2017,1800,0,1,0,0,0,1,28
flat,m3m woodshire,sector 107,1.29,8835,1460,Super Built up area 1943(180.51 sq.m.)Carpet area: 1460 sq.ft. (135.64 sq.m.),3,3,3+,1,East,Relatively New,1943,,1460,0,0,0,1,0,1,174
flat,breez global hill view,sohna road,2.6,46917,554,Carpet area: 554.16 (51.48 sq.m.),2,2,2,6,,New Property,,,554.125572,0,0,0,0,0,0,42
house,independent,sector 26,4.5,33333,1350,Plot area 150(125.42 sq.m.),3,3,2,2,West,Old Property,,1350,,0,0,0,1,0,1,58
house,jacob pura,sector 12,0.35,9722,360,Built Up area: 360 (33.45 sq.m.),2,1,0,,,Old Property,,360,,0,0,0,0,0,0,0
flat,shree vardhman victoria,sector 70,1.62,8307,1950,Super Built up area 1950(181.16 sq.m.)Carpet area: 1161 sq.ft. (107.86 sq.m.),3,5,3,9,North,Relatively New,1950,,1161,0,1,0,0,0,0,43
flat,ss the leaf,sector 85,1.3,10483,1240,Super Built up area 1772(164.62 sq.m.)Carpet area: 1240 sq.ft. (115.2 sq.m.),2,2,3+,10,East,Relatively New,1772,,1240,0,0,1,0,0,0,148
flat,sbtl caladium,sector 109,1.88,6153,3055,Super Built up area 3055(283.82 sq.m.),4,5,3,10,North-East,Relatively New,3055,,,0,0,0,0,0,0,110
flat,ats kocoon,sector 109,1.7,9742,1745,Super Built up area 1745(162.12 sq.m.)Built Up area: 1550 sq.ft. (144 sq.m.),3,3,3,22,East,Relatively New,1745,1550,,0,0,0,0,0,0,74
house,independent,sector 46,4.35,23693,1836,Plot area 204(170.57 sq.m.),8,8,2,3,North-East,Relatively New,,1836,,1,0,0,1,0,1,19
flat,ss the leaf,sector 85,2.15,7645,2812,Super Built up area 2812(261.24 sq.m.),4,5,3+,1,South,Relatively New,2812,,,0,1,0,0,0,0,165
flat,m3m the marina,sector 68,1.45,9615,1508,Super Built up area 1508(140.1 sq.m.),3,2,3+,9,,New Property,1508,,,0,0,0,0,0,0,0
flat,ansal heights 86,sector 86,0.78,5735,1360,Built Up area: 1360 (126.35 sq.m.),2,2,2,8,North,New Property,,1360,,0,0,0,0,0,0,72
flat,ireo the grand arch,sector 58,3.83,21577,1775,Super Built up area 2164(201.04 sq.m.)Built Up area: 2000 sq.ft. (185.81 sq.m.)Carpet area: 1775 sq.ft. (164.9 sq.m.),3,4,2,10,North-East,Relatively New,2164,2000,1775,1,1,0,0,0,1,174
flat,raheja navodaya,sector 92,0.62,4807,1290,Built Up area: 1498 (139.17 sq.m.)Carpet area: 1064 sq.ft. (98.85 sq.m.),2,2,2,5,,New Property,,1498,1064,0,0,0,0,0,0,0
flat,paras dews,sector 106,1.4,9978,1403,Super Built up area 2355(218.79 sq.m.)Built Up area: 1535 sq.ft. (142.61 sq.m.)Carpet area: 1403 sq.ft. (130.34 sq.m.),4,6,3+,10,North-West,Relatively New,2355,1535,1403,0,1,0,0,0,0,174
flat,satya element one,sector 49,0.94,14009,671,Carpet area: 671 (62.34 sq.m.),1,2,2,2,East,Undefined,,,671,0,0,0,0,0,0,0
flat,chintels paradiso,sector 109,2,7604,2630,Super Built up area 2630(244.33 sq.m.),4,4,2,11,,Relatively New,2630,,,0,1,0,1,0,0,64
flat,.,gwal pahari,7,11000,6364,Super Built up area 6000(557.42 sq.m.),4,4,3+,6,South-West,Relatively New,6000,,,0,1,0,0,0,0,52
flat,satya element one,sector 49,0.8,11111,720,Built Up area: 720 (66.89 sq.m.),1,1,1,0,,Undefined,,720,,0,0,0,0,0,0,0
flat,ss almeria,sector 84,1.48,7400,2000,Super Built up area 2000(185.81 sq.m.)Carpet area: 1294 sq.ft. (120.22 sq.m.),3,3,2,1,South-West,New Property,2000,,1294,0,1,1,0,0,1,139
house,tata primanti,sector 72,8.6,12285,7000,Built Up area: 7000 (650.32 sq.m.),4,5,3+,3,,Relatively New,,7000,,0,0,0,0,0,1,30
flat,indiabulls enigma,sector 110,3.45,10147,3400,Super Built up area 3400(315.87 sq.m.),4,4,3,9,North,Moderately Old,3400,,,0,1,0,0,0,1,125
house,independent,sector 50,7,32407,2160,Built Up area: 240 (200.67 sq.m.),3,2,0,1,,Undefined,,240,,0,0,0,0,0,0,0
flat,dlf regal gardens,sector 90,1.8,7223,2492,Super Built up area 2215(205.78 sq.m.),4,4,3+,7,South-West,Moderately Old,2215,,,0,0,0,0,0,0,38
flat,orris aster court premier,sector 85,1.49,5820,2560,Super Built up area 2560(237.83 sq.m.)Built Up area: 2017 sq.ft. (187.39 sq.m.)Carpet area: 1890 sq.ft. (175.59 sq.m.),4,5,3+,10,East,Relatively New,2560,2017,1890,0,1,0,0,0,1,84
flat,ashiana anmol,sohna road,0.88,11125,791,Super Built up area 1275(118.45 sq.m.)Carpet area: 791 sq.ft. (73.49 sq.m.),2,2,2,13,East,Relatively New,1275,,791,0,0,0,0,0,2,127
house,independent,sector 14,7.5,16600,4518,Plot area 502(419.74 sq.m.),3,3,2,1,West,Old Property,,4518,,1,1,0,1,0,1,27
house,independent,sector 26,10.5,43210,2430,Plot area 302(252.51 sq.m.)Built Up area: 300 sq.yards (250.84 sq.m.)Carpet area: 270 sq.yards (225.75 sq.m.),12,12,3+,4,North-East,Relatively New,,300,270,0,1,0,1,0,1,72
house,bptp visionnaire,sector 70a,4,6666,6001,Plot area 6000(557.42 sq.m.),4,4,3+,2,North-East,Relatively New,,6000,,0,1,0,0,0,0,154
flat,microtek greenburg,sector 86,1.25,8445,1480,Super Built up area 1480(137.5 sq.m.),2,2,3,13,West,Moderately Old,1480,,,1,0,0,0,0,0,6
house,independent,sector 43,8.5,31481,2700,Plot area 300(250.84 sq.m.),5,5,3,3,West,Moderately Old,,2700,,0,1,0,0,0,1,113
flat,millenium bajrang society,sector 43,2.5,9433,2650,Super Built up area 2650(246.19 sq.m.),4,4,3+,2,South,Relatively New,2650,,,0,0,0,0,0,1,94
flat,signature global park,sohna road,0.78,6404,1218,Carpet area: 1210 (112.41 sq.m.),3,3,3,1,South-East,Relatively New,,,1210,0,0,0,1,0,0,150
house,independent,sector 12,3.5,133079,263,Plot area 263(24.43 sq.m.)Built Up area: 4800 sq.ft. (445.93 sq.m.)Carpet area: 4400 sq.ft. (408.77 sq.m.),8,8,3+,3,South-East,Relatively New,,4800,4400,1,1,0,1,0,2,77
flat,signature global park,sohna road,0.68,8252,824,Carpet area: 824 (76.55 sq.m.),2,2,2,3,,New Property,,,824,0,0,0,0,0,0,113
flat,silverglades the melia,sohna road,0.75,5555,1350,Built Up area: 1350 (125.42 sq.m.),2,2,2,4,,Moderately Old,,1350,,0,0,0,0,0,0,70
flat,smart world gems,sector 89,1.13,8500,1329,Carpet area: 1326 (123.19 sq.m.),3,3,2,4,,Under Construction,,,1326,1,0,0,0,0,0,115
flat,godrej summit,sector 104,0.98,5950,1647,Super Built up area 1647(153.01 sq.m.),3,3,3,12,East,Relatively New,1647,,,0,0,0,0,1,0,79
flat,dlf regal gardens,sector 90,1.29,9020,1430,Super Built up area 1702(158.12 sq.m.)Built Up area: 1540 sq.ft. (143.07 sq.m.)Carpet area: 1430 sq.ft. (132.85 sq.m.),3,3,3,7,East,Relatively New,1702,1540,1430,1,0,0,0,0,0,174
flat,gls arawali homes,sohna road,0.3,6243,481,Super Built up area 567(52.68 sq.m.)Carpet area: 480.53 sq.ft. (44.64 sq.m.),2,2,2,4,East,Relatively New,567,,480.53,0,0,0,0,0,2,120
flat,alpha corp gurgaonone,sector 84,2.24,6523,3434,Super Built up area 3434(319.03 sq.m.)Carpet area: 2900 sq.ft. (269.42 sq.m.),4,4,3,12,West,Relatively New,3434,,2900,0,1,0,0,0,0,20
house,luxury dlf city floors,sector 26,20,48889,4091,Plot area 500(418.06 sq.m.),16,16,3+,4,,New Property,,500,,0,1,0,0,0,1,31
flat,central park flower valley,sector 33,2.15,13522,1590,Super Built up area 1590(147.72 sq.m.),3,3,3+,1,,New Property,1590,,,0,0,0,0,0,0,31
flat,ats triumph,sector 104,2.52,8000,3150,Super Built up area 3150(292.64 sq.m.)Built Up area: 2800 sq.ft. (260.13 sq.m.)Carpet area: 2400 sq.ft. (222.97 sq.m.),4,4,3+,19,North-East,Relatively New,3150,2800,2400,0,1,1,0,0,1,156
house,independent,sector 2,0.7,7777,900,Built Up area: 900 (83.61 sq.m.),1,1,0,1,,Undefined,,900,,0,0,0,0,0,0,0
flat,conscient heritage max,sector 102,1.75,9062,1931,Super Built up area 1931(179.4 sq.m.),3,4,3+,16,South,Relatively New,1931,,,0,1,0,0,0,1,134
house,independent,sector 5,3.75,11029,3400,Built Up area: 3400 (315.87 sq.m.)Carpet area: 1836 sq.ft. (170.57 sq.m.),5,5,3+,3,,Undefined,,3400,1836,0,0,0,0,0,0,0
house,unitech deerwood chase,sector 50,15,33333,4500,Plot area 500(418.06 sq.m.),4,4,2,2,West,Moderately Old,,4500,,0,1,0,0,0,0,160
house,vatika independent floors,sector 82,1.4,8235,1700,Plot area 1700(157.94 sq.m.),3,3,2,3,North-West,New Property,,1700,,0,0,0,1,0,0,61
house,shivpuri,sector 7,2.4,8889,2700,Plot area 300(250.84 sq.m.),10,5,3,2,North,Old Property,,2700,,1,1,0,1,0,0,8
flat,experion windchants,sector 112,2.6,10651,2441,Super Built up area 2441(226.78 sq.m.)Built Up area: 1939.03 sq.ft. (180.14 sq.m.),2,2,3,8,North-East,Relatively New,2441,1939.03,,0,0,0,0,0,0,168
flat,emaar digihomes,sector 62,2.1,14254,1473,Super Built up area 1508.26(140.12 sq.m.),2,2,2,30,North,New Property,1508.26,,,0,1,0,0,0,0,52
flat,pyramid urban homes 2,sector 86,0.43,8582,501,Carpet area: 501 (46.54 sq.m.),2,2,1,6,North-East,New Property,,,501,0,0,0,0,1,0,72
flat,the close south,sector 50,3.25,12810,2537,Carpet area: 2537 (235.7 sq.m.),3,4,3+,4,South-East,Old Property,,,2537,0,1,0,0,0,1,135
house,malibu towne,sector 47,8.81,27191,3240,Plot area 360(301.01 sq.m.),8,6,3+,3,East,Moderately Old,,3240,,1,1,0,0,1,1,27
flat,avl 36 gurgaon,sector 36,0.4,10204,392,Carpet area: 392 (36.42 sq.m.),1,1,1,4,West,Relatively New,,,392,0,0,0,0,0,0,35
flat,signature the roselia,sector 95,0.45,7,642857,Carpet area: 569243 (52884.41 sq.m.),2,2,2,2,South-West,New Property,,,569243,0,0,0,0,0,0,76
flat,emaar mgf emerald floors premier,sector 65,2.85,14430,1975,Carpet area: 1975 (183.48 sq.m.),4,4,3,3,North,Relatively New,,,1975,1,1,0,0,0,0,28
house,independent,sector 43,9.85,29638,3323,Plot area 418(349.5 sq.m.),5,5,2,3,West,Old Property,,418,,1,1,0,1,0,0,21
flat,dlf new town heights,sector 90,1.25,8638,1447,Carpet area: 1447 (134.43 sq.m.),3,4,3+,0,North-West,Old Property,,,1447,0,1,0,0,0,2,31
flat,emaar digihomes,sector 62,3.95,15262,2588,Carpet area: 2588 (240.43 sq.m.),3,3,3,33,East,New Property,,,2588,0,1,0,0,0,1,49
flat,dlf regency park,sector 28,1.24,12400,1000,Super Built up area 1150(106.84 sq.m.)Built Up area: 1050 sq.ft. (97.55 sq.m.)Carpet area: 1000 sq.ft. (92.9 sq.m.),2,2,3+,19,South,Moderately Old,1150,1050,1000,0,0,0,1,0,1,157
flat,railway officers rpf society,sector 9,1.3,5039,2580,Built Up area: 2580 (239.69 sq.m.),4,4,3+,9,East,Undefined,,2580,,0,0,0,0,0,0,0
house,independent,sector 25,4.31,31926,1350,Plot area 150(125.42 sq.m.),5,4,3,3,North,Old Property,,1350,,0,0,0,0,0,0,40
flat,sare homes,sector 92,0.6,5000,1200,Carpet area: 1200 (111.48 sq.m.),3,2,3,4,,Moderately Old,,,1200,0,0,0,0,0,1,49
flat,m3m heights,sector 65,3.29,17997,1828,Super Built up area 1828(169.83 sq.m.),3,3,3,33,East,New Property,1828,,,0,0,0,0,0,0,49
house,independent,sector 12,2.75,12343,2228,Built Up area: 2228 (206.99 sq.m.),6,6,2,2,,Undefined,,2228,,0,0,0,0,0,0,0
flat,the close north,sector 50,2.7,9980,2705,Super Built up area 2605(242.01 sq.m.),3,3,3+,3,South,Moderately Old,2605,,,0,1,0,0,0,0,117
flat,tulip violet,sector 69,1.51,9569,1578,Super Built up area 1578(146.6 sq.m.)Carpet area: 1100 sq.ft. (102.19 sq.m.),3,3,2,0,West,Relatively New,1578,,1100,0,0,0,1,0,2,165
flat,bestech altura,sector 79,2.55,9532,2675,Built Up area: 2675 (248.52 sq.m.),4,5,2,4,East,New Property,,2675,,0,1,0,0,0,0,44
flat,the lions cghs,sector 56,2.09,8708,2400,Super Built up area 2400(222.97 sq.m.)Built Up area: 2300 sq.ft. (213.68 sq.m.)Carpet area: 2200 sq.ft. (204.39 sq.m.),4,4,3+,7,East,Relatively New,2400,2300,2200,0,0,0,0,1,1,125
flat,shri banke bihari society,sector 56,1.37,9133,1500,Super Built up area 1500(139.35 sq.m.)Built Up area: 1450 sq.ft. (134.71 sq.m.)Carpet area: 1400 sq.ft. (130.06 sq.m.),3,3,3+,2,North-East,Old Property,1500,1450,1400,0,0,0,0,1,0,174
flat,raheja maheshwara,sohna road,0.48,4367,1099,Super Built up area 1099(102.1 sq.m.),2,2,2,11,,Under Construction,1099,,,0,0,0,0,0,0,45
house,independent,sector 40,2.15,23889,900,Plot area 100(83.61 sq.m.),3,3,3,3,,Moderately Old,,900,,1,0,1,1,0,0,45
flat,dlf the ultima,sector 81,3.46,12047,2872,Super Built up area 2872(266.82 sq.m.),4,4,3+,10,East,New Property,2872,,,0,1,0,0,0,2,161
house,independent,sector 26,19,42222,4500,Plot area 500(418.06 sq.m.),6,8,3+,3,East,Moderately Old,,4500,,1,1,1,1,0,1,103
flat,godrej air,sector 85,2.5,1379,18129,Carpet area: 18122 (1683.59 sq.m.),4,5,3+,16,North-East,Under Construction,,,18122,1,0,0,1,1,1,44
flat,signature global park,sohna road,0.75,6938,1081,Built Up area: 1081 (100.43 sq.m.),2,2,0,1,,Undefined,,1081,,0,0,0,0,0,0,58
flat,m3m heights,sector 65,3,18000,1667,Super Built up area 1828(169.83 sq.m.),3,3,3,20,South-East,Under Construction,1828,,,0,0,0,0,0,0,60
flat,vatika gurgaon,sector 83,1.12,6455,1735,Super Built up area 1735(161.19 sq.m.)Built Up area: 1200 sq.ft. (111.48 sq.m.)Carpet area: 1126 sq.ft. (104.61 sq.m.),3,3,2,4,South-East,Relatively New,1735,1200,1126,1,1,1,1,0,1,165
flat,bestech park view sanskruti,sector 92,1.42,7760,1830,Super Built up area 1920(178.37 sq.m.),3,3,2,10,East,Relatively New,1920,,,0,0,0,0,0,0,117
flat,tarc maceo,sector 91,1.9,6975,2724,Super Built up area 2724(253.07 sq.m.),4,4,3,9,North,Relatively New,2724,,,0,1,0,0,0,0,120
house,independent,sector 40,12,38986,3078,Plot area 342(285.96 sq.m.),16,16,3+,4,,New Property,,3078,,1,1,1,1,0,1,0
house,unitech espace,sector 50,7.42,34351,2160,Plot area 2160(200.67 sq.m.)Built Up area: 3200 sq.ft. (297.29 sq.m.),4,4,3,2,West,Old Property,,3200,,0,0,0,0,0,1,88
house,unitech uniworld resorts,sector 33,,,,Plot area 520(434.79 sq.m.),5,8,3+,4,West,Relatively New,,520,,0,1,1,0,0,1,100
flat,mapsko casa bella,sector 82,1.25,6377,1960,Super Built up area 1960(182.09 sq.m.),3,4,3+,8,,Under Construction,1960,,,0,0,0,0,0,0,54
flat,shapoorji pallonji joyville gurugram,sector 102,2.12,16960,1250,Built Up area: 1852 (172.06 sq.m.)Carpet area: 1250 sq.ft. (116.13 sq.m.),3,3,3,9,,Relatively New,,1852,1250,0,0,0,0,0,0,72
flat,godrej nature plus,sector 33,1.7,12592,1350,Carpet area: 1350 (125.42 sq.m.),3,3,3+,6,,New Property,,,1350,0,1,0,0,0,0,38
flat,smart world orchard,sector 61,1.47,12782,1150,Carpet area: 1150 (106.84 sq.m.),2,2,2,4,North-East,New Property,,,1150,1,0,0,1,0,0,53
flat,vatika the seven lamps,sector 82,1.39,6412,2168,Super Built up area 2160(200.67 sq.m.),3,3,3+,11,East,Relatively New,2160,,,1,1,0,0,0,1,117
flat,emaar palm gardens,sector 83,1.75,9210,1900,Super Built up area 1900(176.52 sq.m.)Built Up area: 1600 sq.ft. (148.64 sq.m.)Carpet area: 1240 sq.ft. (115.2 sq.m.),3,3,3,6,West,Relatively New,1900,1600,1240,0,1,0,0,0,1,150
flat,emaar digihomes,sector 62,2.45,16000,1531,Built Up area: 1200 (111.48 sq.m.)Carpet area: 1000 sq.ft. (92.9 sq.m.),2,2,2,7,North-East,New Property,,1200,1000,1,0,0,0,0,2,174
house,ireo victory valley,sector 67,8,22222,3600,Plot area 400(334.45 sq.m.),6,7,3+,51,North-East,Moderately Old,,3600,,1,1,0,1,0,1,49
flat,paras dews,sector 106,1.32,5605,2355,Super Built up area 2355(218.79 sq.m.)Built Up area: 1535 sq.ft. (142.61 sq.m.)Carpet area: 1403 sq.ft. (130.34 sq.m.),4,5,3+,11,South-West,Relatively New,2355,1535,1403,0,1,0,0,0,0,49
flat,signature global solera,sector 107,0.52,8062,645,Carpet area: 645 (59.92 sq.m.),3,2,2,5,East,Relatively New,,,645,0,0,0,0,1,0,15
flat,la vida by tata housing,sector 113,1.45,11363,1276,Super Built up area 1276(118.54 sq.m.)Carpet area: 904.01 sq.ft. (83.99 sq.m.),2,2,2,6,South,Relatively New,1276,,904.01,0,0,0,0,0,0,80
flat,signature global solera,sector 107,0.28,5674,493,Carpet area: 489 (45.43 sq.m.),2,2,2,6,West,Relatively New,,,489,0,0,0,0,0,0,45
flat,bestech park view ananda,sector 81,1.15,6927,1660,Super Built up area 1660(154.22 sq.m.)Carpet area: 1082 sq.ft. (100.52 sq.m.),3,2,3+,12,East,Relatively New,1660,,1082,0,0,0,0,0,0,101
house,independent,sector 43,2.1,38251,549,Plot area 61(51 sq.m.),10,10,3+,5,West,New Property,,549,,0,1,0,0,0,0,20
house,independent,sector 105,0.65,9028,720,Plot area 80(66.89 sq.m.),3,2,1,1,East,Relatively New,,720,,0,0,0,1,1,0,14
flat,godrej icon,sector 88a,1.31,8100,1617,Super Built up area 1617(150.22 sq.m.),2,2,3+,3,North-West,Relatively New,1617,,,1,0,0,0,0,0,102
flat,vatika gurgaon,sector 83,0.75,6024,1245,Super Built up area 1245(115.66 sq.m.)Built Up area: 1150 sq.ft. (106.84 sq.m.)Carpet area: 1020 sq.ft. (94.76 sq.m.),2,2,2,19,East,Relatively New,1245,1150,1020,0,0,0,0,1,1,105
flat,ats triumph,sector 104,1.8,7860,2290,Carpet area: 2290 (212.75 sq.m.),3,4,3,14,,New Property,,,2290,0,0,0,0,0,0,60
flat,ats kocoon,sector 109,2.22,10596,2095,Super Built up area 2095(194.63 sq.m.)Built Up area: 1860 sq.ft. (172.8 sq.m.),3,4,3,14,East,Relatively New,2095,1860,,1,1,1,1,0,0,45
flat,emaar gurgaon greens,sector 102,1.4,8484,1650,Super Built up area 1650(153.29 sq.m.)Built Up area: 1300 sq.ft. (120.77 sq.m.)Carpet area: 1022.58 sq.ft. (95 sq.m.),3,3,3,10,East,Relatively New,1650,1300,1022.58,0,1,0,0,0,0,46
house,independent,sector 2,2.55,16378,1557,Plot area 173(144.65 sq.m.),3,3,2,2,South,Old Property,,1557,,0,0,0,0,0,0,8
house,dlf city plots phase 2,sector 25,10.5,261194,402,Plot area 402(37.35 sq.m.),4,4,2,2,East,Old Property,,402,,0,1,0,1,0,1,91
flat,imperia the esfera,sector 37,1.4,5384,2600,Super Built up area 2600(241.55 sq.m.)Carpet area: 2100 sq.ft. (195.1 sq.m.),4,5,3,9,North,Relatively New,2600,,2100,1,1,0,1,1,0,49
flat,signature global park,sohna road,0.52,6326,822,Carpet area: 822 (76.37 sq.m.),2,2,2,3,North-West,Relatively New,,,822,0,0,0,1,0,0,161
flat,breez global hill view,sohna road,0.3,5403,555,Super Built up area 655(60.85 sq.m.)Carpet area: 555 sq.ft. (51.56 sq.m.),2,2,2,6,North-East,New Property,655,,555,0,0,0,0,0,0,109
flat,conscient heritage max,sector 102,1.9,9783,1942,Super Built up area 1942(180.42 sq.m.),3,4,3+,20,North-East,Relatively New,1942,,,0,1,0,0,0,0,165
house,vipul tatvam villa,sector 48,8.5,26235,3240,Plot area 360(301.01 sq.m.),4,4,2,,East,Moderately Old,,3240,,0,1,1,1,0,0,88
house,suncity township,sector 54,2,30968,646,Plot area 60Built Up area: 60 sq.m.Carpet area: 59 sq.m.,9,9,3,11,North,Relatively New,,60,59,0,1,0,0,0,2,7
flat,emaar mgf emerald floors premier,sector 65,2.79,14126,1975,Carpet area: 1975 (183.48 sq.m.),4,4,3+,2,South-West,Relatively New,,,1975,1,1,0,0,0,2,174
house,independent,sector 25,11,35530,3096,Plot area 344(287.63 sq.m.),5,5,3+,2,,Relatively New,,3096,,1,1,1,1,0,0,29
flat,antriksh heights,sector 84,0.85,4927,1725,Super Built up area 1725(160.26 sq.m.),3,3,3+,10,North,Relatively New,1725,,,1,0,0,0,0,0,52
flat,suncity avenue 76,sector 76,0.55,7422,741,Carpet area: 741 (68.84 sq.m.),2,2,2,9,North-East,Under Construction,,,741,0,0,0,0,0,0,26
flat,central park 2 bellevue,sector 48,2.75,10754,2557,Super Built up area 2557(237.55 sq.m.)Carpet area: 2550 sq.ft. (236.9 sq.m.),3,4,3+,3,,Moderately Old,2557,,2550,0,0,0,0,0,0,32
house,housing board colony,sector 28,2.1,23333,900,Plot area 100(83.61 sq.m.),8,8,3+,4,South-East,Moderately Old,,900,,0,0,0,0,1,1,38
house,independent,sector 23,2.4,12000,2000,Plot area 2000(185.81 sq.m.),3,3,2,2,North-East,Moderately Old,,2000,,0,0,1,1,0,0,28
flat,ashiana mulberry,sohna road,0.9,6143,1465,Super Built up area 1465(136.1 sq.m.)Built Up area: 1100 sq.ft. (102.19 sq.m.)Carpet area: 1000 sq.ft. (92.9 sq.m.),2,2,3+,7,North-East,Moderately Old,1465,1100,1000,1,0,0,0,0,1,156
flat,signature global city,sector 37d,1.25,6082,2055,Carpet area: 2055 (190.92 sq.m.),3,3,3,4,,Under Construction,,,2055,0,0,0,0,0,0,16
house,emaar emerald hills,sector 65,12.5,34722,3600,Plot area 400(334.45 sq.m.),4,4,3+,2,East,Relatively New,,3600,,1,1,0,0,0,0,56
flat,ramsons kshitij,sector 95,0.28,3650,767,Super Built up area 767(71.26 sq.m.),2,2,2,5,North-West,New Property,767,,,0,0,0,0,1,0,0
house,dlf city phase 1,sector 26,5.5,30556,1800,Plot area 200(167.23 sq.m.),4,4,3+,2,East,Moderately Old,,1800,,0,0,1,1,0,0,49
house,naman residency,sector 4,0.5,11111,450,Plot area 450(41.81 sq.m.),2,2,2,2,West,New Property,,450,,1,1,0,1,1,0,14
house,independent,sector 26,6,33333,1800,Plot area 200(167.23 sq.m.),8,5,3+,3,,Old Property,,1800,,0,0,0,0,0,1,9
flat,orris carnation residency,sector 85,0.72,4881,1475,Super Built up area 1475(137.03 sq.m.)Built Up area: 1350 sq.ft. (125.42 sq.m.)Carpet area: 1250 sq.ft. (116.13 sq.m.),3,3,2,9,West,Moderately Old,1475,1350,1250,0,0,0,0,1,0,49
flat,tulip violet,sector 69,1.36,8618,1578,Super Built up area 1578(146.6 sq.m.)Carpet area: 1039 sq.ft. (96.53 sq.m.),3,3,1,12,West,Relatively New,1578,,1039,0,0,0,1,0,0,95
flat,godrej frontier,sector 80,1.1,5705,1928,Super Built up area 1928(179.12 sq.m.)Built Up area: 1580 sq.ft. (146.79 sq.m.)Carpet area: 1391 sq.ft. (129.23 sq.m.),3,3,3,8,North-West,Moderately Old,1928,1580,1391,0,1,0,0,0,0,111
flat,tulip violet,sector 69,1.95,9701,2010,Super Built up area 2010(186.74 sq.m.),4,4,2,0,West,Relatively New,2010,,,0,0,0,0,0,0,157
flat,dlf new town heights,sector 86,1.27,6580,1930,Super Built up area 1930(179.3 sq.m.)Built Up area: 1800 sq.ft. (167.23 sq.m.)Carpet area: 1450 sq.ft. (134.71 sq.m.),3,4,3,19,South-West,Relatively New,1930,1800,1450,0,1,0,1,0,0,126
flat,ss,sector 85,1.19,7121,1671,Super Built up area 1671(155.24 sq.m.)Built Up area: 1670 sq.ft. (155.15 sq.m.)Carpet area: 1660 sq.ft. (154.22 sq.m.),2,2,3,11,West,Relatively New,1671,1670,1660,0,0,0,0,0,0,49
flat,bptp terra,sector 37d,2.08,10000,2080,Super Built up area 2443(226.96 sq.m.),4,4,3,0,North-East,New Property,2443,,,1,1,0,1,0,0,121
flat,shapoorji pallonji joyville gurugram,sector 102,1.2,14563,824,Super Built up area 1359(126.26 sq.m.)Carpet area: 824 sq.ft. (76.55 sq.m.),2,2,3,0,North-East,Relatively New,1359,,824,0,0,0,0,0,0,49
house,independent,sohna road,0.07,2525,277,Plot area 33(27.59 sq.m.),1,1,0,1,,Relatively New,,33,,0,0,0,0,0,0,0
house,international city by sobha phase 1,sector 109,5.7,10556,5400,Plot area 600(501.68 sq.m.),4,4,3+,4,East,Relatively New,,5400,,1,1,0,0,0,0,98
house,nul,sector 25,9.5,33404,2844,Plot area 316(264.22 sq.m.),9,9,3+,3,North-West,Old Property,,2844,,0,0,0,0,1,0,81
flat,signature global city 81,sector 81,0.96,9767,983,Carpet area: 1075 (99.87 sq.m.),2,2,2,1,,Under Construction,,,1075,0,0,0,0,0,0,49
flat,dlf the ultima,sector 81,2.35,11233,2092,Super Built up area 2092(194.35 sq.m.)Carpet area: 1100 sq.ft. (102.19 sq.m.),3,4,3+,18,North,Relatively New,2092,,1100,0,1,0,0,0,0,106
flat,smart world orchard,sector 61,2.2,14202,1549,Carpet area: 1549 (143.91 sq.m.),3,3,2,4,North,New Property,,,1549,0,0,0,0,0,0,152
house,eldeco mansionz,sector 48,5.15,18885,2727,Plot area 303(253.35 sq.m.)Built Up area: 302 sq.yards (252.51 sq.m.)Carpet area: 300 sq.yards (250.84 sq.m.),5,7,3,2,East,Moderately Old,,302,300,0,1,0,1,0,1,145
flat,smart world orchard,sector 61,1.65,13750,1200,Carpet area: 1200 (111.48 sq.m.),2,2,2,1,,Under Construction,,,1200,1,0,0,0,0,0,16
flat,unitech the residences,sector 33,1.35,8737,1545,Super Built up area 1545(143.54 sq.m.),3,4,2,8,North-East,Moderately Old,1545,,,0,1,0,0,0,0,49
flat,signature global the millennia 3,sector 37d,0.5,7142,700,Carpet area: 700 (65.03 sq.m.),3,3,2,2,,Under Construction,,,700,0,0,0,0,0,0,31
house,bptp visionnaire,sector 70a,6,22222,2700,Plot area 300(250.84 sq.m.),5,4,3,3,North-East,New Property,,2700,,1,0,0,0,0,0,40
house,sobha city,sector 108,,,,Built Up area: 7331 (681.07 sq.m.),5,1,0,1,,Old Property,,7331,,0,0,0,0,0,0,59
flat,ats tourmaline,sector 109,2.1,8123,2585,Super Built up area 2585(240.15 sq.m.)Built Up area: 2100 sq.ft. (195.1 sq.m.),3,4,3+,11,South-East,Relatively New,2585,2100,,0,1,0,0,0,1,165
flat,tulip orange,sector 70,1.1,8148,1350,Built Up area: 1350 (125.42 sq.m.)Carpet area: 1080 sq.ft. (100.34 sq.m.),3,2,2,5,East,Undefined,,1350,1080,0,0,0,0,0,0,0
flat,huda ashok vihar phase,sector 4,0.43,6615,650,Carpet area: 650 (60.39 sq.m.),2,2,1,2,,Relatively New,,,650,0,0,0,0,0,0,7
flat,deepak minda,manesar,1.25,4715,2651,Carpet area: 2651 (246.29 sq.m.),4,4,3+,6,,Moderately Old,,,2651,0,0,0,0,0,1,44
flat,antriksh heights,sector 84,0.85,5556,1530,Super Built up area 1350(125.42 sq.m.),2,2,3,10,North-West,New Property,1350,,,1,0,0,0,1,0,24
flat,vatika seven elements,sector 89,1.6,8163,1960,Super Built up area 1960(182.09 sq.m.),3,3,3,5,,New Property,1960,,,0,0,0,0,0,0,58
flat,dlf the primus,sector 82a,2.6,11438,2273,Super Built up area 2273(211.17 sq.m.)Carpet area: 1340 sq.ft. (124.49 sq.m.),4,4,3+,2,East,Relatively New,2273,,1340,0,0,0,0,1,0,38
flat,vatika gurgaon,sector 83,1.4,7179,1950,Carpet area: 1950 (181.16 sq.m.),4,4,3,10,North-East,Relatively New,,,1950,0,1,0,0,0,0,35
flat,m3m merlin,sector 67,2.78,13580,2047,Super Built up area 2047(190.17 sq.m.),3,3,3+,4,South-West,Relatively New,2047,,,0,0,0,1,0,1,157
house,independent,sector 26,26,82540,3150,Plot area 402(336.12 sq.m.)Built Up area: 400 sq.yards (334.45 sq.m.)Carpet area: 350 sq.yards (292.64 sq.m.),16,16,3+,4,North-West,New Property,,400,350,1,1,1,1,0,2,72
flat,bestech park view residency,sector 2,0.56,8553,655,Carpet area: 650 (60.39 sq.m.),1,1,2,7,South-West,Moderately Old,,,650,0,0,0,0,0,0,92
flat,central park flower valley,sector 33,2.5,13270,1884,Carpet area: 1884 (175.03 sq.m.),3,3,2,1,,Undefined,,,1884,0,0,0,0,0,0,66
flat,emaar palm premier,sector 77,2.1,10500,2000,Super Built up area 2000(185.81 sq.m.)Built Up area: 1600 sq.ft. (148.64 sq.m.)Carpet area: 1500 sq.ft. (139.35 sq.m.),3,4,3+,11,,New Property,2000,1600,1500,0,1,0,0,0,1,129
house,huda plots,sector 56,2.95,20359,1449,Plot area 161(134.62 sq.m.)Built Up area: 1000 sq.yards (836.13 sq.m.),2,2,2,1,North,Moderately Old,,1000,,0,0,0,0,0,0,31
flat,sukhshanti apartment,sector 56,1.7,7727,2200,Built Up area: 2200 (204.39 sq.m.)Carpet area: 1610 sq.ft. (149.57 sq.m.),3,3,3,4,South,Moderately Old,,2200,1610,1,0,0,0,0,0,49
flat,emaar mgf emerald floors,sector 65,2.6,15758,1650,Carpet area: 1650 (153.29 sq.m.),3,3,3+,3,East,Undefined,,,1650,0,0,0,0,0,0,0
flat,imperia the esfera,sector 37,0.7,4879,1435,Super Built up area 1435(133.32 sq.m.),2,3,3+,12,North,Under Construction,1435,,,1,0,0,0,1,0,58
house,independent,sector 25,10.85,38150,2844,Plot area 316(264.22 sq.m.),6,6,1,3,North-East,Relatively New,,2844,,0,0,1,0,0,1,136
flat,aditya apartment,manesar,1,4033,2480,Built Up area: 2480 (230.4 sq.m.),3,4,0,3,,New Property,,2480,,0,0,0,0,0,0,0
house,independent,sector 4,0.55,6813,807,Built Up area: 75,2,1,1,1,,Moderately Old,,75,,0,0,0,0,0,0,0
house,independent,sector 31,3.69,23699,1557,Plot area 173(144.65 sq.m.),4,4,2,2,East,Moderately Old,,1557,,1,1,0,1,0,1,75
flat,ss the leaf,sector 85,2,8305,2408,Super Built up area 2408(223.71 sq.m.),3,4,3,8,East,Relatively New,2408,,,0,1,0,0,0,0,21
flat,paras dews,sector 106,1.17,6647,1760,Super Built up area 1760(163.51 sq.m.)Built Up area: 1186 sq.ft. (110.18 sq.m.)Carpet area: 1130 sq.ft. (104.98 sq.m.),3,4,3+,12,West,Relatively New,1760,1186,1130,0,1,0,0,0,0,49
house,independent,sector 12,1.5,11111,1350,Plot area 150(125.42 sq.m.),5,5,2,3,,Old Property,,1350,,0,0,0,0,0,0,16
flat,aipl zen residences,sector 70a,1.25,9904,1262,Carpet area: 1262 (117.24 sq.m.),2,2,3,19,,Undefined,,,1262,0,0,0,0,0,0,0
flat,ansal api esencia,sector 67,1.2,7407,1620,Carpet area: 180 (150.5 sq.m.),3,3,2,1,,Undefined,,,180,0,0,0,0,0,0,49
flat,bestech park view ananda,sector 81,0.9,6618,1360,Super Built up area 1360(126.35 sq.m.),2,2,3,8,,New Property,1360,,,0,0,0,0,1,0,60
flat,emaar mgf emerald estate,sector 65,1.7,21013,809,Super Built up area 1395(129.6 sq.m.)Carpet area: 809 sq.ft. (75.16 sq.m.),3,3,3,7,South-East,Relatively New,1395,,809,1,0,0,0,0,1,116
flat,the close north,sector 50,2.65,11276,2350,Super Built up area 2605(242.01 sq.m.)Built Up area: 2491 sq.ft. (231.42 sq.m.)Carpet area: 2350 sq.ft. (218.32 sq.m.),3,3,3+,3,South-East,Moderately Old,2605,2491,2350,0,1,0,0,0,0,174
flat,ashiana mulberry,sohna road,1.05,5412,1940,Super Built up area 1940(180.23 sq.m.)Built Up area: 1175.97 sq.ft. (109.25 sq.m.)Carpet area: 834.96 sq.ft. (77.57 sq.m.),2,2,3,1,North,New Property,1940,1175.97,834.96,1,0,0,0,0,0,49
flat,ireo skyon,sector 60,3.7,13214,2800,Super Built up area 2800(260.13 sq.m.),4,5,3,10,South,Relatively New,2800,,,0,1,0,0,0,1,165
house,independent,sector 57,3.49,20197,1728,Plot area 192(160.54 sq.m.),4,4,2,3,South-East,Moderately Old,,1728,,1,1,0,1,0,1,49
flat,bptp terra,sector 37d,1.65,8790,1877,Super Built up area 1877(174.38 sq.m.),3,3,2,15,East,Relatively New,1877,,,0,0,0,0,0,0,116
flat,m3m ikonic,sector 68,1.8,9230,1950,Super Built up area 1950(181.16 sq.m.)Built Up area: 1845 sq.ft. (171.41 sq.m.)Carpet area: 1530 sq.ft. (142.14 sq.m.),3,3,3+,18,North-East,Relatively New,1950,1845,1530,0,0,0,0,0,1,126
flat,m3m woodshire,sector 107,0.8,5856,1366,Super Built up area 1366(126.91 sq.m.)Carpet area: 1055 sq.ft. (98.01 sq.m.),2,2,3+,6,West,Relatively New,1366,,1055,0,0,0,1,0,1,174
house,project mianwali colony,sector 12,1.7,9444,1800,Carpet area: 1800 (167.23 sq.m.),1,1,2,1,,Undefined,,,1800,0,0,0,0,0,0,0
flat,hcbs sports ville,sohna road,0.27,4345,621,Built Up area: 619 (57.51 sq.m.),2,2,2,10,,Relatively New,,619,,0,0,0,0,0,0,43
house,independent,sector 8,0.45,9000,500,Carpet area: 500 (46.45 sq.m.),1,1,1,3,East,Undefined,,,500,0,0,0,0,0,0,0
flat,paras dews,sector 106,0.87,9255,940,Super Built up area 1385(128.67 sq.m.)Built Up area: 1120 sq.ft. (104.05 sq.m.)Carpet area: 940 sq.ft. (87.33 sq.m.),2,2,3+,1,North-East,New Property,1385,1120,940,0,0,0,0,0,0,174
flat,m3m woodshire,sector 107,0.88,6442,1366,Super Built up area 1366(126.91 sq.m.),2,2,3+,3,East,Relatively New,1366,,,0,0,0,0,0,0,99
flat,aardhya homesh,sector 67a,1.85,8043,2300,Carpet area: 2300 (213.68 sq.m.),4,4,0,4,East,Undefined,,,2300,0,0,0,0,0,0,0
flat,pioneer park,sector 61,2.04,14623,1395,Super Built up area 1795(166.76 sq.m.)Built Up area: 1595 sq.ft. (148.18 sq.m.)Carpet area: 1395 sq.ft. (129.6 sq.m.),3,3,3+,16,South,Moderately Old,1795,1595,1395,0,1,0,0,0,1,165
house,independent,sector 11,2.1,17284,1215,Plot area 135(112.88 sq.m.),6,6,3+,3,,Relatively New,,1215,,0,0,0,0,0,0,14
flat,dlf the ultima,sector 81,2.25,10553,2132,Super Built up area 2132(198.07 sq.m.),3,3,3+,15,North-East,Relatively New,2132,,,0,1,0,0,0,2,165
flat,ireo the grand arch,sector 58,2.2,16000,1375,Super Built up area 1375(127.74 sq.m.),2,2,2,6,North-East,Relatively New,1375,,,0,0,0,0,0,0,42
flat,signature andour heights,sector 71,0.39,9846,396,Super Built up area 325(30.19 sq.m.),1,1,2,1,,New Property,325,,,0,0,0,0,0,0,0
flat,ambience lagoon,sector 24,5.8,12500,4640,Built Up area: 3700 (343.74 sq.m.),3,4,3+,9,North-East,Old Property,,3700,,1,1,0,1,1,2,68
flat,bestech park view ananda,sector 81,0.95,6985,1360,Super Built up area 1360(126.35 sq.m.)Built Up area: 1150 sq.ft. (106.84 sq.m.)Carpet area: 894 sq.ft. (83.06 sq.m.),2,2,2,13,South-East,Relatively New,1360,1150,894,0,0,0,0,0,1,167
flat,shree vardhman flora,sector 90,0.7,5177,1352,Carpet area: 1352 (125.6 sq.m.),2,3,2,7,North,Relatively New,,,1352,1,0,0,0,0,1,49
flat,corona optus,sector 37,1.27,7203,1763,Super Built up area 1763(163.79 sq.m.)Carpet area: 1410 sq.ft. (130.99 sq.m.),3,3,3,2,South,Relatively New,1763,,1410,1,0,0,0,1,0,49
flat,smart world gems,sector 89,0.95,8903,1067,Super Built up area 1067(99.13 sq.m.)Carpet area: 578 sq.ft. (53.7 sq.m.),2,2,2,1,East,Under Construction,1067,,578,1,0,0,0,0,0,122
flat,raheja vedaanta,sector 108,1.25,5681,2200,Super Built up area 2200(204.39 sq.m.),3,2,0,0,,Relatively New,2200,,,0,0,0,0,0,1,65
flat,dlf the primus,sector 82a,2.85,10936,2606,Super Built up area 2606(242.11 sq.m.)Carpet area: 1800 sq.ft. (167.23 sq.m.),4,4,3+,2,North-East,New Property,2606,,1800,0,1,0,0,0,2,174
house,vipul tatvam villa,sector 48,7.25,27971,2592,Plot area 288(240.8 sq.m.),3,4,2,2,South,Moderately Old,,2592,,1,1,1,1,0,1,115
flat,signature global park,sohna road,0.75,6938,1081,Carpet area: 1081 (100.43 sq.m.),3,2,3+,4,East,New Property,,,1081,0,0,0,0,0,0,101
flat,indiabulls centrum park,sector 103,2.14,7443,2875,Super Built up area 2875(267.1 sq.m.)Carpet area: 2550 sq.ft. (236.9 sq.m.),4,6,3+,7,East,Relatively New,2875,,2550,0,1,0,0,0,0,142
flat,godrej nature plus,sector 33,1.07,7725,1385,Super Built up area 1385(128.67 sq.m.),2,2,2,14,North-East,Under Construction,1385,,,0,0,0,0,0,0,68
flat,godrej air,sector 85,2.6,12212,2129,Built Up area: 2129 (197.79 sq.m.),3,3,3,17,,Under Construction,,2129,,0,1,0,0,0,0,44
house,experion windchants,sector 112,9.5,23457,4050,Plot area 450(376.26 sq.m.)Built Up area: 7450 sq.yards (6229.15 sq.m.),5,5,3,2,,Relatively New,,7450,,0,1,0,0,0,0,45
house,independent,sector 4,1.1,6111,1800,Plot area 200(167.23 sq.m.),8,4,3+,2,West,Old Property,,1800,,0,0,0,0,0,0,7
flat,m3m woodshire,sector 107,1.3,10815,1202,Super Built up area 1943(180.51 sq.m.)Carpet area: 1202 sq.ft. (111.67 sq.m.),3,3,3,7,,Relatively New,1943,,1202,0,0,0,1,0,0,89
flat,hsiidc sidco aravali,manesar,0.91,3516,2588,Super Built up area 2588(240.43 sq.m.)Built Up area: 1900 sq.ft. (176.52 sq.m.),3,3,3+,8,East,Moderately Old,2588,1900,,0,1,0,0,0,0,23
flat,paras dews,sector 106,1.14,6000,1900,Super Built up area 1900(176.52 sq.m.)Built Up area: 1305 sq.ft. (121.24 sq.m.)Carpet area: 1173 sq.ft. (108.98 sq.m.),3,4,3,8,South,Relatively New,1900,1305,1173,1,1,0,0,0,0,49
house,independent,sector 9,0.6,10753,558,Plot area 62(51.84 sq.m.),2,2,1,1,North-East,Moderately Old,,558,,0,0,0,0,0,0,8
house,independent,sector 104,0.6,5128,1170,Plot area 130(108.7 sq.m.),7,3,1,2,North,Moderately Old,,1170,,0,0,0,0,0,0,0
flat,ramsons kshitij,sector 95,0.17,544,3125,Carpet area: 3212 (298.4 sq.m.),1,1,1,12,North-East,Relatively New,,,3212,0,0,0,0,0,0,56
flat,rose apartment,sector 28,3,10482,2862,Super Built up area 2862(265.89 sq.m.),3,5,3+,8,,Old Property,2862,,,0,0,0,0,0,0,0
flat,ss the leaf,sector 85,1.31,7987,1640,Carpet area: 1640 (152.36 sq.m.),2,2,2,5,West,Relatively New,,,1640,0,1,0,0,0,0,89
flat,vatika sovereign park,sector 99,3.2,9922,3225,Built Up area: 3225 (299.61 sq.m.),4,4,0,5,North-East,Under Construction,,3225,,0,0,0,0,0,0,23
flat,paras dews,sector 106,1,7220,1385,Super Built up area 1385(128.67 sq.m.)Built Up area: 940 sq.ft. (87.33 sq.m.)Carpet area: 845 sq.ft. (78.5 sq.m.),2,2,3+,2,North-East,New Property,1385,940,845,0,0,0,0,0,1,21
flat,pareena mi casa,sector 68,1.85,9310,1987,Super Built up area 1987(184.6 sq.m.),3,3,3+,13,,Under Construction,1987,,,0,0,0,0,0,0,47
flat,satya the hermitage,sector 103,0.8,5517,1450,Built Up area: 1450 (134.71 sq.m.),2,2,0,10,,Undefined,,1450,,0,0,0,0,0,0,61
flat,signature global synera,sector 81,0.39,6500,600,Carpet area: 600 (55.74 sq.m.),2,2,2,6,South-West,Relatively New,,,600,0,0,0,0,0,0,37
house,independent,sector 49,4.45,15451,2880,Plot area 320(267.56 sq.m.),6,6,3,3,North,Moderately Old,,2880,,1,1,1,1,0,2,152
flat,signature global solera,sector 107,0.5,7751,645,Carpet area: 645 (59.92 sq.m.),3,2,2,6,North-East,Relatively New,,,645,0,0,0,0,1,0,49
house,independent,sector 55,1.45,241666,60,Plot area 60(5.57 sq.m.),4,4,3+,4,East,Relatively New,,60,,0,0,1,0,0,0,70
flat,signature the serenas,sohna road,0.5,9406,532,Carpet area: 531.57 (49.38 sq.m.),2,2,2,6,,New Property,,,531.521382,0,0,0,0,0,0,37
flat,unitech uniworld city,sector 30,3.55,14991,2368,Super Built up area 2368(219.99 sq.m.)Built Up area: 2367 sq.ft. (219.9 sq.m.)Carpet area: 2000 sq.ft. (185.81 sq.m.),3,5,3+,16,North,Old Property,2368,2367,2000,0,1,0,0,0,1,141
house,unitech uniworld resorts,sector 33,8,11428,7000,Plot area 7000(650.32 sq.m.),4,4,3+,2,West,Old Property,,7000,,1,1,1,1,0,0,77
house,independent,sector 4,4.12,8889,4635,Plot area 515(430.61 sq.m.),2,1,3+,,,Moderately Old,,4635,,0,0,0,0,0,0,0
house,ansal heights,sector 92,2.75,9793,2808,Plot area 312(260.87 sq.m.)Built Up area: 5000 sq.yards (4180.64 sq.m.),4,4,3+,3,,Relatively New,,5000,,1,0,0,1,0,0,0
flat,sare green parc phase 3,sector 92,1.1,6875,1600,Carpet area: 1600 (148.64 sq.m.),4,3,2,12,North,New Property,,,1600,0,0,0,0,0,0,15
flat,bestech park view sanskruti,sector 92,1.6,7547,2120,Super Built up area 2120(196.95 sq.m.)Carpet area: 1450 sq.ft. (134.71 sq.m.),3,3,3,10,East,Relatively New,2120,,1450,0,1,0,0,0,1,60
house,smart world gems,sector 89,1.25,8784,1423,Built Up area: 1423 (132.2 sq.m.),3,3,2,1,,Under Construction,,1423,,1,0,0,0,1,0,45
flat,ss the coralwood,sector 84,1.1,4857,2265,Super Built up area 1750(162.58 sq.m.),3,3,2,9,North,Relatively New,1750,,,0,0,0,0,0,0,75
flat,tarc maceo,sector 91,0.89,6339,1404,Super Built up area 1404(130.44 sq.m.)Carpet area: 1200 sq.ft. (111.48 sq.m.),2,2,3+,9,East,Relatively New,1404,,1200,0,0,0,0,1,1,13
flat,emaar mgf the palm drive,sector 66,3.4,15454,2200,Super Built up area 2200(204.39 sq.m.),3,4,3,9,East,Relatively New,2200,,,0,1,1,0,0,1,96
flat,dlf regency park,sector 28,1.91,16608,1150,Carpet area: 1150 (106.84 sq.m.),2,2,2,11,,New Property,,,1150,0,0,0,0,0,2,98
house,malibu towne,sector 47,8.5,53125,1600,Built Up area: 1600 (148.64 sq.m.),12,12,3+,4,North,New Property,,1600,,0,0,0,0,0,1,99
house,independent,sector 17,3,11111,2700,Carpet area: 2700 (250.84 sq.m.),4,4,0,1,,Undefined,,,2700,0,0,0,0,0,0,0
house,sector 14 rwa,sector 14,5.51,16990,3243,Plot area 361(301.84 sq.m.),3,3,2,4,South-West,Moderately Old,,3249,,0,0,0,0,0,0,14
flat,on request,sector 103,1.69,9146,1848,Super Built up area 1845(171.41 sq.m.),3,3,3+,8,,Relatively New,1845,,,0,0,0,0,0,0,49
flat,the close north,sector 50,2.75,12500,2200,Super Built up area 2605(242.01 sq.m.)Built Up area: 2400 sq.ft. (222.97 sq.m.)Carpet area: 2200 sq.ft. (204.39 sq.m.),3,3,3,3,South-East,Moderately Old,2605,2400,2200,0,1,0,0,0,0,110
house,unitech espace,sector 50,10.3,31790,3240,Plot area 360(301.01 sq.m.),5,6,3+,3,East,Moderately Old,,3240,,1,1,1,1,0,1,160
flat,sidhartha ncr greens,sector 95,0.56,5656,990,Super Built up area 990(91.97 sq.m.),2,2,3,13,,New Property,990,,,0,0,0,0,0,0,8
flat,lig flat,sector 40,1.5,50000,300,Built Up area: 300 (27.87 sq.m.),1,1,0,0,,Undefined,,300,,0,0,0,0,0,0,0
flat,godrej nature plus,sector 33,1.27,9182,1383,Super Built up area 1383(128.48 sq.m.),2,2,3+,9,West,Under Construction,1383,,,0,0,0,0,0,0,38
flat,spire woods now ananda by alpha corp,sector 103,1.25,6902,1811,Carpet area: 1811 (168.25 sq.m.),3,4,3,11,,Under Construction,,,1811,1,1,0,0,0,0,105
house,ashok vihar phase iii extension,sector 5,0.4,8889,450,Plot area 50(41.81 sq.m.),7,4,3+,4,,New Property,,450,,0,0,0,1,0,0,7
house,independent,sector 27,8.25,45833,1800,Plot area 210(175.59 sq.m.)Built Up area: 205 sq.yards (171.41 sq.m.)Carpet area: 200 sq.yards (167.23 sq.m.),12,12,3+,4,East,New Property,,205,200,0,1,0,1,0,1,40
flat,emaar mgf palm terraces,sector 66,4.5,10599,4246,Super Built up area 3670(340.95 sq.m.),5,5,3+,11,,New Property,3670,,,0,1,0,0,0,0,105
flat,mittal surya vihar,sector 21,1.4,5833,2400,Super Built up area 2400(222.97 sq.m.),5,4,2,2,,Moderately Old,2400,,,0,0,0,0,0,0,0
flat,green court,sector 90,0.4,6389,626,Super Built up area 626(58.16 sq.m.)Carpet area: 526 sq.ft. (48.87 sq.m.),2,2,1,8,South,New Property,626,,526,0,0,0,0,0,0,20
house,independent,sector 46,6.81,36911,1845,Plot area 205(171.41 sq.m.),12,14,3+,,East,New Property,,1845,,0,1,0,0,1,1,40
flat,maruti vihar,sector 28,1,9090,1100,Super Built up area 1100(102.19 sq.m.),1,1,1,1,North,Old Property,1100,,,1,0,0,1,0,1,80
flat,tulip violet,sector 69,3.25,10105,3216,Super Built up area 3216(298.78 sq.m.),4,5,3+,14,,Relatively New,3216,,,0,0,0,1,1,0,20
flat,smart world gems,sector 89,1.3,9135,1423,Carpet area: 1423 (132.2 sq.m.),3,3,2,2,,New Property,,,1423,1,0,0,0,0,0,44
flat,park view apartment,sector 56,1.74,7565,2300,Super Built up area 2450(227.61 sq.m.)Built Up area: 2400 sq.ft. (222.97 sq.m.)Carpet area: 2300 sq.ft. (213.68 sq.m.),3,3,3+,2,South,Old Property,2450,2400,2300,0,1,0,1,0,1,104
flat,apna enclave,sector 3,0.55,5789,950,Super Built up area 950(88.26 sq.m.)Built Up area: 900 sq.ft. (83.61 sq.m.)Carpet area: 744 sq.ft. (69.12 sq.m.),2,2,2,2,North-East,Old Property,950,900,744,0,0,0,0,0,0,66
flat,godrej air,sector 85,1.3,14541,894,Super Built up area 1400(130.06 sq.m.)Carpet area: 894 sq.ft. (83.06 sq.m.),2,2,3,30,,Under Construction,1400,,894,0,0,0,0,0,0,111
house,independent,sector 17,0.29,3254,891,Plot area 891(82.78 sq.m.),2,1,0,0,West,Old Property,,891,,0,0,0,0,0,0,0
house,prem kunj,sohna road,0.5,7407,675,Plot area 675(62.71 sq.m.)Built Up area: 725 sq.ft. (67.35 sq.m.)Carpet area: 675 sq.ft. (62.71 sq.m.),5,4,3,3,South-West,Relatively New,,725,675,0,0,0,1,0,0,22
house,independent,sector 41,7.25,29293,2475,Plot area 275(229.94 sq.m.),9,8,3,4,South-West,Old Property,,2475,,0,1,0,0,0,1,94
house,smart world orchard,sector 61,2.01,13000,1546,Plot area 1549(143.91 sq.m.),3,3,3,4,North,Under Construction,,1549,,0,0,0,0,0,0,145
flat,vatika city,sector 49,1.79,12785,1400,Carpet area: 1400 (130.06 sq.m.),3,3,3,9,,Old Property,,,1400,0,1,0,0,0,0,38
flat,ramprastha primera,sector 37d,1.2,13333,900,Carpet area: 900 (83.61 sq.m.),3,3,3,5,North-East,Relatively New,,,900,0,0,1,0,0,0,50
house,independent,sector 108,1.7,5666,3000,Built Up area: 3000 (278.71 sq.m.)Carpet area: 2600 sq.ft. (241.55 sq.m.),4,4,3+,1,North-East,Undefined,,3000,2600,0,0,0,0,0,0,0
flat,aipl the peaceful homes,sector 70a,1.6,9584,1669,Super Built up area 1565(145.39 sq.m.),2,2,2,22,North,Moderately Old,1565,,,0,0,0,0,0,0,86
flat,raheja sampada,sector 92,0.9,6569,1370,Super Built up area 1370(127.28 sq.m.),3,2,3,11,East,Relatively New,1370,,,0,0,0,0,0,0,88
flat,sbtl caladium,sector 109,1.9,6219,3055,Super Built up area 3055(283.82 sq.m.),4,4,3,8,North-East,Relatively New,3055,,,0,1,0,0,0,0,151
flat,adani oyster greens,sector 102,1.9,10058,1889,Carpet area: 1889 (175.49 sq.m.),3,3,3+,9,North-East,Relatively New,,,1889,1,0,1,1,0,0,0
flat,microtek greenburg,sector 86,1.25,8445,1480,Super Built up area 1480(137.5 sq.m.),3,4,3,0,South-West,Relatively New,1480,,,1,0,0,0,0,0,49
flat,bestech spa signature,sector 81,4.45,10595,4200,Super Built up area 4200(390.19 sq.m.)Built Up area: 3850 sq.ft. (357.68 sq.m.)Carpet area: 3600 sq.ft. (334.45 sq.m.),4,4,3+,8,South-West,Relatively New,4200,3850,3600,1,1,0,1,1,1,49
flat,dlf the arbour,sector 63,7.9,20000,3950,Built Up area: 3950 (366.97 sq.m.)Carpet area: 2900 sq.ft. (269.42 sq.m.),4,4,3+,34,,Under Construction,,3950,2900,0,0,0,0,0,0,61
house,aindependentt raj estates,sector 63a,8.5,27139,3132,Plot area 348(290.97 sq.m.),6,6,3+,3,East,Under Construction,,3132,,0,0,1,1,0,0,29
flat,ireo uptown,sector 66,2.4,13064,1837,Super Built up area 1837(170.66 sq.m.)Built Up area: 1700 sq.ft. (157.94 sq.m.)Carpet area: 1600 sq.ft. (148.64 sq.m.),3,2,3,5,North-East,Relatively New,1837,1700,1600,0,1,0,0,0,1,156
flat,la vida by tata housing,sector 113,1.5,11755,1276,Super Built up area 1276(118.54 sq.m.),2,2,2,13,,New Property,1276,,,0,0,0,0,0,0,60
flat,ramprastha the edge towers,sector 37d,0.98,5536,1770,Super Built up area 1770(164.44 sq.m.)Built Up area: 1675 sq.ft. (155.61 sq.m.)Carpet area: 1400 sq.ft. (130.06 sq.m.),3,3,3+,5,North-East,Relatively New,1770,1675,1400,0,0,0,1,0,0,174
flat,m3m heights,sector 65,2.29,15980,1433,Carpet area: 1433 (133.13 sq.m.),2,2,3,8,,Under Construction,,,1433,1,0,0,0,0,0,15
flat,chd avenue,sector 71,1.3,5531,2350,Super Built up area 2350(218.32 sq.m.),4,4,3,5,North-East,Moderately Old,2350,,,0,1,0,0,0,0,126
flat,birla navya,sector 63a,3.15,14632,2153,Carpet area: 200,3,3,3,4,East,Under Construction,,,200,0,0,0,0,1,0,44
house,unitech south city,sector 50,5.88,27222,2160,Plot area 240(200.67 sq.m.),9,9,3+,3,East,Relatively New,,2160,,1,1,0,1,1,2,128
flat,assotech blith,sector 99,1.6,6667,2400,Built Up area: 2400 (222.97 sq.m.),3,4,0,15,,Undefined,,2400,,0,0,0,0,0,0,51
flat,mvn athens,sohna road,0.24,7056,340,Carpet area: 340.09 (31.6 sq.m.),1,1,1,12,West,Relatively New,,,340.13924,0,0,0,0,0,0,66
flat,dlf park place,sector 54,5.75,24688,2329,Super Built up area 2329(216.37 sq.m.)Built Up area: 1900 sq.ft. (176.52 sq.m.)Carpet area: 1700 sq.ft. (157.94 sq.m.),3,4,3,12,North-East,Relatively New,2329,1900,1700,0,1,0,0,0,2,174
house,dlf floors phase 3,sector 24,3.51,12342,2844,Plot area 316(264.22 sq.m.),4,4,3,4,East,Under Construction,,2844,,1,1,1,1,0,1,160
flat,pyramid urban homes 2,sector 86,0.41,6905,594,Carpet area: 601 (55.83 sq.m.),2,2,1,3,West,Relatively New,,,601,0,0,0,0,0,0,63
flat,bestech park view grand spa,sector 81,2.29,8609,2660,Super Built up area 2660(247.12 sq.m.)Carpet area: 2000 sq.ft. (185.81 sq.m.),3,4,3+,10,North-East,Relatively New,2660,,2000,1,1,0,0,0,2,174
house,emaar mgf marbella,sector 66,9.01,16066,5608,Plot area 521,4,4,3+,3,North-East,Relatively New,,5574.7,,0,1,1,0,0,0,122
flat,m3m soulitude,sector 89,1.25,8784,1423,Carpet area: 1423 (132.2 sq.m.),3,3,2,3,,New Property,,,1423,1,0,0,0,0,0,49
flat,m3m golfestate,sector 65,13.2,12000,11000,Carpet area: 11000 (1021.93 sq.m.),4,4,3,13,North,Moderately Old,,,11000,0,1,0,0,0,0,60
house,housing board colony,sector 28,3.5,25926,1350,Plot area 150(125.42 sq.m.),6,6,3,3,,Relatively New,,1350,,0,0,0,0,0,0,0
flat,rof ananda,sector 95,0.55,8527,645,Super Built up area 1000(92.9 sq.m.)Carpet area: 645 sq.ft. (59.92 sq.m.),3,2,2,14,East,New Property,1000,,645,1,0,0,0,0,1,81
flat,indiabulls centrum park,sector 103,1.05,5861,1792,Built Up area: 1365 (126.81 sq.m.)Carpet area: 900 sq.ft. (83.61 sq.m.),2,2,3,1,West,Relatively New,,1365,900,0,0,0,0,0,1,51
flat,tulip petals,sector 89,1.55,10000,1550,Super Built up area 1550(144 sq.m.),3,2,3,6,East,Moderately Old,1550,,,0,0,1,0,0,1,111
flat,ss the leaf,sector 85,1.2,7317,1640,Super Built up area 1640(152.36 sq.m.)Built Up area: 1300 sq.ft. (120.77 sq.m.)Carpet area: 1000 sq.ft. (92.9 sq.m.),2,2,3,6,North,Relatively New,1640,1300,1000,0,0,0,0,0,1,174
flat,shree vardhman victoria,sector 70,1.1,8461,1300,Carpet area: 1300 (120.77 sq.m.),2,2,2,8,North-East,Relatively New,,,1300,0,0,0,0,0,0,101
flat,ats triumph,sector 104,1.85,8078,2290,Super Built up area 2290(212.75 sq.m.),3,3,3+,24,East,Relatively New,2290,,,0,1,0,0,0,0,174
flat,sanskriti apartment,sector 10,1.1,6666,1650,Carpet area: 1650 (153.29 sq.m.),3,3,3,2,,Moderately Old,,,1650,0,0,0,0,0,0,22
flat,ss the leaf,sector 85,1.2,9677,1240,Super Built up area 1772(164.62 sq.m.)Carpet area: 1240 sq.ft. (115.2 sq.m.),2,2,3+,9,East,Relatively New,1772,,1240,0,0,1,0,0,0,148
flat,shapoorji pallonji joyville gurugram,sector 102,1.26,10041,1255,Super Built up area 1215(112.88 sq.m.),2,2,2,10,North,Relatively New,1215,,,0,0,0,0,0,0,108
flat,signature global solera,sector 107,0.28,5623,498,Carpet area: 489 (45.43 sq.m.),2,2,2,14,North-West,Relatively New,,,489,0,0,0,0,0,0,38
flat,tulip violet,sector 69,1.5,10714,1400,Super Built up area 1578(146.6 sq.m.)Carpet area: 1400 sq.ft. (130.06 sq.m.),3,3,2,8,North-East,Relatively New,1578,,1400,0,0,0,1,0,1,174
flat,vatika the seven lamps,sector 82,1.6,6597,2425,Super Built up area 2425(225.29 sq.m.),4,5,3+,8,South-West,Relatively New,2425,,,0,1,0,0,0,0,133
flat,rof ananda,sector 95,0.33,60,55000,Carpet area: 54917 (5101.96 sq.m.),2,2,1,13,South-West,Relatively New,,,54917,0,0,0,0,0,0,37
house,independent,sector 2,4.95,20370,2430,Plot area 270(225.75 sq.m.),6,5,3+,3,West,Relatively New,,2430,,0,1,0,0,0,0,91
flat,godrej,sector 79,1.91,8511,2244,Super Built up area 2244(208.47 sq.m.),3,4,3+,7,North-East,Relatively New,2244,,,0,1,0,0,0,0,158
flat,signature global park,sohna road,0.56,6812,822,Carpet area: 822 (76.37 sq.m.),2,2,3,3,South,New Property,,,822,0,0,0,0,0,0,81
house,independent,sector 105,0.6,11102,540,Plot area 60(50.17 sq.m.),8,4,3,3,West,New Property,,540,,0,0,0,0,0,0,17
flat,experion windchants,sector 112,4.75,12622,3763,Super Built up area 3763(349.59 sq.m.),3,5,3+,4,West,Relatively New,3763,,,0,1,0,0,0,1,42
house,international city by sobha phase 1,sector 109,12,20000,6000,Plot area 8000(743.22 sq.m.)Built Up area: 7000 sq.ft. (650.32 sq.m.)Carpet area: 6000 sq.ft. (557.42 sq.m.),5,6,3,2,North-East,Relatively New,,7000,6000,1,1,0,0,0,1,154
house,independent,sector 45,17,37777,4500,Plot area 4500(418.06 sq.m.),5,8,3+,3,North-East,Relatively New,,4500,,1,1,1,1,0,2,152
flat,shapoorji pallonji joyville gurugram,sector 102,0.95,10383,915,Built Up area: 915 (85.01 sq.m.)Carpet area: 858 sq.ft. (79.71 sq.m.),2,2,2,14,North-West,Undefined,,915,858,0,0,0,0,0,0,0
flat,ild grand centra,sector 37,0.95,5220,1820,Built Up area: 1820 (169.08 sq.m.),3,1,0,0,,Undefined,,1820,,0,0,0,0,0,0,0
flat,m3m golfestate,sector 79,1.4,10000,1400,Carpet area: 1400 (130.06 sq.m.),2,2,2,4,East,Undefined,,,1400,1,1,1,0,0,2,83
flat,the close north,sector 50,2.65,10685,2480,Super Built up area 2480(230.4 sq.m.)Built Up area: 2470 sq.ft. (229.47 sq.m.)Carpet area: 2000 sq.ft. (185.81 sq.m.),3,4,3+,6,North,Moderately Old,2480,2470,2000,0,1,0,0,0,1,174
flat,experion windchants,sector 112,4.25,11294,3763,Super Built up area 3763(349.59 sq.m.)Built Up area: 3000 sq.ft. (278.71 sq.m.)Carpet area: 2800 sq.ft. (260.13 sq.m.),3,5,2,15,South,Relatively New,3763,3000,2800,0,1,0,1,0,0,72
flat,central park resorts,sector 48,5.15,20900,2464,Super Built up area 2464(228.91 sq.m.)Built Up area: 2364 sq.ft. (219.62 sq.m.)Carpet area: 2264 sq.ft. (210.33 sq.m.),3,3,3+,8,North-West,Moderately Old,2464,2364,2264,0,1,0,0,0,2,53
house,international city by sobha phase 2,sector 109,7,12963,5400,Plot area 600(501.68 sq.m.),4,4,3+,2,West,Relatively New,,5400,,0,0,0,0,0,1,102
flat,the cocoon,dwarka expressway,2,13333,1500,Super Built up area 1500(139.35 sq.m.),3,3,3,5,,New Property,1500,,,0,0,0,0,0,0,0
flat,emaar palm gardens,sector 83,1.75,9210,1900,Super Built up area 1900(176.52 sq.m.)Carpet area: 1240.04 sq.ft. (115.2 sq.m.),3,3,3+,11,East,Relatively New,1900,,1240.04,0,1,0,0,0,0,120
flat,signature global city 92,sector 92,0.78,8047,969,Super Built up area 1197(111.2 sq.m.),2,2,2,2,,New Property,1197,,,0,0,0,0,0,1,47
house,independent,sohna road,0.5,5555,900,Plot area 900(83.61 sq.m.),2,1,2,1,,Moderately Old,,900,,0,0,0,0,0,0,0
flat,puri emerald bay,sector 104,2.6,15160,1715,Super Built up area 2450(227.61 sq.m.)Carpet area: 1715 sq.ft. (159.33 sq.m.),3,4,3+,5,,Relatively New,2450,,1715,1,1,0,0,0,0,81
flat,dlf regal gardens,sector 90,1.26,7403,1702,Super Built up area 1702(158.12 sq.m.)Carpet area: 1500 sq.ft. (139.35 sq.m.),3,3,3,6,North-East,Relatively New,1702,,1500,0,0,0,0,1,1,28
flat,experion windchants,sector 112,3.1,20666,1500,Carpet area: 1500 (139.35 sq.m.),2,2,3,9,,Relatively New,,,1500,1,1,1,0,0,1,80
flat,ireo the corridors,sector 67a,2,11428,1750,Super Built up area 1750(162.58 sq.m.),3,3,3,12,,New Property,1750,,,1,0,0,0,0,0,38
flat,sare green parc,sector 92,0.75,4820,1556,Built Up area: 1556 (144.56 sq.m.)Carpet area: 1261 sq.ft. (117.15 sq.m.),3,2,2,16,,Undefined,,1556,1261,0,0,0,0,0,0,0
flat,zara aavaas,sector 104,0.49,6577,745,Super Built up area 745(69.21 sq.m.)Carpet area: 645 sq.ft. (59.92 sq.m.),3,2,2,7,,Under Construction,745,,645,0,0,0,0,0,0,74
flat,mvn athens,sohna road,0.26,5397,482,Carpet area: 481.73 (44.75 sq.m.),2,2,1,5,,Relatively New,,,481.684525,0,0,0,0,0,0,95
flat,birla navya,sector 63a,2.1,16666,1260,Carpet area: 1260 (117.06 sq.m.),2,2,2,2,,Under Construction,,,1260,0,0,0,0,0,0,38
flat,emaar mgf emerald floors premier,sector 65,2.24,13575,1650,Carpet area: 1650 (153.29 sq.m.),3,3,3,2,North-West,Relatively New,,,1650,1,1,0,0,0,0,46
flat,bptp terra,sector 37d,1.55,8558,1811,Super Built up area 1811(168.25 sq.m.),3,3,3+,11,South,Relatively New,1811,,,0,0,0,0,0,0,79
flat,godrej air,sector 85,1.8,13136,1370,Carpet area: 127.3,3,3,3,30,,Under Construction,,,127.3,0,0,0,0,0,0,45
house,independent,sector 47,4.6,26620,1728,Plot area 192(160.54 sq.m.),7,6,3+,4,,Moderately Old,,1728,,0,0,0,0,0,2,51
house,independent,sector 2,5.7,22634,2518,Plot area 270(225.75 sq.m.),9,9,3+,3,North-East,Moderately Old,,2430,,0,0,0,1,0,1,0
flat,the serenas,sector 36,0.42,7910,531,Carpet area: 531 (49.33 sq.m.),2,2,1,3,,Undefined,,,531,0,0,0,0,0,0,0
flat,indiabulls centrum park,sector 103,1.35,7541,1790,Super Built up area 1790(166.3 sq.m.),3,3,3+,3,North-East,Relatively New,1790,,,1,0,0,0,0,1,168
flat,ss the leaf,sector 85,1.04,5973,1741,Super Built up area 1741(161.74 sq.m.),2,3,3+,4,West,Relatively New,1741,,,0,0,1,0,0,0,113
flat,emaar gurgaon greens,sector 102,1.45,8787,1650,Super Built up area 1650(153.29 sq.m.),3,3,3,7,North-East,Relatively New,1650,,,0,1,0,0,0,0,159
flat,smart world orchard,sector 61,1.5,12500,1200,Carpet area: 1200 (111.48 sq.m.),2,2,2,2,North,Under Construction,,,1200,1,0,0,0,0,0,49
flat,bptp terra,sector 37d,1.65,7530,2191,Super Built up area 2191(203.55 sq.m.)Built Up area: 2091 sq.ft. (194.26 sq.m.)Carpet area: 1991 sq.ft. (184.97 sq.m.),4,3,3+,6,West,Relatively New,2191,2091,1991,0,0,0,0,0,1,149
flat,sagar apartment,sector 56,1.45,7250,2000,Super Built up area 2000(185.81 sq.m.)Built Up area: 1900 sq.ft. (176.52 sq.m.)Carpet area: 1800 sq.ft. (167.23 sq.m.),3,3,3+,7,South,Old Property,2000,1900,1800,1,1,0,1,1,0,166
flat,m3m golfestate,sector 65,4.95,15906,3112,Super Built up area 3112(289.11 sq.m.),3,3,3,10,North,Relatively New,3112,,,0,1,0,0,0,1,82
flat,dlf royalton tower,sector 43,6.2,20687,2997,Super Built up area 2997(278.43 sq.m.),4,4,3+,9,,Moderately Old,2997,,,0,1,0,0,0,0,7
flat,vipul lavanya,sector 81,0.65,5265,1235,Super Built up area 1225(113.81 sq.m.)Carpet area: 776 sq.ft. (72.09 sq.m.),2,2,2,14,,Moderately Old,1225,,776,0,0,0,0,0,0,96
flat,vatika city,sector 49,2.65,11770,2251,Super Built up area 2251.42(209.16 sq.m.)Built Up area: 1750.75 sq.ft. (162.65 sq.m.),3,4,3,11,East,Moderately Old,2251.42,1750.75,,0,1,0,1,0,1,140
flat,imt view society,manesar,0.95,3653,2601,Super Built up area 2600(241.55 sq.m.)Carpet area: 1900 sq.ft. (176.52 sq.m.),3,4,3,6,South-East,Moderately Old,2600,,1900,0,1,0,0,0,0,81
flat,la vida by tata housing,sector 113,1.5,11755,1276,Carpet area: 1276 (118.54 sq.m.),2,2,2,13,,New Property,,,1276,0,0,0,0,0,0,71
flat,smart world gems,sector 89,1.2,8433,1423,Built Up area: 1423 (132.2 sq.m.)Carpet area: 920 sq.ft. (85.47 sq.m.),3,3,2,2,East,Undefined,,1423,920,0,0,0,0,0,0,45
flat,umang winter hills,sector 77,0.71,5305,1338,Super Built up area 1342(124.68 sq.m.)Carpet area: 810 sq.ft. (75.25 sq.m.),2,2,2,6,North-West,Relatively New,1342,,810,1,0,0,0,0,0,108
flat,tulip violet,sector 69,1.78,8855,2010,Super Built up area 2010(186.74 sq.m.),4,4,2,10,North-East,Relatively New,2010,,,0,0,0,1,0,1,156
house,independent,sector 26,13.5,29880,4518,Plot area 502(419.74 sq.m.),5,5,3+,2,North-East,Relatively New,,4518,,1,1,0,1,1,2,49
house,emaar mgf marbella,sector 66,9,21251,4235,Plot area 5605(520.72 sq.m.)Built Up area: 5200 sq.ft. (483.1 sq.m.)Carpet area: 4235 sq.ft. (393.44 sq.m.),4,4,3+,,South-West,Relatively New,,5200,4235,0,1,1,1,0,1,114
flat,vatika xpressions,sector 88,0.92,7360,1250,Super Built up area 1350(125.42 sq.m.)Built Up area: 1300 sq.ft. (120.77 sq.m.)Carpet area: 1250 sq.ft. (116.13 sq.m.),2,2,2,3,North,Relatively New,1350,1300,1250,0,0,0,1,0,0,174
flat,dlf new town heights,sector 90,1.25,6502,1922,Super Built up area 1930(179.3 sq.m.)Built Up area: 1929 sq.ft. (179.21 sq.m.)Carpet area: 1928 sq.ft. (179.12 sq.m.),3,3,3+,5,North,Relatively New,1930,1929,1928,0,1,0,1,0,0,127
house,huda,sector 38,3.5,24005,1458,Plot area 162(135.45 sq.m.)Built Up area: 161 sq.yards (134.62 sq.m.)Carpet area: 160 sq.yards (133.78 sq.m.),3,2,3,2,East,Moderately Old,,161,160,0,0,1,0,0,1,85
house,sushant lok 1 builder floors,sector 43,1.95,10077,1935,Plot area 215(179.77 sq.m.),3,4,3+,4,West,New Property,,1935,,0,1,0,0,0,1,78
flat,vatika gurgaon,sector 83,1.1,6051,1818,Super Built up area 1735(161.19 sq.m.),3,3,3,12,North,Relatively New,1735,,,0,1,0,0,0,1,66
flat,conscient heritage max,sector 102,2.15,10004,2149,Super Built up area 2149(199.65 sq.m.),3,4,3+,18,South,Relatively New,2149,,,1,1,0,0,0,1,134
flat,unitech fresco,sector 50,1.14,8532,1336,Super Built up area 1336(124.12 sq.m.)Built Up area: 1330 sq.ft. (123.56 sq.m.)Carpet area: 1100 sq.ft. (102.19 sq.m.),2,2,2,19,East,Moderately Old,1336,1330,1100,0,0,0,0,1,1,174
flat,godrej nature plus serenity,sector 33,1.45,8677,1671,Super Built up area 1671(155.24 sq.m.),3,2,3,3,South,Under Construction,1671,,,0,0,0,0,0,0,49
flat,ats tourmaline,sector 109,1.4,8000,1750,Super Built up area 1750(162.58 sq.m.),3,3,3+,9,East,Relatively New,1750,,,0,0,0,0,0,0,95
flat,eldeco accolade,sector 33,1.2,8043,1492,Built Up area: 1492 (138.61 sq.m.)Carpet area: 849 sq.ft. (78.87 sq.m.),2,2,2,0,,Undefined,,1492,849,0,0,0,0,0,0,56
flat,godrej oasis,sector 88a,2.65,16747,1582,Carpet area: 124,3,3,3+,10,,New Property,,,124,0,0,0,0,0,0,110
flat,satya the hermitage,sector 103,0.99,6655,1488,Super Built up area 1991(184.97 sq.m.)Carpet area: 1495 sq.ft. (138.89 sq.m.),3,4,3+,2,North-East,Relatively New,1991,,1495,0,1,0,1,0,0,174
flat,ambience caitriona,sector 24,14,200000,700,Built Up area: 700 (65.03 sq.m.),4,5,3,3,East,Undefined,,700,,0,0,0,0,0,0,0
flat,ansal harmony homes,sector 57,1.12,10666,1050,Super Built up area 1050(97.55 sq.m.),2,2,1,0,,Old Property,1050,,,0,0,0,0,0,0,72
house,ansals florence villa,sector 57,3.3,19820,1665,Plot area 185(154.68 sq.m.),4,3,3+,2,East,Moderately Old,,1665,,1,1,1,1,0,0,151
flat,tulip violet,sector 69,1.55,9822,1578,Super Built up area 1578(146.6 sq.m.),3,3,2,0,West,Relatively New,1578,,,0,0,0,1,0,1,129
flat,smart world orchard,sector 61,1.7,15000,1133,Carpet area: 1150 (106.84 sq.m.),2,2,2,4,,Under Construction,,,1150,0,0,0,0,0,0,24
flat,signature the roselia,sector 95,0.45,7908,569,Carpet area: 569 (52.86 sq.m.),2,2,2,2,East,New Property,,,569,0,0,0,0,0,1,31
flat,sbtl caladium,sector 109,1.35,7180,1880,Super Built up area 1880(174.66 sq.m.)Carpet area: 1128 sq.ft. (104.79 sq.m.),3,2,3+,12,West,Relatively New,1880,,1128,0,0,0,0,0,0,128
flat,emaar gurgaon greens,sector 102,1.35,10800,1250,Super Built up area 1650(153.29 sq.m.)Built Up area: 1400 sq.ft. (130.06 sq.m.)Carpet area: 1250 sq.ft. (116.13 sq.m.),3,4,3+,9,North-East,Relatively New,1650,1400,1250,0,1,0,1,0,1,174
flat,awho shanti vihar,sector 95,0.8,8888,900,Super Built up area 900(83.61 sq.m.)Carpet area: 550 sq.ft. (51.1 sq.m.),2,2,3,9,East,New Property,900,,550,1,0,0,0,0,0,67
flat,raheja navodaya,sector 92,0.85,4271,1990,Super Built up area 1990(184.88 sq.m.),3,3,3,2,North-West,Relatively New,1990,,,0,0,0,0,0,0,100
flat,dlf new town heights,sector 90,1.99,7297,2727,Carpet area: 2727 (253.35 sq.m.),4,4,3+,9,East,Relatively New,,,2727,0,1,0,1,0,1,102
flat,sbtl caladium,sector 109,1.7,6679,2545,Super Built up area 2545(236.44 sq.m.),3,3,3+,9,North-East,Relatively New,2545,,,0,1,0,0,0,0,159
flat,valley view estate,gwal pahari,1.5,7489,2003,Super Built up area 2000(185.81 sq.m.)Built Up area: 1850 sq.ft. (171.87 sq.m.)Carpet area: 1650 sq.ft. (153.29 sq.m.),4,4,3+,10,North-East,Moderately Old,2000,1850,1650,0,0,0,0,0,0,58
flat,signature global the millennia 3,sector 37d,0.45,7627,590,Carpet area: 590 (54.81 sq.m.),2,3,2,8,,Under Construction,,,590,0,0,0,0,0,0,8
house,independent,sector 56,8,9654,8287,Plot area 362(33.63 sq.m.)Built Up area: 8286 sq.ft. (769.79 sq.m.),10,10,3+,4,,Relatively New,,8286,,1,1,0,1,0,2,107
flat,kendriya vihar,sector 56,0.58,9586,605,Carpet area: 605 (56.21 sq.m.),1,1,1,1,,Old Property,,,605,0,0,0,0,0,0,77
flat,green court,sector 90,0.5,8333,600,Super Built up area 700(65.03 sq.m.)Carpet area: 600 sq.ft. (55.74 sq.m.),2,2,1,8,,New Property,700,,600,0,0,0,0,0,0,42
flat,conscient heritage max,sector 102,2,9306,2149,Super Built up area 2149(199.65 sq.m.)Built Up area: 1900 sq.ft. (176.52 sq.m.)Carpet area: 1650 sq.ft. (153.29 sq.m.),3,4,3+,13,North-East,Relatively New,2149,1900,1650,1,1,0,0,0,1,174
flat,kendriya vihar,sector 56,0.65,8609,755,Carpet area: 755 (70.14 sq.m.),1,1,1,0,,Moderately Old,,,755,0,0,0,0,0,0,143
flat,signature the serenas,sohna road,0.42,7909,531,Carpet area: 531 (49.33 sq.m.),2,2,1,12,,New Property,,,531,0,0,0,0,0,0,54
flat,awho shanti vihar,sector 95,0.82,9879,830,Super Built up area 1400(130.06 sq.m.)Carpet area: 830 sq.ft. (77.11 sq.m.),2,2,3+,13,East,New Property,1400,,830,1,0,0,0,0,0,114
flat,paras dews,sector 106,1.15,6052,1900,Super Built up area 1900(176.52 sq.m.)Built Up area: 1305 sq.ft. (121.24 sq.m.)Carpet area: 1173 sq.ft. (108.98 sq.m.),3,4,3,5,North-West,Relatively New,1900,1305,1173,1,1,0,0,0,0,49
flat,ambience creacions,sector 22,4.3,13915,3090,Super Built up area 3090(287.07 sq.m.)Built Up area: 2600 sq.ft. (241.55 sq.m.)Carpet area: 2100 sq.ft. (195.1 sq.m.),3,4,3+,6,South-West,Relatively New,3090,2600,2100,0,1,0,0,1,2,120
flat,aipl the peaceful homes,sector 70a,2.5,11627,2150,Super Built up area 2150(199.74 sq.m.)Carpet area: 1350 sq.ft. (125.42 sq.m.),3,3,3+,15,North-East,Relatively New,2150,,1350,0,0,0,0,1,1,174
flat,indiabulls centrum park,sector 103,1.65,8250,2000,Super Built up area 2000(185.81 sq.m.)Carpet area: 1400 sq.ft. (130.06 sq.m.),3,3,3+,15,,Relatively New,2000,,1400,1,0,0,0,0,0,38
flat,godrej aria,sector 79,1.45,9062,1600,Super Built up area 1495(138.89 sq.m.)Built Up area: 1494 sq.ft. (138.8 sq.m.),2,2,3+,9,East,Relatively New,1495,1494,,1,0,0,0,0,0,113
flat,shreeram apartment ii,sector 4,0.21,4666,450,Carpet area: 450 (41.81 sq.m.),1,1,1,2,,Relatively New,,,450,0,0,0,0,0,0,7
flat,ild greens,sector 37,0.75,5245,1430,Built Up area: 1430 (132.85 sq.m.),2,2,3+,13,East,Undefined,,1430,,0,0,0,0,0,0,51
flat,emaar palm gardens,sector 83,1.48,7789,1900,Super Built up area 1900(176.52 sq.m.)Carpet area: 1240.04 sq.ft. (115.2 sq.m.),3,3,3,7,East,Relatively New,1900,,1240.04,0,1,0,0,0,0,66
flat,central park 2 bellevue,sector 48,5,11627,4300,Carpet area: 4300 (399.48 sq.m.),3,4,3,14,North-East,Moderately Old,,,4300,0,0,0,0,0,0,82
flat,essel tower,sector 28,2.2,12500,1760,Carpet area: 1760 (163.51 sq.m.),3,4,3+,3,,Moderately Old,,,1760,0,1,0,0,0,2,0
flat,eldeco accolade,sohna road,0.85,6724,1264,Super Built up area 1264(117.43 sq.m.)Carpet area: 730 sq.ft. (67.82 sq.m.),2,2,3,10,,New Property,1264,,730,0,0,0,0,0,0,72
flat,shree vardhman victoria,sector 70,1.64,8410,1950,Super Built up area 1950(181.16 sq.m.)Carpet area: 1161 sq.ft. (107.86 sq.m.),3,5,3,8,North-East,Relatively New,1950,,1161,0,1,0,0,0,0,126
flat,puri diplomatic greens,sector 111,3.45,11694,2950,Super Built up area 2950(274.06 sq.m.),4,5,3+,9,North-East,Relatively New,2950,,,0,1,0,0,0,0,68
flat,ild greens,sector 37,0.9,5614,1603,Super Built up area 1603(148.92 sq.m.)Built Up area: 1500 sq.ft. (139.35 sq.m.),3,3,3,0,North-East,Under Construction,1603,1500,,0,0,0,0,0,0,66
flat,rof ananda,sector 95,0.31,5644,549,Carpet area: 549.16 (51.02 sq.m.),2,2,1,5,North,Relatively New,,,549.174178,0,0,0,1,0,1,74
flat,breez global heights,sohna road,0.46,4842,950,Super Built up area 950(88.26 sq.m.)Built Up area: 800 sq.ft. (74.32 sq.m.)Carpet area: 700 sq.ft. (65.03 sq.m.),2,2,2,4,North-East,Relatively New,950,800,700,0,0,0,0,0,2,93
flat,m3m one key resiments,sector 67,0.8,13115,610,Built Up area: 610 (56.67 sq.m.),1,1,0,0,,Undefined,,610,,0,0,0,0,0,0,0
flat,orchid petals,sector 49,1.9,10526,1805,Carpet area: 1805 (167.69 sq.m.),3,3,3,9,North-West,Moderately Old,,,1805,0,1,0,0,0,1,95
flat,central park flower valley,sector 33,2.2,10476,2100,Super Built up area 2100(195.1 sq.m.),3,3,3,12,North-East,New Property,2100,,,0,1,0,0,0,1,49
flat,bestech park view ananda,sector 81,1.35,7541,1790,Super Built up area 1790(166.3 sq.m.)Carpet area: 1130 sq.ft. (104.98 sq.m.),3,3,3+,10,North-East,Moderately Old,1790,,1130,0,0,1,0,0,1,72
house,dlf city phase 1,sector 26,5.5,30556,1800,Plot area 200(167.23 sq.m.),4,4,3,2,North-East,Moderately Old,,1800,,1,1,0,1,0,0,69
flat,smart world orchard,sector 61,1.6,13913,1150,Carpet area: 1150 (106.84 sq.m.),2,2,2,3,East,New Property,,,1150,1,0,0,0,0,0,122
house,independent,sector 12,6,315789,190,Plot area 190(17.65 sq.m.)Carpet area: 1600 sq.ft. (148.64 sq.m.),9,6,2,2,North-East,Old Property,,,1600,0,0,0,0,0,0,0
flat,la vida by tata housing,sector 113,3.35,12444,2692,Carpet area: 2692 (250.09 sq.m.),4,4,3+,11,North-East,Relatively New,,,2692,1,1,0,0,0,1,174
house,vipul tatvam villa,sector 48,7.8,23148,3370,Plot area 360(301.01 sq.m.),4,4,3+,2,North-East,Relatively New,,3240,,1,1,1,1,0,1,145
flat,ansal housing highland park,sector 103,0.8,5878,1361,Built Up area: 1361 (126.44 sq.m.)Carpet area: 1300 sq.ft. (120.77 sq.m.),2,2,2,9,South-East,Undefined,,1361,1300,0,0,0,0,0,0,0
flat,mapsko mount ville,sector 79,1.3,8024,1620,Super Built up area 1620(150.5 sq.m.)Carpet area: 863.91 sq.ft. (80.26 sq.m.),3,3,3+,1,North-East,Relatively New,1620,,863.91,0,0,0,0,0,1,140
flat,essel towers,sector 14,2.2,12500,1760,Carpet area: 1760 (163.51 sq.m.),3,4,3+,3,,Undefined,,,1760,0,0,0,0,0,0,0
flat,sare homes,sector 92,0.8,5252,1523,Carpet area: 1523 (141.49 sq.m.),3,3,3,7,North-West,Relatively New,,,1523,1,0,0,0,0,1,80
flat,experion the heartsong,sector 108,1.36,6542,2079,Super Built up area 1758(163.32 sq.m.)Carpet area: 986 sq.ft. (91.6 sq.m.),3,2,3+,2,,Relatively New,1758,,986,1,1,0,0,0,1,77
flat,ramprastha the edge towers,sector 37d,1.1,5528,1990,Built Up area: 1990 (184.88 sq.m.),3,3,3,9,,Undefined,,1990,,0,0,0,0,0,0,63
house,independent,sector 31,4.6,32258,1426,Built Up area: 1426 (132.48 sq.m.)Carpet area: 1069 sq.ft. (99.31 sq.m.),2,2,2,2,East,Undefined,,1426,1069,0,0,0,0,0,0,0
flat,m3m skycity,sector 65,2,15267,1310,Super Built up area 1310(121.7 sq.m.),2,2,2,16,East,New Property,1310,,,0,0,0,0,0,1,174
flat,ansal heights,sector 92,0.72,4500,1600,Super Built up area 1935(179.77 sq.m.)Built Up area: 1700 sq.ft. (157.94 sq.m.)Carpet area: 1600 sq.ft. (148.64 sq.m.),3,3,3,9,South-West,Relatively New,1935,1700,1600,0,1,0,0,0,0,49
flat,emaar palm gardens,sector 83,1.76,9263,1900,Super Built up area 1900(176.52 sq.m.)Built Up area: 1600 sq.ft. (148.64 sq.m.)Carpet area: 1240.04 sq.ft. (115.2 sq.m.),3,3,3,5,South-East,Relatively New,1900,1600,1240.04,0,1,0,0,0,1,174
flat,birla navya,sector 63a,3.23,26875,1202,Super Built up area 2150(199.74 sq.m.)Carpet area: 1200 sq.ft. (111.48 sq.m.),3,3,3,4,West,New Property,2150,,1200,0,1,0,0,0,0,52
flat,bestech park view grand spa,sector 81,4.2,10000,4200,Super Built up area 4200(390.19 sq.m.)Carpet area: 2900 sq.ft. (269.42 sq.m.),4,4,3+,25,South,Relatively New,4200,,2900,0,1,0,0,0,1,90
house,independent,sector 7,3.85,14650,2628,Plot area 292(244.15 sq.m.),4,4,3,3,North-West,Old Property,,2628,,0,0,0,0,0,0,27
flat,puri emerald bay,sector 104,1.8,8823,2040,Super Built up area 1700(157.94 sq.m.),2,3,3,23,,New Property,1700,,,0,1,0,0,0,0,36
house,independent,sector 8,1.6,28674,558,Plot area 62(51.84 sq.m.),4,6,1,3,,Relatively New,,558,,0,0,0,0,0,0,0
house,emaar mgf marbella,sector 66,8.7,38667,2250,Plot area 250(209.03 sq.m.)Built Up area: 267 sq.yards (223.25 sq.m.),4,5,2,3,East,New Property,,267,,1,1,0,0,0,0,144
flat,kiran residency,sector 56,1.5,7500,2000,Super Built up area 2000(185.81 sq.m.)Built Up area: 1900 sq.ft. (176.52 sq.m.)Carpet area: 1800 sq.ft. (167.23 sq.m.),3,3,3+,4,North,Relatively New,2000,1900,1800,0,1,0,0,0,1,126
house,shree krishna homes,sector 104,0.48,50000,96,Plot area 80(7.43 sq.m.)Built Up area: 795 sq.ft. (73.86 sq.m.)Carpet area: 720 sq.ft. (66.89 sq.m.),2,2,1,1,North-East,New Property,,795,720,1,0,0,1,1,0,44
flat,mapsko mount ville,sector 79,1.2,8053,1490,Super Built up area 1490(138.43 sq.m.)Carpet area: 863.91 sq.ft. (80.26 sq.m.),3,3,3+,24,East,Relatively New,1490,,863.91,0,0,0,0,0,1,135
house,independent,sector 11,0.95,7308,1300,Built Up area: 1300 (120.77 sq.m.),5,3,0,1,,Undefined,,1300,,0,0,0,0,0,0,0
flat,ss,sector 85,2.17,7716,2812,Super Built up area 2812(261.24 sq.m.)Built Up area: 2600 sq.ft. (241.55 sq.m.)Carpet area: 2400 sq.ft. (222.97 sq.m.),4,4,3,7,North,Relatively New,2812,2600,2400,1,1,0,1,0,0,49
flat,pareena coban residences,sector 99,1.38,7150,1930,Super Built up area 2352(218.51 sq.m.)Built Up area: 2150 sq.ft. (199.74 sq.m.)Carpet area: 1930 sq.ft. (179.3 sq.m.),4,5,3+,1,South-East,Relatively New,2352,2150,1930,0,1,0,0,1,0,49
flat,shree vardhman flora,sector 90,0.65,4961,1310,Super Built up area 1300(120.77 sq.m.)Built Up area: 1225 sq.ft. (113.81 sq.m.)Carpet area: 1075 sq.ft. (99.87 sq.m.),2,2,3,11,North-West,Relatively New,1300,1225,1075,1,0,0,0,0,1,49
house,landmark house,sector 43,2.75,25463,1080,Plot area 120(100.34 sq.m.),3,3,1,2,South-East,Moderately Old,,1080,,0,0,0,1,0,0,21
house,dlf city plots,sector 26,26,57206,4545,Plot area 505(422.24 sq.m.),6,7,3+,2,North-East,New Property,,4545,,1,1,0,1,1,1,138
flat,bestech park view city,sector 49,3,12589,2383,Super Built up area 2383(221.39 sq.m.)Built Up area: 2200 sq.ft. (204.39 sq.m.)Carpet area: 2000 sq.ft. (185.81 sq.m.),4,4,3,5,North-East,Moderately Old,2383,2200,2000,0,1,0,1,0,1,141
flat,emaar mgf emerald floors premier,sector 65,2.8,16969,1650,Carpet area: 1650 (153.29 sq.m.),3,3,3+,3,,Relatively New,,,1650,1,1,0,0,0,1,38
flat,the penthouses at the hibiscus,sector 50,8,8888,9001,Carpet area: 9000 (836.13 sq.m.),4,3,3,7,South-East,Moderately Old,,,9000,0,1,0,0,0,0,35
flat,m3m skycity,sector 65,2.8,15317,1828,Built Up area: 1828 (169.83 sq.m.),3,3,0,14,,Undefined,,1828,,0,0,0,0,0,0,39
house,independent,sector 57,7.25,26852,2700,Plot area 300(250.84 sq.m.),9,9,3+,2,North-East,New Property,,2700,,0,1,0,1,1,1,49
house,independent,sector 28,11.25,34722,3240,Plot area 360(301.01 sq.m.),9,9,3+,2,North,Moderately Old,,3240,,0,1,1,1,0,1,126
house,experion windchants,sector 112,7.99,12519,6382,Built Up area: 6382 (592.91 sq.m.),4,6,3,2,South-East,New Property,,6382,,0,1,1,1,0,1,129
flat,experion windchants,sector 112,3.4,12134,2802,Super Built up area 2802(260.31 sq.m.)Built Up area: 2225.56 sq.ft. (206.76 sq.m.),3,3,2,14,North-East,Relatively New,2802,2225.56,,0,0,0,0,0,1,159
house,independent,sector 7,8,22222,3600,Plot area 400(334.45 sq.m.),4,5,3+,1,North-East,Old Property,,3600,,1,1,0,1,0,0,31
flat,m3m woodshire,sector 107,1.2,6176,1943,Super Built up area 1943(180.51 sq.m.)Built Up area: 1750 sq.ft. (162.58 sq.m.)Carpet area: 1550 sq.ft. (144 sq.m.),3,3,3,7,South,Relatively New,1943,1750,1550,0,0,0,0,0,1,49
flat,emaar mgf emerald floors premier,sector 65,2.25,13636,1650,Super Built up area 1650(153.29 sq.m.),3,3,3+,3,South,Relatively New,1650,,,1,1,0,0,0,0,152
flat,shapoorji pallonji joyville gurugram,sector 102,0.97,16454,590,Super Built up area 915(85.01 sq.m.)Carpet area: 589.49 sq.ft. (54.77 sq.m.),2,2,2,10,North-East,Relatively New,915,,589.49,0,0,0,0,0,0,151
house,independent,sector 11,1.8,8078,2228,Carpet area: 2228 (206.99 sq.m.),8,5,2,1,South,Undefined,,,2228,0,0,0,0,0,0,0
flat,raheja navodaya,sector 92,1.1,4681,2350,Built Up area: 2350 (218.32 sq.m.)Carpet area: 1850 sq.ft. (171.87 sq.m.),3,2,3,0,East,Undefined,,2350,1850,0,0,0,0,0,0,0
flat,rof ananda,sector 95,0.21,61,34426,Carpet area: 34401 (3195.96 sq.m.),1,1,1,13,North,Relatively New,,,34401,0,0,0,0,0,0,68
flat,prasha apartments,manesar,0.75,3309,2267,Super Built up area 2115(196.49 sq.m.),3,3,3+,3,West,Moderately Old,2115,,,0,1,0,0,0,0,31
flat,apartment,sector 92,0.75,4687,1600,Carpet area: 1600 (148.64 sq.m.),3,4,3,2,East,Moderately Old,,,1600,1,0,0,0,0,0,113
house,independent,sector 105,1.35,3857,3500,Built Up area: 3500 (325.16 sq.m.)Carpet area: 2500 sq.ft. (232.26 sq.m.),5,3,3,3,East,Undefined,,3500,2500,0,0,0,0,0,0,0
flat,ambience creacions,sector 22,6.16,20533,3000,Carpet area: 3000 (278.71 sq.m.),4,5,3+,10,South-East,New Property,,,3000,0,1,0,1,0,1,49
flat,ireo victory valley,sector 67,4.55,14536,3130,Super Built up area 3130(290.79 sq.m.),4,4,3+,19,South,Relatively New,3130,,,0,1,0,0,0,1,156
flat,hsiidc sidco shivalik apartments,manesar,0.48,3840,1250,Super Built up area 1250(116.13 sq.m.)Carpet area: 770 sq.ft. (71.54 sq.m.),2,2,3,7,South,Moderately Old,1250,,770,0,0,0,0,0,0,88
house,independent,sector 41,11,33951,3240,Plot area 360(301.01 sq.m.),4,4,2,3,East,New Property,,3240,,1,1,0,1,0,1,35
house,independent,sector 43,7.5,38760,1935,Plot area 215(179.77 sq.m.),12,12,3+,4,East,New Property,,1935,,1,1,1,1,0,1,72
flat,nbcc heights,sector 89,0.75,6578,1140,Super Built up area 1140(105.91 sq.m.),2,2,2,6,,Moderately Old,1140,,,0,0,0,0,0,0,0
flat,pyramid urban homes 2,sector 86,0.5,8319,601,Carpet area: 601 (55.83 sq.m.),2,2,1,2,East,Relatively New,,,601,0,0,0,0,0,0,35
house,independent,sector 39,0.34,7555,450,Built Up area: 450 (41.81 sq.m.),1,1,1,1,,Undefined,,450,,0,0,0,0,0,0,0
flat,ss the leaf,sector 85,1.06,6343,1671,Super Built up area 1671(155.24 sq.m.),2,2,2,12,South,Relatively New,1671,,,0,0,0,0,0,0,44
flat,godrej aria,sector 79,1.69,8522,1983,Super Built up area 1983(184.23 sq.m.),3,3,2,7,South,Relatively New,1983,,,0,0,0,0,0,0,112
flat,corona optus,sector 37,1.22,6912,1765,Super Built up area 1765(163.97 sq.m.)Built Up area: 1665 sq.ft. (154.68 sq.m.)Carpet area: 1565 sq.ft. (145.39 sq.m.),3,4,3,5,South-East,Relatively New,1765,1665,1565,0,0,0,0,0,0,149
flat,adani m2k oyster grande,sector 102,1.8,9528,1889,Super Built up area 1889(175.49 sq.m.),3,4,3,17,South-East,Relatively New,1889,,,0,1,0,0,0,0,49
flat,emaar mgf palm hills,sector 77,1.25,8620,1450,Carpet area: 1450 (134.71 sq.m.),3,4,3,1,West,Relatively New,,,1450,0,1,0,0,0,1,104
flat,ramsons kshitij,sector 95,0.22,6470,340,Super Built up area 340(31.59 sq.m.),1,1,1,2,,New Property,340,,,0,0,0,0,0,0,0
house,dlf new town heights,sector 86,2.5,7058,3542,Plot area 3400(315.87 sq.m.),4,4,3+,3,East,Moderately Old,,3400,,1,1,1,1,0,1,142
flat,bestech park view grand spa,sector 81,2.91,9136,3185,Super Built up area 3185(295.9 sq.m.)Carpet area: 2837 sq.ft. (263.57 sq.m.),4,5,2,6,North-East,Relatively New,3185,,2837,0,1,0,0,0,1,101
flat,birla navya,sector 63a,3.7,15416,2400,Carpet area: 2400 (222.97 sq.m.),3,3,3+,1,North,Under Construction,,,2400,0,0,0,0,0,0,72
house,eros rosewood villas,sector 49,2.8,15555,1800,Plot area 1530(142.14 sq.m.)Built Up area: 1900 sq.ft. (176.52 sq.m.)Carpet area: 1800 sq.ft. (167.23 sq.m.),3,3,3,2,East,Moderately Old,,1900,1800,0,0,0,1,0,0,68
flat,tulip violet,sector 69,1.4,8928,1568,Super Built up area 1568(145.67 sq.m.),3,3,1,12,North,Relatively New,1568,,,0,0,0,0,0,0,157
flat,godrej nature plus,sector 33,1.65,14335,1151,Carpet area: 1151 (106.93 sq.m.),2,2,3,1,East,Under Construction,,,1151,0,0,0,0,0,0,38
house,independent,sector 5,0.7,7007,999,Plot area 111(92.81 sq.m.),2,3,1,1,North,Relatively New,,999,,0,0,1,1,0,0,29
house,independent,sector 11,0.44,4251,1035,Carpet area: 115 (96.15 sq.m.),3,2,1,1,,Relatively New,,,115,0,0,0,1,1,0,46
flat,signature global city,sector 37d,1.1,8494,1295,Carpet area: 1295 (120.31 sq.m.),3,3,2,2,North,Under Construction,,,1295,0,0,0,0,0,0,36
flat,paras dews,sector 106,1.25,11061,1130,Super Built up area 1760(163.51 sq.m.)Built Up area: 1186 sq.ft. (110.18 sq.m.)Carpet area: 1130 sq.ft. (104.98 sq.m.),3,4,3+,7,South-East,Relatively New,1760,1186,1130,1,1,0,0,0,0,167
flat,puri emerald bay,sector 104,1.59,10903,1458,Super Built up area 1550(144 sq.m.),2,2,2,12,South,Relatively New,1550,,,0,0,0,0,0,0,121
flat,ireo uptown,sector 66,4.85,12999,3731,Super Built up area 3731(346.62 sq.m.)Built Up area: 3500 sq.ft. (325.16 sq.m.)Carpet area: 3300 sq.ft. (306.58 sq.m.),4,4,3+,15,North,Relatively New,3731,3500,3300,1,1,1,1,0,1,156
house,independent,sector 56,11.95,43534,2745,Plot area 305(255.02 sq.m.),12,12,3+,4,West,Relatively New,,2745,,0,1,0,0,0,1,21
flat,dlf the ultima,sector 81,3.45,12012,2872,Super Built up area 2872(266.82 sq.m.),4,4,3+,10,East,New Property,2872,,,0,1,0,0,0,2,165
house,independent,sector 24,3.25,30384,1070,Plot area 1069.63(99.37 sq.m.),4,4,3,3,,Old Property,,1069.63,,0,0,0,0,0,0,15
flat,experion windchants,sector 112,3.65,12312,2965,Super Built up area 2802(260.31 sq.m.)Built Up area: 2225.56 sq.ft. (206.76 sq.m.),3,4,3+,14,South,Relatively New,2802,2225.56,,0,1,0,0,0,1,150
house,independent,sector 105,0.38,76000,50,Carpet area: 50 (4.65 sq.m.),2,2,2,1,,Undefined,,,50,0,0,0,0,0,0,0
flat,gls arawali homes,sohna road,0.29,6035,481,Carpet area: 480.53 (44.64 sq.m.),2,2,2,9,East,Relatively New,,,480.500496,0,0,0,0,0,0,55
house,dlf city plots,sector 26,16,37778,4235,Plot area 500(418.06 sq.m.),4,4,3,1,,Relatively New,,500,,1,0,1,1,0,0,7
flat,paras dews,sector 106,1.35,7297,1850,Super Built up area 2355(218.79 sq.m.)Built Up area: 2100 sq.ft. (195.1 sq.m.)Carpet area: 1850 sq.ft. (171.87 sq.m.),4,4,3+,18,North-East,Relatively New,2355,2100,1850,0,1,0,1,0,1,174
flat,rof ananda,sector 95,0.38,5899,644,Carpet area: 644.12 (59.84 sq.m.),3,2,1,2,South-East,Relatively New,,,644.111776,0,0,0,1,0,1,66
flat,la vida by tata housing,sector 113,2.48,14090,1760,Super Built up area 2217(205.97 sq.m.)Built Up area: 1980 sq.ft. (183.95 sq.m.)Carpet area: 1760 sq.ft. (163.51 sq.m.),3,3,3+,8,,New Property,2217,1980,1760,0,1,0,0,0,0,79
flat,pareena coban residences,sector 99,1.35,6761,1997,Super Built up area 1997(185.53 sq.m.),3,5,3,6,,New Property,1997,,,0,1,0,0,1,0,60
flat,ansal heights 86,sector 86,0.64,4706,1360,Built Up area: 1360 (126.35 sq.m.),2,2,1,3,,New Property,,1360,,0,0,0,0,0,0,73
flat,pareena coban residences,sector 99,1.45,7260,1997,Super Built up area 1997(185.53 sq.m.),3,5,3,11,,Relatively New,1997,,,0,1,0,0,1,1,49
flat,emaar mgf emerald floors premier,sector 65,2.35,16206,1450,Super Built up area 1650(153.29 sq.m.)Built Up area: 1500 sq.ft. (139.35 sq.m.)Carpet area: 1450 sq.ft. (134.71 sq.m.),3,3,3,2,South-East,Relatively New,1650,1500,1450,1,1,0,0,0,1,64
flat,unitech fresco,sector 50,1.8,9589,1877,Super Built up area 1877(174.38 sq.m.)Built Up area: 1870 sq.ft. (173.73 sq.m.)Carpet area: 1600 sq.ft. (148.64 sq.m.),3,4,3+,6,North-East,Moderately Old,1877,1870,1600,0,1,0,0,0,1,174
flat,pivotal riddhi siddhi,sector 99,0.72,947,7603,Carpet area: 706,2,2,2,12,,Relatively New,,,706,0,0,1,0,0,0,31
flat,bestech park view residency,sector 2,1.18,7539,1565,Super Built up area 1565(145.39 sq.m.),2,2,3,5,East,Old Property,1565,,,1,0,0,0,0,0,76
flat,shree vardhman victoria,sector 70,1.65,8461,1950,Super Built up area 1950(181.16 sq.m.)Carpet area: 1161 sq.ft. (107.86 sq.m.),3,4,3,5,South-East,Relatively New,1950,,1161,0,1,0,0,1,1,49
house,bptp visionnaire,sector 70a,4.7,18008,2610,Plot area 290(242.48 sq.m.),4,4,3+,3,North-East,New Property,,2610,,0,0,0,0,1,0,35
flat,dlf new town heights,sector 86,1.3,6735,1930,Super Built up area 1930(179.3 sq.m.),3,3,3,12,North,Moderately Old,1930,,,0,1,0,0,0,1,165
flat,om apartment dayanand colony,sector 5,0.26,4373,595,Carpet area: 583 (54.16 sq.m.),1,1,1,3,North-East,Relatively New,,,583,0,0,0,0,0,0,14
flat,breez global heights,sohna road,0.25,7002,357,Super Built up area 414(38.46 sq.m.)Carpet area: 357 sq.ft. (33.17 sq.m.),1,1,1,1,,Relatively New,414,,357,0,0,0,0,0,0,57
flat,tulip violet,sector 69,1.4,8871,1578,Super Built up area 1578(146.6 sq.m.),3,3,2,11,North,Relatively New,1578,,,0,0,0,1,0,0,126
house,dlf the arbour,sector 63,8.5,21519,3950,Built Up area: 3950 (366.97 sq.m.),4,4,3+,27,,Undefined,,3950,,0,0,0,0,0,0,61
house,independent,sector 38,3.5,24306,1440,Carpet area: 160 (133.78 sq.m.),3,3,2,1,East,Relatively New,,,160,0,0,0,0,0,0,0
flat,shapoorji pallonji joyville gurugram,sector 102,2.12,11447,1852,Super Built up area 1852(172.06 sq.m.)Carpet area: 1320 sq.ft. (122.63 sq.m.),3,3,3,9,South-East,New Property,1852,,1320,0,0,0,0,0,0,109
house,row house,sector 105,0.43,9135,471,Plot area 52(43.48 sq.m.)Built Up area: 1050 sq.yards (877.93 sq.m.),3,3,3,2,,Relatively New,,1050,,0,0,0,0,0,0,0
flat,emaar mgf emerald floors premier,sector 65,2.35,14242,1650,Built Up area: 1650 (153.29 sq.m.)Carpet area: 1200 sq.ft. (111.48 sq.m.),3,3,3,2,South-West,Relatively New,,1650,1200,1,1,0,0,0,0,158
flat,trisara our homes 3,sohna road,0.4,4478,893,Built Up area: 900 (83.61 sq.m.)Carpet area: 602 sq.ft. (55.93 sq.m.),2,2,2,1,,Undefined,,900,602,0,0,0,0,0,0,0
flat,puri diplomatic greens,sector 111,2.58,11727,2200,Super Built up area 2200(204.39 sq.m.),3,4,2,9,East,Relatively New,2200,,,0,1,0,0,0,0,101
flat,shapoorji pallonji joyville gurugram,sector 102,1.95,10529,1852,Super Built up area 1852(172.06 sq.m.),3,3,3,10,North-East,Relatively New,1852,,,0,0,0,0,0,0,59
flat,bestech park view city,sector 49,2.7,12505,2159,Super Built up area 2159(200.58 sq.m.),3,4,3+,6,,Moderately Old,2159,,,0,0,0,0,0,0,0
flat,senate court,sector 62,0.9,14084,639,Built Up area: 639 (59.37 sq.m.),1,1,0,0,,Undefined,,639,,0,0,0,0,0,0,0
house,independent,sector 50,10.55,32562,3240,Plot area 360(301.01 sq.m.),5,5,3,2,,Moderately Old,,3240,,1,1,0,0,0,0,42
flat,m3m golfestate,sector 65,6.15,15998,3844,Carpet area: 3844 (357.12 sq.m.),3,5,3+,1,West,Relatively New,,,3844,0,1,0,0,0,2,49
flat,shri ram apartments,sector 4,0.36,3789,950,Carpet area: 950 (88.26 sq.m.),2,2,1,4,,Relatively New,,,950,0,0,0,0,0,0,0
flat,ss the coralwood,sector 84,1.1,5820,1890,Super Built up area 1890(175.59 sq.m.),3,3,3+,12,East,Moderately Old,1890,,,0,0,0,0,0,1,104
flat,umang monsoon breeze,sector 78,1.05,5666,1853,Built Up area: 1853 (172.15 sq.m.)Carpet area: 1390 sq.ft. (129.14 sq.m.),3,3,3,6,North,Moderately Old,,1853,1390,0,0,0,0,0,0,0
flat,gls avenue 51,sector 92,0.39,6077,642,Carpet area: 641.74 (59.62 sq.m.),3,3,3+,6,North,Relatively New,,,641.743718,0,0,0,0,0,0,104
flat,ild greens,sector 37,1,4320,2315,Super Built up area 1875(174.19 sq.m.),3,3,3+,5,North,Under Construction,1875,,,0,0,0,0,0,0,51
flat,indiabulls centrum park,sector 103,1.15,7765,1481,Super Built up area 1481(137.59 sq.m.)Built Up area: 1250 sq.ft. (116.13 sq.m.),2,2,3,8,North-East,Relatively New,1481,1250,,1,0,0,0,0,1,135
flat,ss the leaf,sector 85,1.24,7122,1741,Super Built up area 1741(161.74 sq.m.)Built Up area: 1730 sq.ft. (160.72 sq.m.)Carpet area: 1720 sq.ft. (159.79 sq.m.),2,2,3,10,West,Relatively New,1741,1730,1720,0,0,0,0,0,0,49
flat,m3m the marina,sector 68,2.22,14322,1550,Super Built up area 1550(144 sq.m.),3,2,3,4,East,Relatively New,1550,,,0,0,0,0,0,0,44
flat,raheja revanta,sector 78,4.75,16885,2813,Built Up area: 2813 (261.34 sq.m.),3,3,2,31,,Under Construction,,2813,,0,1,0,0,0,0,100
flat,bestech park view city,sector 48,1.78,10022,1776,Super Built up area 1776(165 sq.m.)Carpet area: 1300 sq.ft. (120.77 sq.m.),3,4,2,5,,Relatively New,1776,,1300,1,0,0,1,0,0,53
flat,ats kocoon,sector 109,1.7,9742,1745,Super Built up area 1745(162.12 sq.m.)Built Up area: 1550 sq.ft. (144 sq.m.)Carpet area: 1250 sq.ft. (116.13 sq.m.),3,3,3,21,West,Moderately Old,1745,1550,1250,0,0,0,0,0,0,49
flat,ireo the corridors,sector 67a,2.08,12044,1727,Super Built up area 1727(160.44 sq.m.),3,3,2,6,,Under Construction,1727,,,0,0,0,0,1,0,55
flat,signature global park 4,sector 36,0.72,6428,1120,Carpet area: 1120 (104.05 sq.m.),3,2,3,2,,Under Construction,,,1120,0,0,0,0,0,0,0
flat,godrej air,sector 85,1.35,13632,990,Carpet area: 92,2,2,3,19,,Under Construction,,,92,0,0,0,0,0,0,44
flat,emaar palm gardens,sector 83,1.73,9105,1900,Super Built up area 1900(176.52 sq.m.)Built Up area: 1600 sq.ft. (148.64 sq.m.)Carpet area: 1240.04 sq.ft. (115.2 sq.m.),3,3,3,5,West,Relatively New,1900,1600,1240.04,0,1,0,0,0,1,174
house,eldeco mansionz,sector 48,6,22222,2700,Plot area 300(250.84 sq.m.),4,4,3+,2,East,Moderately Old,,2700,,0,1,0,0,0,0,69
flat,ats triumph,sector 104,2.78,8825,3150,Super Built up area 3150(292.64 sq.m.),4,4,3+,11,South,Relatively New,3150,,,0,1,0,0,0,0,110
house,4s aradhya homes,sector 67a,1.83,6778,2700,Plot area 300(250.84 sq.m.),4,4,2,4,East,New Property,,2700,,0,0,0,1,0,1,145
house,dlf new town heights,sector 86,2.47,7718,3200,Plot area 3200(297.29 sq.m.)Built Up area: 2800 sq.ft. (260.13 sq.m.)Carpet area: 2200 sq.ft. (204.39 sq.m.),4,4,3+,,West,Moderately Old,,2800,2200,0,1,0,1,0,1,130
flat,mrg world ultimus,sector 90,0.5,6983,716,Carpet area: 716 (66.52 sq.m.),2,2,2,1,North-East,Under Construction,,,716,0,0,0,0,0,0,21
flat,dlf regal gardens,sector 90,1.13,6647,1700,Super Built up area 1730(160.72 sq.m.),3,3,3+,8,North,Relatively New,1730,,,0,0,0,0,1,0,72
flat,bestech altura,sector 79,1.85,8604,2150,Super Built up area 2150(199.74 sq.m.)Built Up area: 1650 sq.ft. (153.29 sq.m.)Carpet area: 1350 sq.ft. (125.42 sq.m.),3,3,3,7,,New Property,2150,1650,1350,0,1,0,0,0,0,53
flat,puri diplomatic greens,sector 111,5.25,11666,4500,Super Built up area 4500(418.06 sq.m.),4,6,3+,7,East,Relatively New,4500,,,0,1,0,0,0,1,134
flat,signature global orchard avenue,sector 93,0.85,14237,597,Built Up area: 597 (55.46 sq.m.),2,2,0,10,,Undefined,,597,,0,0,0,0,0,0,0
house,independent,sector 7,0.66,12000,550,Plot area 550(51.1 sq.m.),3,1,1,3,East,Relatively New,,550,,0,0,0,0,1,0,22
flat,signature global park,sohna road,0.95,7850,1210,Built Up area: 1210 (112.41 sq.m.),3,2,3+,3,East,New Property,,1210,,0,0,0,0,0,0,85
flat,signature global solera,sector 107,0.28,5828,480,Carpet area: 489 (45.43 sq.m.),2,2,2,11,South,Relatively New,,,489,0,0,0,0,0,0,45
flat,m3m heights,sector 65,2.1,16653,1261,Super Built up area 1261(117.15 sq.m.)Carpet area: 800 sq.ft. (74.32 sq.m.),2,2,3,8,,New Property,1261,,800,0,0,0,0,0,0,31
flat,bestech park view city,sector 48,2.65,10323,2567,Super Built up area 2567(238.48 sq.m.)Carpet area: 1750 sq.ft. (162.58 sq.m.),4,4,3+,11,North-East,Moderately Old,2567,,1750,1,1,0,0,0,1,174
flat,mapsko casa bella,sector 82,1.25,6377,1960,Super Built up area 1960(182.09 sq.m.),3,4,3+,8,,Under Construction,1960,,,0,0,0,0,0,0,54
flat,signature global park,sohna road,0.79,7308,1081,Super Built up area 1081(100.43 sq.m.),3,2,3+,4,,Under Construction,1081,,,0,0,0,0,0,0,109
flat,ss the leaf,sector 85,1.98,8256,2398,Super Built up area 2408(223.71 sq.m.)Built Up area: 2399 sq.ft. (222.87 sq.m.)Carpet area: 2398 sq.ft. (222.78 sq.m.),3,4,3,12,West,Relatively New,2408,2399,2398,0,0,1,0,0,0,174
flat,m3m heights,sector 65,2.5,13600,1838,Super Built up area 1828(169.83 sq.m.),3,3,3,19,,Under Construction,1828,,,0,0,0,0,0,0,48
flat,godrej summit,sector 104,1.2,8298,1446,Carpet area: 1446 (134.34 sq.m.),3,2,3+,16,,Relatively New,,,1446,1,0,0,1,0,1,142
flat,bptp freedom park life,sector 57,5.5,8982,6123,Built Up area: 5010 (465.44 sq.m.),5,6,3+,19,East,Moderately Old,,5010,,0,1,0,1,0,1,153
flat,sidhivinayak apartments,sector 55,1.9,10555,1800,Carpet area: 1800 (167.23 sq.m.),4,3,3+,9,North,Moderately Old,,,1800,0,0,0,1,0,2,35
flat,dlf new town heights,sector 91,1.8,7679,2344,Carpet area: 2344 (217.76 sq.m.),4,4,3+,6,,Moderately Old,,,2344,0,1,0,1,0,0,81
flat,la vida by tata housing,sector 113,2.78,10334,2690,Super Built up area 2690(249.91 sq.m.)Built Up area: 2350 sq.ft. (218.32 sq.m.)Carpet area: 2170 sq.ft. (201.6 sq.m.),3,4,3+,5,North-East,Relatively New,2690,2350,2170,0,1,0,0,0,0,174
flat,the close north,sector 50,3,11516,2605,Super Built up area 2605(242.01 sq.m.),3,3,3+,14,North,Old Property,2605,,,0,1,0,0,0,1,121
flat,puri emerald bay,sector 104,2.65,15007,1766,Super Built up area 2450(227.61 sq.m.)Carpet area: 1765.73 sq.ft. (164.04 sq.m.),3,4,3,15,North-East,Relatively New,2450,,1765.73,0,1,0,0,0,1,174
flat,dlf the ultima,sector 81,2.7,12802,2109,Carpet area: 2109 (195.93 sq.m.),3,3,3,15,North,Relatively New,,,2109,0,1,0,0,0,1,49
flat,ats triumph,sector 104,1.83,7991,2290,Super Built up area 2290(212.75 sq.m.)Built Up area: 2000 sq.ft. (185.81 sq.m.)Carpet area: 1750 sq.ft. (162.58 sq.m.),3,4,3+,10,North,Relatively New,2290,2000,1750,0,1,0,0,0,0,165
house,signature global city 92,sector 92,0.75,7820,959,Built Up area: 959 (89.09 sq.m.),2,2,3,1,,Undefined,,959,,0,0,0,0,0,0,46
house,independent,sector 43,4.5,39062,1152,Plot area 128(107.02 sq.m.),20,20,3+,4,East,Relatively New,,1152,,0,1,0,0,0,2,22
flat,adani aangan arcade,sector 89,0.5,7763,644,Built Up area: 672 (62.43 sq.m.)Carpet area: 644 sq.ft. (59.83 sq.m.),2,2,1,4,,Relatively New,,672,644,0,0,0,0,0,2,69
flat,godrej nature plus,sector 33,1.2,12000,1000,Carpet area: 1000 (92.9 sq.m.),2,2,3+,3,North-East,Under Construction,,,1000,0,0,0,0,0,0,105
flat,ramprastha skyz,sector 37d,1.2,6000,2000,Super Built up area 2000(185.81 sq.m.)Built Up area: 1900 sq.ft. (176.52 sq.m.)Carpet area: 1850 sq.ft. (171.87 sq.m.),3,2,1,9,East,Under Construction,2000,1900,1850,0,1,0,0,1,0,53
flat,emaar mgf the palm drive,sector 66,3.45,15681,2200,Super Built up area 2200(204.39 sq.m.)Built Up area: 2000 sq.ft. (185.81 sq.m.)Carpet area: 1800 sq.ft. (167.23 sq.m.),3,4,3,6,East,Relatively New,2200,2000,1800,0,1,0,0,0,1,95
flat,dlf the primus,sector 82a,2.2,10516,2092,Super Built up area 2092(194.35 sq.m.),3,3,3+,16,North-East,Relatively New,2092,,,0,1,0,0,0,2,174
flat,vatika the seven lamps,sector 82,0.85,5979,1422,Super Built up area 1430(132.85 sq.m.),2,2,2,9,North-East,Relatively New,1430,,,1,0,0,0,0,0,117
house,international city by sobha phase 2,sector 109,6.25,10035,6228,Plot area 692(578.6 sq.m.),5,7,3+,3,North-East,Relatively New,,6228,,1,1,1,1,0,0,147
flat,alpha corp gurgaonone,sector 84,1.52,7904,1923,Super Built up area 1923(178.65 sq.m.)Carpet area: 1500 sq.ft. (139.35 sq.m.),3,4,3,15,South,Relatively New,1923,,1500,0,1,0,0,0,0,92
flat,vipul world floors,sector 48,4.3,13870,3100,Carpet area: 3100 (288 sq.m.),4,5,3+,4,East,New Property,,,3100,1,1,0,1,0,0,88
flat,ramprastha the edge towers,sector 37d,1,5649,1770,Super Built up area 1770(164.44 sq.m.),3,3,3+,13,,Moderately Old,1770,,,0,0,0,0,0,0,38
flat,maruti kunj,sector 11,0.8,5161,1550,Super Built up area 1550(144 sq.m.),3,2,0,0,,Old Property,1550,,,0,0,0,0,0,0,8
house,unitech espace,sector 50,7.45,34491,2160,Plot area 240(200.67 sq.m.)Built Up area: 4500 sq.yards (3762.57 sq.m.)Carpet area: 4000 sq.yards (3344.51 sq.m.),4,4,3,3,,Old Property,,4500,4000,0,1,0,0,0,1,59
flat,bestech park view grand spa,sector 81,2.4,9022,2660,Super Built up area 2660(247.12 sq.m.),3,4,3+,8,North,New Property,2660,,,1,1,0,0,0,1,167
flat,shapoorji pallonji joyville gurugram,sector 102,0.97,10601,915,Super Built up area 915(85.01 sq.m.)Carpet area: 600 sq.ft. (55.74 sq.m.),2,2,2,12,,New Property,915,,600,0,0,0,0,0,0,57
flat,shree vardhman flora,sector 90,1,5128,1950,Super Built up area 1950(181.16 sq.m.),3,4,3,8,North-East,New Property,1950,,,0,1,0,0,0,0,95
flat,shyam sadan,sector 5,0.55,6470,850,Carpet area: 700 (65.03 sq.m.),2,2,1,4,West,Relatively New,,,700,1,0,0,0,0,1,69
flat,shapoorji pallonji joyville gurugram,sector 102,2.12,16960,1250,Built Up area: 1852 (172.06 sq.m.)Carpet area: 1250 sq.ft. (116.13 sq.m.),3,3,3,9,,Relatively New,,1852,1250,0,0,0,0,0,0,72
flat,central park flower valley aqua front towers,sector 33,2.96,13870,2134,Carpet area: 2134 (198.26 sq.m.),4,4,3,1,,New Property,,,2134,0,1,0,0,0,1,24
flat,signature the roselia,sector 95,0.48,7164,670,Carpet area: 670 (62.25 sq.m.),2,2,2,6,,Relatively New,,,670,0,0,0,0,0,0,16
flat,ss the leaf,sector 85,1.1,9565,1150,Super Built up area 1640(152.36 sq.m.)Built Up area: 1600 sq.ft. (148.64 sq.m.)Carpet area: 1150 sq.ft. (106.84 sq.m.),2,2,3,10,West,Relatively New,1640,1600,1150,0,0,0,1,0,0,150
flat,godrej,sector 79,2,8453,2366,Carpet area: 2366 (219.81 sq.m.),3,4,3+,2,North-East,Relatively New,,,2366,0,1,0,0,0,1,156
house,independent,sector 17,1.52,19869,765,Plot area 85(71.07 sq.m.)Built Up area: 105 sq.yards (87.79 sq.m.),2,2,1,1,South-East,Old Property,,105,,0,0,0,0,0,0,22
flat,ashiana mulberry,sohna road,0.74,6200,1194,Carpet area: 1210 (112.41 sq.m.),2,2,3+,12,North-West,New Property,,,1210,0,0,0,0,0,0,67
flat,ss residency,sector 6,0.48,5333,900,Carpet area: 100 (83.61 sq.m.),3,2,2,2,,Moderately Old,,,100,0,0,0,0,0,0,54
flat,godrej aria,sector 79,1.1,7772,1415,Super Built up area 1351(125.51 sq.m.),2,2,3+,4,North-East,New Property,1351,,,0,0,0,0,0,1,49
flat,breez global heights,sector 36,0.24,5825,412,Carpet area: 412 (38.28 sq.m.),1,1,1,8,,New Property,,,412,0,0,0,0,0,1,57
flat,signature andour heights,sector 71,0.65,10172,639,Super Built up area 639(59.37 sq.m.)Carpet area: 542 sq.ft. (50.35 sq.m.),2,2,1,10,South-West,Relatively New,639,,542,0,0,0,0,0,1,23
house,sushant lok 1 builder floors,sector 43,6.25,30728,2034,Plot area 226(188.96 sq.m.),7,7,3+,3,North,Moderately Old,,2034,,1,1,1,0,0,0,46
flat,experion the heartsong,sector 108,0.98,13343,734,Super Built up area 1283(119.19 sq.m.)Built Up area: 978.23 sq.ft. (90.88 sq.m.)Carpet area: 734.43 sq.ft. (68.23 sq.m.),2,3,3,4,East,Relatively New,1283,978.23,734.43,1,0,0,0,0,0,135
flat,capital residences 360,sector 70a,1.64,8299,1976,Super Built up area 1976(183.58 sq.m.)Built Up area: 1950 sq.ft. (181.16 sq.m.)Carpet area: 1642 sq.ft. (152.55 sq.m.),3,3,3+,4,North-East,New Property,1976,1950,1642,0,1,0,0,0,0,144
flat,afnhb jalvayu vihar,sector 30,0.69,7272,949,Super Built up area 990(91.97 sq.m.),2,2,1,3,North-East,Old Property,990,,,0,0,0,0,0,0,65
flat,ireo the corridors,sector 67a,1.8,14658,1228,Super Built up area 1921(178.47 sq.m.)Carpet area: 1227.96 sq.ft. (114.08 sq.m.),3,3,3,6,North,New Property,1921,,1227.96,0,1,1,0,0,1,150
flat,irwo westend towers,sector 47,0.65,12059,539,Carpet area: 539 (50.07 sq.m.),1,1,2,3,,Old Property,,,539,0,0,0,0,0,0,56
flat,shapoorji pallonji joyville gurugram,sector 102,2.15,12706,1692,Super Built up area 1692(157.19 sq.m.)Built Up area: 1690 sq.ft. (157.01 sq.m.)Carpet area: 1592 sq.ft. (147.9 sq.m.),3,3,3,10,South-West,Relatively New,1692,1690,1592,0,0,0,0,0,1,49
flat,tarc maceo,sector 91,0.95,5954,1596,Super Built up area 1310(121.7 sq.m.),2,2,2,10,East,Relatively New,1310,,,0,0,0,0,0,0,77
flat,vatika lifestyle homes,sector 83,1.05,7500,1400,Super Built up area 1755(163.04 sq.m.)Built Up area: 1600 sq.ft. (148.64 sq.m.)Carpet area: 1400 sq.ft. (130.06 sq.m.),3,2,2,1,South-West,Moderately Old,1755,1600,1400,0,0,0,0,0,1,106
flat,m3m skycity,sector 65,2.1,16030,1310,Super Built up area 1310(121.7 sq.m.),2,2,2,43,,New Property,1310,,,0,0,0,0,0,0,127
flat,breez global heights,sohna road,0.28,7142,392,Carpet area: 399 (37.07 sq.m.),1,1,1,4,,New Property,,,399,0,0,0,0,0,2,26
flat,ss the leaf,sector 85,1.84,7641,2408,Super Built up area 2408(223.71 sq.m.)Carpet area: 1685 sq.ft. (156.54 sq.m.),3,4,3,8,South-East,Relatively New,2408,,1685,0,0,0,1,0,0,158
flat,ramsons kshitij,sector 95,0.31,5,620000,Carpet area: 607936 (56479.1 sq.m.),2,2,1,1,North-East,Relatively New,,,607936,1,0,0,0,1,0,65
house,independent,sector 4,1.25,78125,160,Built Up area: 160 (14.86 sq.m.),2,3,0,1,,Undefined,,160,,0,0,0,0,0,0,0
flat,bptp astaire gardens,sector 70a,1.25,8771,1425,Super Built up area 1425(132.39 sq.m.)Built Up area: 1300 sq.ft. (120.77 sq.m.)Carpet area: 1200 sq.ft. (111.48 sq.m.),3,3,2,1,South-East,Relatively New,1425,1300,1200,0,0,0,0,1,0,49
flat,eldeco accolade,sohna road,1.14,6530,1746,Super Built up area 1751(162.67 sq.m.)Carpet area: 1062 sq.ft. (98.66 sq.m.),3,3,3+,4,East,Relatively New,1751,,1062,0,0,0,0,0,0,157
flat,tulip violet,sector 69,1.7,10773,1578,Super Built up area 1578(146.6 sq.m.),3,3,2,0,South-East,Relatively New,1578,,,0,0,0,1,0,0,49
flat,supertech araville,sector 79,1.35,9000,1500,Super Built up area 1530(142.14 sq.m.)Built Up area: 1350 sq.ft. (125.42 sq.m.)Carpet area: 1200 sq.ft. (111.48 sq.m.),2,2,3,6,East,New Property,1530,1350,1200,1,0,0,0,1,1,88
flat,parsvnath exotica,sector 53,5,17271,2895,Super Built up area 2895(268.95 sq.m.)Built Up area: 2500 sq.ft. (232.26 sq.m.)Carpet area: 2200 sq.ft. (204.39 sq.m.),3,4,3+,8,North-East,Relatively New,2895,2500,2200,0,1,0,1,1,1,49
house,dlf city plots,sector 26,18,39841,4518,Plot area 502(419.74 sq.m.),6,6,2,3,North,Old Property,,4518,,0,1,0,1,1,1,49
flat,ss the leaf,sector 85,1.65,6852,2408,Super Built up area 2408(223.71 sq.m.),3,4,3,9,,New Property,2408,,,0,0,0,1,0,0,21
house,sai kripa floors 5,sector 11,0.9,11250,800,Plot area 800(74.32 sq.m.),5,5,3,3,,Relatively New,,800,,0,0,0,0,0,0,0
flat,shapoorji pallonji joyville gurugram,sector 102,2.03,12000,1692,Super Built up area 1692(157.19 sq.m.)Carpet area: 1027.68 sq.ft. (95.47 sq.m.),3,3,2,1,,New Property,1692,,1027.68,0,0,0,0,0,0,67
flat,m3m latitude,sector 65,4.6,26790,1717,Carpet area: 1717 (159.51 sq.m.),3,3,3,7,South,New Property,,,1717,1,1,1,1,0,0,115
house,independent,sector 9,3.4,12938,2628,Plot area 292(244.15 sq.m.),9,9,3,3,West,Moderately Old,,2628,,0,0,0,0,0,1,61
house,independent,sector 40,2.1,23333,900,Plot area 900(83.61 sq.m.),3,3,2,3,North,Moderately Old,,900,,0,0,0,0,1,1,35
flat,central park resorts,sector 48,11.25,28266,3980,Carpet area: 3980 (369.75 sq.m.),4,5,3+,2,North-West,Relatively New,,,3980,0,1,0,1,0,0,45
house,independent,sector 25,7.3,1560,46795,Plot area 215(179.77 sq.m.)Built Up area: 5800 sq.yards (4849.54 sq.m.)Carpet area: 5200 sq.yards (4347.86 sq.m.),9,9,2,3,North-West,Relatively New,,5800,5200,0,1,1,0,0,1,109
house,vipul tatvam villa,sector 48,22,26667,8250,Plot area 1000(836.13 sq.m.),5,6,3,3,,Moderately Old,,1000,,0,1,0,0,0,0,54
flat,tulip white,sector 69,0.9,6787,1326,Carpet area: 1326 (123.19 sq.m.),3,2,3,6,North-East,Relatively New,,,1326,0,0,0,1,0,0,121
flat,emaar gurgaon greens,sector 102,1.42,8606,1650,Super Built up area 1650(153.29 sq.m.)Carpet area: 1022 sq.ft. (94.95 sq.m.),3,3,3,4,North,Relatively New,1650,,1022,0,0,0,0,1,0,49
house,bptp visionnaire,sector 70a,5.25,20115,2610,Plot area 290(242.48 sq.m.),5,4,3+,3,North-East,New Property,,2610,,0,1,0,0,0,1,49
flat,dlf regency park,sector 28,2.25,14516,1550,Super Built up area 1777(165.09 sq.m.)Built Up area: 1700 sq.ft. (157.94 sq.m.)Carpet area: 1550 sq.ft. (144 sq.m.),3,3,2,16,West,Old Property,1777,1700,1550,0,1,0,0,0,0,89
flat,central park flower valley,sector 33,1.79,11251,1591,Super Built up area 1789(166.2 sq.m.),3,3,3,3,South,Old Property,1789,,,0,0,0,0,0,0,71
flat,tarc maceo,sector 91,1.5,6465,2320,Super Built up area 2320(215.54 sq.m.)Carpet area: 1325 sq.ft. (123.1 sq.m.),3,4,3+,3,North-West,Relatively New,2320,,1325,1,1,0,0,0,0,112
flat,pivotal devaan,sector 84,0.35,6003,583,Super Built up area 583(54.16 sq.m.),2,2,1,4,East,Relatively New,583,,,0,0,0,0,0,0,37
flat,spaze privy,sector 72,1.9,9620,1975,Built Up area: 1975 (183.48 sq.m.),3,3,3,10,,Undefined,,1975,,0,0,0,0,0,0,0
flat,tulip violet,sector 69,1.6,10139,1578,Super Built up area 1578(146.6 sq.m.),3,3,2,0,South-West,Relatively New,1578,,,0,0,0,1,0,0,49
flat,emaar mgf emerald floors premier,sector 65,2.35,14242,1650,Carpet area: 1650 (153.29 sq.m.),3,3,3,3,East,Relatively New,,,1650,1,1,0,0,0,1,124
flat,emaar mgf emerald estate,sector 65,1.73,12401,1395,Super Built up area 1395(129.6 sq.m.),3,3,3,9,North-West,Relatively New,1395,,,0,1,0,0,0,2,159
flat,tulsiani easy in homes,sohna road,0.4,7920,505,Carpet area: 505 (46.92 sq.m.),2,2,3,9,,Under Construction,,,505,0,0,0,0,0,0,36
flat,bsf chs,gwal pahari,0.95,5937,1600,Carpet area: 1600 (148.64 sq.m.),3,3,3,13,,Old Property,,,1600,0,0,0,0,0,0,37
house,independent,sector 26,4,29630,1350,Plot area 150(125.42 sq.m.),4,4,3,2,North,Old Property,,1350,,0,0,1,0,0,0,41
flat,bestech park view grand spa,sector 81,2.35,8834,2660,Super Built up area 2660(247.12 sq.m.)Carpet area: 2354 sq.ft. (218.69 sq.m.),3,4,3+,10,North-West,Relatively New,2660,,2354,0,1,0,0,0,0,109
flat,antriksh heights,sector 84,0.94,7000,1343,Super Built up area 1350(125.42 sq.m.),3,2,3+,10,,New Property,1350,,,1,0,0,0,0,1,89
house,independent,sector 45,7.35,29697,2475,Plot area 275(229.94 sq.m.),6,4,3+,3,North-East,Old Property,,2475,,1,1,1,1,0,1,61
flat,tulip violet,sector 69,1.6,10139,1578,Super Built up area 1578(146.6 sq.m.),3,3,2,0,North-West,Relatively New,1578,,,0,0,0,1,0,0,166
house,independent,sector 56,11.5,42032,2736,Plot area 304(254.18 sq.m.),12,13,3+,4,West,Relatively New,,2736,,1,1,0,1,0,1,49
flat,kendriya vihar,sector 56,0.55,9016,610,Carpet area: 610 (56.67 sq.m.),1,2,1,0,,Old Property,,,610,0,0,0,0,0,0,68
flat,dlf carlton estate,sector 43,2,14214,1407,Super Built up area 1407(130.71 sq.m.),3,3,2,5,South-West,Moderately Old,1407,,,0,0,0,0,0,0,65
flat,micasa sec 68,sohna road,1.5,12244,1225,Carpet area: 1225 (113.81 sq.m.),2,2,3,11,,New Property,,,1225,0,0,0,0,0,0,44
flat,emaar mgf the palm drive,sector 66,3.5,15901,2201,Super Built up area 2201(204.48 sq.m.)Built Up area: 2200 sq.ft. (204.39 sq.m.)Carpet area: 1800 sq.ft. (167.23 sq.m.),3,3,2,4,South,Relatively New,2201,2200,1800,1,0,0,0,0,0,89
flat,sare homes,sector 92,0.85,4786,1776,Super Built up area 1776(165 sq.m.),4,4,3,3,,Moderately Old,1776,,,0,0,0,0,0,0,0
house,independent,sector 50,13.2,27155,4861,Built Up area: 4861 (451.6 sq.m.),6,6,0,2,,Undefined,,4861,,0,0,0,0,0,0,0
flat,,sector 78,0.6,3692,1625,Built Up area: 1625 (150.97 sq.m.),2,2,0,,,Under Construction,,1625,,0,0,0,0,0,0,0
flat,ss,sector 85,2.09,7432,2812,Super Built up area 2812(261.24 sq.m.)Built Up area: 2600 sq.ft. (241.55 sq.m.)Carpet area: 2400 sq.ft. (222.97 sq.m.),4,4,3,8,South-East,Relatively New,2812,2600,2400,1,1,0,1,0,0,49
flat,tulip violet,sector 69,1.9,9452,2010,Super Built up area 2010(186.74 sq.m.)Carpet area: 1500 sq.ft. (139.35 sq.m.),4,4,2,6,West,Relatively New,2010,,1500,0,0,1,0,0,0,174
house,bestech park view aindependentda,sector 81,4.35,7937,5481,Plot area 5480(509.11 sq.m.),4,4,3,2,North,Relatively New,,5480,,0,1,1,0,0,0,51
flat,pioneer park,sector 61,2,11764,1700,Super Built up area 1700(157.94 sq.m.),3,3,3,24,North-West,Moderately Old,1700,,,0,0,0,0,0,1,75
flat,mahindra aura,sector 110,2.25,9266,2428,Super Built up area 2428(225.57 sq.m.)Built Up area: 2350 sq.ft. (218.32 sq.m.)Carpet area: 2050 sq.ft. (190.45 sq.m.),4,4,3+,2,South-West,Relatively New,2428,2350,2050,0,1,0,0,0,0,152
flat,dlf the ultima,sector 81,2.25,10553,2132,Super Built up area 2132(198.07 sq.m.),3,3,3+,6,East,New Property,2132,,,0,1,0,0,0,2,168
flat,emaar gurgaon greens,sector 102,1.49,9030,1650,Super Built up area 1650(153.29 sq.m.)Carpet area: 1022.58 sq.ft. (95 sq.m.),3,3,3,10,North-East,Relatively New,1650,,1022.58,0,0,0,0,0,1,159
flat,umang winter hills,sector 77,0.8,5961,1342,Super Built up area 1342(124.68 sq.m.)Carpet area: 1000 sq.ft. (92.9 sq.m.),2,2,2,10,North,Relatively New,1342,,1000,0,0,0,0,0,1,49
house,ansal sushant lok,sector 43,10.5,27911,3762,Plot area 418(349.5 sq.m.),4,4,2,,North-East,Old Property,,3762,,0,1,0,0,0,0,59
flat,smart world one dxp,sector 113,3.45,13269,2600,Super Built up area 2600(241.55 sq.m.),4,4,3,11,South-East,Under Construction,2600,,,1,1,0,0,0,1,156
flat,dlf new town heights,sector 90,1.88,6894,2727,Super Built up area 2727(253.35 sq.m.)Built Up area: 2726 sq.ft. (253.25 sq.m.)Carpet area: 2725 sq.ft. (253.16 sq.m.),4,4,3+,20,South,Relatively New,2727,2726,2725,0,1,0,1,0,0,145
flat,mapsko royale ville,sector 82,1.12,6256,1790,Super Built up area 1790(166.3 sq.m.)Carpet area: 1400 sq.ft. (130.06 sq.m.),3,3,2,12,North-East,Relatively New,1790,,1400,0,0,0,1,0,1,49
flat,capital residences 360,sector 70a,1.1,7586,1450,Super Built up area 1450(134.71 sq.m.),2,2,2,10,South-East,Relatively New,1450,,,1,0,0,0,0,0,42
flat,shree vardhman flora,sector 90,0.65,4814,1350,Super Built up area 1350(125.42 sq.m.),2,2,3,6,East,Relatively New,1350,,,1,0,0,0,0,0,165
flat,ss the leaf,sector 85,1.09,6661,1636,Super Built up area 1640(152.36 sq.m.)Built Up area: 1475 sq.ft. (137.03 sq.m.)Carpet area: 1350 sq.ft. (125.42 sq.m.),2,2,3,5,North-East,Relatively New,1640,1475,1350,0,0,0,0,0,0,49
flat,emaar palm gardens,sector 83,1.55,9011,1720,Super Built up area 1720(159.79 sq.m.)Built Up area: 1400 sq.ft. (130.06 sq.m.)Carpet area: 1095 sq.ft. (101.73 sq.m.),3,3,3,4,West,Relatively New,1720,1400,1095,0,1,0,0,0,1,174
flat,sare crescent parc,sector 92,0.71,4933,1439,Carpet area: 1436 (133.41 sq.m.),3,3,2,6,,Relatively New,,,1436,0,0,0,0,0,0,37
flat,m3m woodshire,sector 107,1.65,5960,2768,Super Built up area 2768(257.16 sq.m.),4,5,3+,12,North-West,Relatively New,2768,,,0,1,0,0,0,0,21
flat,sare crescent parc,sector 92,0.66,4977,1326,Carpet area: 1326 (123.19 sq.m.),3,2,2,15,North,Relatively New,,,1326,0,0,0,0,0,2,44
flat,corona gracieux,sector 76,0.75,5660,1325,Super Built up area 1325(123.1 sq.m.),2,2,3,13,,Relatively New,1325,,,0,0,0,0,0,1,0
flat,cghs airport apartment,sector 47,1.65,7857,2100,Super Built up area 2100(195.1 sq.m.)Carpet area: 1720 sq.ft. (159.79 sq.m.),3,3,3,1,North-East,Old Property,2100,,1720,0,0,0,0,1,1,136
flat,bptp terra,sector 37d,1.95,14444,1350,Super Built up area 2191(203.55 sq.m.)Built Up area: 1650 sq.ft. (153.29 sq.m.)Carpet area: 1350 sq.ft. (125.42 sq.m.),4,3,3,7,,Under Construction,2191,1650,1350,0,0,0,0,0,0,53
flat,511 sarahah tower,sector 12,0.6,8333,720,Carpet area: 720 (66.89 sq.m.),2,2,1,0,,New Property,,,720,0,0,0,1,0,2,0
flat,mvn athens,sohna road,0.24,4210,570,Super Built up area 570(52.95 sq.m.),2,2,1,12,,Relatively New,570,,,0,0,0,0,0,0,38
flat,shree vardhman flora,sector 90,0.86,6254,1375,Super Built up area 1950(181.16 sq.m.)Built Up area: 1525 sq.ft. (141.68 sq.m.)Carpet area: 1375 sq.ft. (127.74 sq.m.),3,4,3,0,North,Relatively New,1950,1525,1375,0,1,0,0,0,1,84
flat,dlf the skycourt,sector 86,1.55,8031,1930,Super Built up area 1930(179.3 sq.m.)Built Up area: 1900 sq.ft. (176.52 sq.m.)Carpet area: 1350 sq.ft. (125.42 sq.m.),3,3,1,12,North-East,Relatively New,1930,1900,1350,0,0,0,1,0,1,153
flat,bestech park view sanskruti,sector 92,1.68,11052,1520,Super Built up area 2120(196.95 sq.m.)Carpet area: 1520 sq.ft. (141.21 sq.m.),3,4,3+,15,East,Relatively New,2120,,1520,0,1,0,0,0,1,174
house,independent,sector 5,0.5,11111,450,Plot area 450(41.81 sq.m.),5,3,3,3,,Moderately Old,,450,,0,0,0,0,0,0,0
house,huda housing board colony,sector 31,4.6,31506,1460,Plot area 1460(135.64 sq.m.),6,4,3+,3,East,Old Property,,1460,,0,0,0,0,1,0,8
flat,mapsko mount ville,sector 79,1.2,8052,1490,Super Built up area 1490(138.43 sq.m.)Carpet area: 1163.91 sq.ft. (108.13 sq.m.),3,3,3,9,South,Relatively New,1490,,1163.91,1,0,0,0,0,1,104
flat,proxima tower,sector 37,0.6,4602,1304,Super Built up area 1304(121.15 sq.m.),2,2,3,5,,Under Construction,1304,,,1,0,0,1,0,0,55
flat,la vida by tata housing,sector 113,2.45,11050,2217,Super Built up area 2217(205.97 sq.m.)Built Up area: 1890 sq.ft. (175.59 sq.m.)Carpet area: 1680 sq.ft. (156.08 sq.m.),3,3,3+,3,North-East,Relatively New,2217,1890,1680,1,0,0,0,0,0,174
flat,gls arawali homes,sohna road,0.35,7000,500,Super Built up area 567(52.68 sq.m.)Built Up area: 556 sq.ft. (51.65 sq.m.)Carpet area: 500 sq.ft. (46.45 sq.m.),2,2,2,5,,Relatively New,567,556,500,0,0,0,0,0,0,30
flat,m3m heights,sector 65,3.67,17990,2040,Super Built up area 2040(189.52 sq.m.),3,3,2,27,,Under Construction,2040,,,0,1,0,0,0,0,43
flat,green court,sector 90,0.38,5507,690,Carpet area: 690 (64.1 sq.m.),2,2,1,7,,Under Construction,,,690,0,0,0,0,0,0,35
flat,sare crescent parc,sector 92,0.49,4909,998,Carpet area: 998 (92.72 sq.m.),2,2,2,2,,Relatively New,,,998,0,0,0,0,0,0,96
house,international city by sobha phase 2,sector 109,11.25,25000,4500,Plot area 500(418.06 sq.m.),7,5,3+,4,North-East,Relatively New,,4500,,1,1,0,1,0,0,42
flat,ss,sector 85,1.98,8222,2408,Super Built up area 2408(223.71 sq.m.)Built Up area: 2300 sq.ft. (213.68 sq.m.)Carpet area: 2200 sq.ft. (204.39 sq.m.),3,4,3,6,West,Relatively New,2408,2300,2200,0,0,0,0,0,0,42
flat,raheja navodaya,sector 92,0.85,5407,1572,Super Built up area 1572(146.04 sq.m.),3,3,0,0,East,Relatively New,1572,,,0,0,0,0,0,0,88
house,independent,sector 28,11.75,41315,2844,Plot area 316(264.22 sq.m.),4,5,3+,4,East,Relatively New,,2844,,1,1,1,0,0,1,54
house,dlf city phase 1,sector 26,9.25,47803,1935,Plot area 1935(179.77 sq.m.)Built Up area: 7000 sq.ft. (650.32 sq.m.),12,12,3+,4,North-East,New Property,,7000,,0,1,0,1,0,1,43
flat,ats tourmaline,sector 109,1.75,8139,2150,Super Built up area 2150(199.74 sq.m.)Built Up area: 1797 sq.ft. (166.95 sq.m.),3,4,3+,7,North-East,Relatively New,2150,1797,,0,1,0,0,0,0,165
flat,orris aster court premier,sector 85,1.2,5660,2120,Super Built up area 2120(196.95 sq.m.)Built Up area: 1650 sq.ft. (153.29 sq.m.)Carpet area: 1550 sq.ft. (144 sq.m.),3,4,2,6,North-East,Relatively New,2120,1650,1550,0,1,0,0,0,0,28
flat,paras dews,sector 106,1.13,6406,1764,Super Built up area 1760(163.51 sq.m.)Built Up area: 1186 sq.ft. (110.18 sq.m.)Carpet area: 1130 sq.ft. (104.98 sq.m.),3,4,3+,18,North-West,Relatively New,1760,1186,1130,1,1,0,0,0,0,49
house,vatika india next,sector 82,7,194444,360,Plot area 360(33.45 sq.m.)Built Up area: 3900 sq.ft. (362.32 sq.m.)Carpet area: 3743 sq.ft. (347.74 sq.m.),4,4,3+,3,North-East,Relatively New,,3900,3743,0,1,0,0,0,2,105
house,vipul tatvam villa,sector 48,18.5,26428,7000,Plot area 7000(650.32 sq.m.),4,4,1,1,,Moderately Old,,7000,,0,0,0,0,0,0,30
house,independent,sector 4,0.61,100000,61,Plot area 61(5.67 sq.m.),2,2,2,2,South-East,Moderately Old,,61,,0,0,0,0,1,0,14
flat,sare green parc 2,sector 92,0.61,4837,1261,Super Built up area 1261(117.15 sq.m.),3,2,2,6,,Under Construction,1261,,,0,0,0,0,1,0,0
flat,dlf regal gardens,sector 90,1.26,7636,1650,Super Built up area 1744(162.02 sq.m.)Built Up area: 1650 sq.ft. (153.29 sq.m.),3,3,2,12,North,Relatively New,1744,1650,,0,0,0,0,1,0,8
flat,bhagwati sadan,sector 12,1.15,5750,2000,Super Built up area 2500(232.26 sq.m.)Built Up area: 2000 sq.ft. (185.81 sq.m.)Carpet area: 1750 sq.ft. (162.58 sq.m.),3,4,2,2,,Old Property,2500,2000,1750,1,1,0,0,1,1,28
flat,dlf 76,sector 76,4,11428,3500,Carpet area: 3500 (325.16 sq.m.),4,4,2,4,,Under Construction,,,3500,1,1,0,0,0,1,101
flat,chintamani,sector 103,1.57,8509,1845,Built Up area: 1845 (171.41 sq.m.)Carpet area: 1350 sq.ft. (125.42 sq.m.),3,3,3,1,North-East,Undefined,,1845,1350,0,0,0,0,0,0,0
flat,tulip violet,sector 69,1.31,8517,1538,Super Built up area 1538(142.88 sq.m.),3,3,2,12,East,Relatively New,1538,,,0,0,0,1,0,1,174
flat,tulip violet,sector 69,1.75,8882,1970,Super Built up area 1970(183.02 sq.m.),4,4,1,12,North-West,Relatively New,1970,,,0,0,0,0,0,0,86
flat,experion the heartsong,sector 108,0.87,11845,734,Super Built up area 1283(119.19 sq.m.)Built Up area: 978.23 sq.ft. (90.88 sq.m.)Carpet area: 734.43 sq.ft. (68.23 sq.m.),2,3,3,2,South-West,Relatively New,1283,978.23,734.43,0,1,0,0,0,1,123
house,independent,sector 11,1.2,4444,2700,Built Up area: 300 (250.84 sq.m.),7,3,0,3,,Undefined,,300,,0,0,0,0,0,0,0
flat,mapsko royale ville,sector 82,0.99,5530,1790,Super Built up area 1790(166.3 sq.m.),3,4,2,14,South-West,New Property,1790,,,0,1,0,0,0,0,95
flat,the rama apartment cghs,sector 43,2.5,10204,2450,Carpet area: 2450 (227.61 sq.m.),4,4,3+,4,East,Moderately Old,,,2450,0,1,0,0,0,0,26
flat,umang monsoon breeze,sector 78,0.8,4836,1654,Super Built up area 1654(153.66 sq.m.)Built Up area: 1472 sq.ft. (136.75 sq.m.)Carpet area: 1310 sq.ft. (121.7 sq.m.),3,2,2,7,South,Moderately Old,1654,1472,1310,0,0,0,1,0,0,102
flat,ats triumph,sector 104,2.62,8317,3150,Super Built up area 3150(292.64 sq.m.),4,4,3+,14,North,Relatively New,3150,,,0,1,0,0,0,0,174
flat,tata gurgaon gateway,sector 113,1.75,10443,1676,Super Built up area 1580(146.79 sq.m.),2,2,2,10,North,Relatively New,1580,,,1,0,0,0,0,0,104
flat,shree vardhman flora,sector 90,0.66,5076,1300,Super Built up area 1300(120.77 sq.m.)Carpet area: 960 sq.ft. (89.19 sq.m.),2,2,3,4,North-East,Relatively New,1300,,960,1,0,0,0,0,0,119
flat,krisumi waterfall residences,sector 36,2.2,14874,1479,Super Built up area 1479(137.4 sq.m.),2,2,2,23,North,New Property,1479,,,0,0,0,0,0,0,15
flat,m3m woodshire,sector 107,0.94,6881,1366,Super Built up area 1366(126.91 sq.m.),2,2,3+,1,East,Moderately Old,1366,,,0,0,0,0,0,0,113
house,floor wise designer kothi,sector 25,13,48148,2700,Plot area 300(250.84 sq.m.),12,16,3+,4,North-East,New Property,,2700,,1,1,1,1,0,1,144
flat,oriental valley chs,sector 9,1.5,8108,1850,Carpet area: 1850 (171.87 sq.m.),4,3,3+,8,,Moderately Old,,,1850,0,0,0,0,0,0,35
house,vipul tatvam villa,sector 48,7.65,19125,4000,Built Up area: 4000 (371.61 sq.m.),4,4,3,2,North-East,Moderately Old,,4000,,1,1,0,0,1,0,49
flat,smart world orchard,sector 61,2.41,14785,1630,Built Up area: 1630 (151.43 sq.m.)Carpet area: 1625 sq.ft. (150.97 sq.m.),3,3,3,2,East,New Property,,1630,1625,0,0,0,0,0,0,61
flat,hcbs sports ville,sohna road,0.2,4219,474,Built Up area: 473.99 (44.04 sq.m.),1,1,1,3,East,New Property,,474.042156,,0,0,0,0,0,0,71
house,independent,sector 26,9,33333,2700,Plot area 300(250.84 sq.m.),5,5,2,3,South-West,Old Property,,2700,,1,1,1,1,0,2,110
flat,bptp terra,sector 37d,1.98,9036,2191,Super Built up area 2191(203.55 sq.m.),3,3,3+,12,North-East,New Property,2191,,,1,0,0,0,0,1,49
house,independent,sector 26,23,25556,9000,Plot area 1000(836.13 sq.m.),4,4,3+,2,South-West,Relatively New,,9000,,1,1,1,1,0,1,145
flat,bestech park view spa next,sector 67,3.32,12599,2635,Super Built up area 2635(244.8 sq.m.),4,5,3+,12,West,Moderately Old,2635,,,0,1,0,0,0,1,174
flat,vatika india next,sector 82,0.8,6426,1245,Carpet area: 1245 (115.66 sq.m.),2,2,3,9,,Undefined,,,1245,0,0,0,0,0,0,0
flat,smart world orchard,sector 61,2.3,14110,1630,Super Built up area 1630(151.43 sq.m.),3,3,2,2,,Under Construction,1630,,,1,0,0,0,0,0,79
flat,m3m soulitude,sector 89,1.33,16985,783,Built Up area: 1423 (132.2 sq.m.)Carpet area: 783 sq.ft. (72.74 sq.m.),3,3,3,4,North-West,Under Construction,,1423,783,1,0,0,0,0,0,125
flat,ss the leaf,sector 85,2.7,7754,3482,Super Built up area 3482(323.49 sq.m.),4,4,3+,23,,New Property,3482,,,0,0,0,0,0,0,21
house,independent,sector 39,7,10000,7000,Plot area 350(32.52 sq.m.)Built Up area: 7000 sq.ft. (650.32 sq.m.),10,11,3+,4,South-East,Relatively New,,7000,,0,0,0,1,0,2,38
flat,ramprastha skyz,sector 37d,1,4942,2023,Super Built up area 2025(188.13 sq.m.),3,5,3,11,,Under Construction,2025,,,0,1,0,0,1,0,8
flat,godrej oasis,sector 88a,1.4,7567,1850,Super Built up area 1850(171.87 sq.m.),3,3,3+,4,East,Relatively New,1850,,,0,0,0,0,0,1,38
flat,unitech harmony,sector 50,2.6,9590,2711,Super Built up area 2711(251.86 sq.m.)Built Up area: 2700 sq.ft. (250.84 sq.m.)Carpet area: 2200 sq.ft. (204.39 sq.m.),3,4,2,15,North-East,Relatively New,2711,2700,2200,0,1,0,0,1,1,174
flat,smart world orchard,sector 61,2.41,14785,1630,Built Up area: 1630 (151.43 sq.m.)Carpet area: 1625 sq.ft. (150.97 sq.m.),3,3,3,2,East,New Property,,1630,1625,0,0,0,0,0,0,61
flat,pioneer araya,sector 62,8.35,19513,4279,Super Built up area 4279(397.53 sq.m.),4,6,3,16,East,Relatively New,4279,,,0,1,0,1,0,0,153
flat,conscient heritage max,sector 102,2.65,10375,2554,Super Built up area 2554(237.27 sq.m.),4,5,3+,17,North,Moderately Old,2554,,,0,1,0,0,0,0,125
flat,emaar mgf emerald floors premier,sector 65,3.5,17721,1975,Super Built up area 1975(183.48 sq.m.),4,4,3,4,East,Relatively New,1975,,,0,1,0,0,0,1,114
flat,m3m skywalk,sector 74,1.78,12500,1424,Carpet area: 1424 (132.29 sq.m.),2,2,3+,12,,Undefined,,,1424,0,0,0,0,0,0,63
flat,mapsko mount ville,sector 79,1.2,8053,1490,Super Built up area 1490(138.43 sq.m.),3,3,3,24,West,Relatively New,1490,,,0,0,0,0,0,1,8
flat,mrg world ultimus,sector 90,0.5,6983,716,Carpet area: 716 (66.52 sq.m.),2,2,2,1,North-East,Under Construction,,,716,0,0,0,0,0,0,21
flat,bestech park view sanskruti,sector 92,1.55,9687,1600,Super Built up area 1995(185.34 sq.m.)Carpet area: 1600 sq.ft. (148.64 sq.m.),3,3,3,17,,Relatively New,1995,,1600,0,1,0,0,0,1,60
house,independent,sector 24,2.6,24074,1080,Plot area 120(100.34 sq.m.),4,4,3+,4,,Relatively New,,1080,,1,0,1,1,0,2,0
house,independent,sector 28,0.75,20833,360,Plot area 40(33.45 sq.m.),7,4,3+,4,,Moderately Old,,360,,0,0,0,0,0,0,7
flat,city heights,sector 39,1.75,8750,2000,Carpet area: 2000 (185.81 sq.m.),3,4,3,3,,Old Property,,,2000,0,1,0,0,0,2,42
flat,mvn athens,sohna road,0.27,5901,458,Carpet area: 457.52 (42.5 sq.m.),2,2,1,0,,Relatively New,,,457.46575,0,0,0,0,0,1,69
house,independent,sector 46,4.25,23148,1836,Plot area 204(170.57 sq.m.),5,4,2,3,North-East,Moderately Old,,1836,,0,0,1,0,0,1,57
flat,bptp terra,sector 37d,1.45,8006,1811,Super Built up area 1811(168.25 sq.m.)Built Up area: 1711 sq.ft. (158.96 sq.m.)Carpet area: 1611 sq.ft. (149.67 sq.m.),3,3,3,8,South-East,Relatively New,1811,1711,1611,0,0,0,0,0,0,149
flat,shree vardhman flora,sector 90,0.75,5769,1300,Carpet area: 1300 (120.77 sq.m.),2,2,3,8,North-East,Undefined,,,1300,0,0,0,0,0,0,60
flat,vatika independent floors,sector 82,1.45,8056,1800,Built Up area: 1800 (167.23 sq.m.),4,3,0,1,,Undefined,,1800,,0,0,0,0,0,0,50
flat,signature global park,sohna road,0.53,6295,842,Carpet area: 845 (78.5 sq.m.),2,2,2,1,East,Relatively New,,,845,0,0,0,1,0,0,168
flat,assotech blith,sector 99,1.9,6702,2835,Built Up area: 2835 (263.38 sq.m.),4,4,3+,2,North-East,Undefined,,2835,,0,0,0,0,0,0,51
flat,mapsko royale ville,sector 82,1.12,8000,1400,Super Built up area 1790(166.3 sq.m.)Built Up area: 1500 sq.ft. (139.35 sq.m.)Carpet area: 1400 sq.ft. (130.06 sq.m.),3,4,2,6,North-West,Relatively New,1790,1500,1400,0,1,0,1,0,1,174
flat,aipl the peaceful homes,sector 70a,2.3,10697,2150,Super Built up area 2150(199.74 sq.m.),3,3,3,3,North-East,Relatively New,2150,,,0,0,1,0,0,1,124
flat,sare homes,sector 92,1.12,5358,2090,Carpet area: 2090 (194.17 sq.m.),4,4,2,12,North-West,Relatively New,,,2090,0,1,0,0,0,0,85
house,independent,sector 92,1.8,7627,2360,Built Up area: 2360 (219.25 sq.m.),4,5,0,13,,Undefined,,2360,,0,0,0,0,0,0,0
flat,dlf regal gardens,sector 90,1.17,6708,1744,Super Built up area 1744(162.02 sq.m.)Built Up area: 1630 sq.ft. (151.43 sq.m.)Carpet area: 1290 sq.ft. (119.84 sq.m.),3,3,3,15,North,Relatively New,1744,1630,1290,0,0,0,0,0,1,136
flat,pyramid elite,sector 86,0.45,7846,574,Carpet area: 573.54 (53.28 sq.m.),2,2,1,12,,Under Construction,,,573.500592,0,0,0,0,0,0,30
flat,signature global city 63a,sector 63a,2,12800,1562,Built Up area: 1540 (143.07 sq.m.),3,3,2,1,North,Under Construction,,1540,,0,0,0,0,0,0,36
flat,rof ananda,sector 95,0.26,6842,380,Carpet area: 380 (35.3 sq.m.),1,1,1,8,North,New Property,,,380,0,0,0,0,0,0,49
flat,shapoorji pallonji joyville gurugram,sector 102,0.95,10383,915,Built Up area: 915 (85.01 sq.m.)Carpet area: 675 sq.ft. (62.71 sq.m.),2,2,2,14,,Undefined,,915,675,0,0,0,0,0,0,0
flat,emaar imperial gardens,sector 102,1.98,9900,2000,Carpet area: 2000 (185.81 sq.m.),3,3,3+,9,North,Relatively New,,,2000,0,1,0,0,0,1,72
house,vipul tatvam villa,sector 48,8.5,26235,3240,Plot area 360(301.01 sq.m.),4,6,3,3,North,Old Property,,3240,,0,1,0,1,1,0,49
flat,tulip violet,sector 69,1.68,8358,2010,Super Built up area 2010(186.74 sq.m.),4,4,2,2,North-West,Relatively New,2010,,,0,0,0,1,0,0,112
flat,signature global the millennia,sector 37d,0.65,10906,596,Super Built up area 650(60.39 sq.m.)Carpet area: 596 sq.ft. (55.37 sq.m.),2,2,3,0,,New Property,650,,596,0,0,0,0,0,0,40
house,independent,sector 2,0.98,9074,1080,Carpet area: 120 (100.34 sq.m.),9,4,3,1,South,Undefined,,,120,0,0,0,0,0,0,0
flat,ambience creacions,sector 22,2.55,13709,1860,Super Built up area 1860(172.8 sq.m.)Built Up area: 1600 sq.ft. (148.64 sq.m.)Carpet area: 1400 sq.ft. (130.06 sq.m.),3,3,3,5,North-East,Relatively New,1860,1600,1400,0,0,0,0,0,2,49
house,independent,sector 25,13.5,19286,7000,Built Up area: 7000 (650.32 sq.m.),9,9,0,1,East,Relatively New,,7000,,0,0,0,0,0,0,0
flat,tulip violet,sector 69,1.7,8445,2013,Super Built up area 2010(186.74 sq.m.),4,4,2,7,West,Relatively New,2010,,,0,0,0,0,0,0,128
flat,mvn athens,sohna road,0.27,5897,458,Carpet area: 457.81 (42.53 sq.m.),2,2,1,4,South-East,Relatively New,,,457.788667,0,0,0,0,1,1,35
flat,parkwood westend,sector 92,0.7,5204,1345,Super Built up area 1345(124.95 sq.m.),2,2,3,5,,Under Construction,1345,,,1,0,0,0,0,0,0
flat,dlf the primus,sector 82a,2.55,11218,2273,Super Built up area 2273(211.17 sq.m.)Carpet area: 1340 sq.ft. (124.49 sq.m.),4,4,3+,14,South-West,Relatively New,2273,,1340,0,0,0,0,0,2,44
house,independent,sector 38,3.5,20323,1722,Plot area 160,3,2,2,1,East,Moderately Old,,1712,,0,0,0,0,0,0,0
house,independent,sector 4,0.7,6648,1053,Built Up area: 117 (97.83 sq.m.),3,3,0,1,,Undefined,,117,,0,0,0,0,0,0,0
house,grover homes sec 4,sector 4,4.75,9374,5067,Plot area 563(470.74 sq.m.),5,5,1,1,South-East,Old Property,,5067,,1,1,0,1,0,1,35
house,independent,sector 24,11,28898,3806,Plot area 3806.45(353.63 sq.m.)Built Up area: 5000 sq.ft. (464.52 sq.m.),8,11,3+,3,East,Old Property,,5000,,1,1,0,1,1,1,39
flat,signature global city,sector 37d,1,8160,1225,Built Up area: 1250 (116.13 sq.m.)Carpet area: 915 sq.ft. (85.01 sq.m.),3,3,3,4,South-East,Under Construction,,1250,915,0,0,0,0,0,0,49
flat,gls arawali homes,sohna road,0.3,5291,567,Built Up area: 567 (52.68 sq.m.),2,2,0,10,,Undefined,,567,,0,0,0,0,0,0,0
flat,indiabulls centrum park,sector 103,1.32,7787,1695,Super Built up area 1695(157.47 sq.m.)Built Up area: 1300 sq.ft. (120.77 sq.m.)Carpet area: 1200 sq.ft. (111.48 sq.m.),3,3,3+,6,North-East,Relatively New,1695,1300,1200,1,0,0,0,0,0,49
flat,sare crescent parc,sector 92,0.9,4260,2113,Super Built up area 1995(185.34 sq.m.),4,5,3+,3,,Relatively New,1995,,,0,1,0,0,0,0,0
flat,bestech park view ananda,sector 81,1.15,6927,1660,Super Built up area 1660(154.22 sq.m.)Carpet area: 1282 sq.ft. (119.1 sq.m.),3,2,3+,6,South,Relatively New,1660,,1282,1,0,0,0,0,1,104
flat,m3m merlin,sector 67,3.32,14079,2358,Super Built up area 2358(219.07 sq.m.)Carpet area: 1709 sq.ft. (158.77 sq.m.),3,4,3,8,North-West,New Property,2358,,1709,0,1,0,0,0,1,174
house,unitech uniworld resorts,sector 33,11.5,24573,4680,Plot area 520(434.79 sq.m.),5,6,3+,4,East,Relatively New,,4680,,0,1,0,0,0,0,84
house,international city by sobha phase 2,sector 109,8.75,24306,3600,Plot area 400(334.45 sq.m.),5,5,3+,3,North-East,New Property,,3600,,1,1,1,1,0,1,153
flat,mapsko mount ville,sector 79,1.25,8389,1490,Super Built up area 1490(138.43 sq.m.)Built Up area: 1058 sq.ft. (98.29 sq.m.)Carpet area: 863.91 sq.ft. (80.26 sq.m.),3,3,3,18,South,Relatively New,1490,1058,863.91,1,0,0,0,0,1,102
flat,m3m golfestate,sector 65,7,18181,3850,Carpet area: 3850 (357.68 sq.m.),3,3,2,12,North,Moderately Old,,,3850,0,0,1,0,0,0,60
flat,assotech blith,sector 99,0.82,6007,1365,Built Up area: 1365 (126.81 sq.m.),2,2,3,0,,Undefined,,1365,,0,0,0,0,0,0,51
flat,assotech blith,sector 99,0.92,6739,1365,Super Built up area 1365(126.81 sq.m.),2,2,3+,22,,Under Construction,1365,,,0,0,0,0,0,0,56
house,independent,sector 26,16,35556,4500,Plot area 500(418.06 sq.m.),5,6,3,2,North-East,Old Property,,4500,,0,0,0,0,0,0,0
flat,bptp terra,sector 37d,1.8,8215,2191,Super Built up area 2191(203.55 sq.m.)Carpet area: 1860 sq.ft. (172.8 sq.m.),4,3,3,18,North-West,Relatively New,2191,,1860,1,1,0,1,0,0,49
flat,ansal height 86,sector 86,0.8,5882,1360,Built Up area: 1360 (126.35 sq.m.),2,2,0,1,,Undefined,,1360,,0,0,0,0,0,0,0
house,independent,sector 9,0.6,10753,558,Plot area 62(51.84 sq.m.),3,3,1,2,,Relatively New,,558,,0,0,0,0,0,0,0
house,independent,sector 24,3.2,59259,540,Plot area 60(50.17 sq.m.),14,14,3+,6,West,Relatively New,,540,,0,0,0,0,0,2,15
house,independent,sector 43,27.5,24366,11286,Plot area 1254(1048.5 sq.m.),6,7,3+,3,North-East,Relatively New,,11286,,1,1,0,1,1,1,42
flat,smart world gems,sector 89,1.1,9972,1103,Carpet area: 1103 (102.47 sq.m.),2,2,2,3,,New Property,,,1103,0,0,1,0,0,0,77
flat,shapoorji pallonji joyville gurugram,sector 102,1.6,11700,1368,Built Up area: 1368 (127.09 sq.m.),2,2,3,14,,Moderately Old,,1368,,0,0,0,0,0,0,0
house,independent,sector 26,7,39265,1783,Plot area 1782.72(165.62 sq.m.),5,5,2,3,North-East,Relatively New,,1782.72,,0,1,0,0,0,0,9
flat,microtek greenburg,sector 86,1.3,15294,850,Carpet area: 850 (78.97 sq.m.),2,3,3,5,North-East,Relatively New,,,850,1,0,0,0,0,1,45
flat,bestech park view residency,sector 2,1.59,8281,1920,Super Built up area 1920(178.37 sq.m.),3,4,3+,11,North-West,Moderately Old,1920,,,0,1,0,0,0,0,100
flat,godrej nature plus,sector 33,1.08,13126,823,Carpet area: 76.44,2,2,3,8,,Under Construction,,,76.44,0,0,0,0,0,0,56
flat,adani brahma samsara vilasa,sector 63,3.25,29545,1100,Built Up area: 2700 (250.84 sq.m.)Carpet area: 1100 sq.ft. (102.19 sq.m.),3,3,3,4,North-East,New Property,,2700,1100,0,0,0,0,1,0,41
house,independent,sector 3,0.9,80357,112,Built Up area: 112 (10.41 sq.m.),3,3,0,2,,Undefined,,112,,0,0,0,0,0,0,0
flat,godrej oasis,sector 88a,1.15,9856,1167,Carpet area: 108.4,2,2,1,12,,New Property,,,108.4,1,0,0,0,0,0,79
flat,smart world orchard,sector 61,1.47,12782,1150,Carpet area: 1150 (106.84 sq.m.),2,2,2,4,East,Under Construction,,,1150,1,0,0,0,0,0,31
flat,bestech park view grand spa,sector 81,2.2,8270,2660,Super Built up area 2660(247.12 sq.m.)Carpet area: 2300 sq.ft. (213.68 sq.m.),3,4,3+,8,East,Relatively New,2660,,2300,0,1,0,0,0,1,165
flat,godrej nature plus,sector 33,1.31,15982,820,Carpet area: 76.44,2,2,2,4,,Under Construction,,,76.44,0,0,0,0,0,0,92
flat,satya the hermitage,sector 103,0.89,6137,1450,Super Built up area 1450(134.71 sq.m.)Carpet area: 1081 sq.ft. (100.43 sq.m.),2,3,3,1,,Relatively New,1450,,1081,0,1,0,0,0,1,75
house,dlf city plots phase 3,sector 24,1.44,26667,540,Plot area 60(50.17 sq.m.),4,2,2,1,,Old Property,,540,,0,0,0,0,0,0,8
house,independent,sector 108,1.34,5000,2680,Built Up area: 2680 (248.98 sq.m.),1,1,0,1,,Undefined,,2680,,0,0,0,0,0,0,0
house,dlf city plots phase 2,sector 25,10,400000,250,Plot area 250(23.23 sq.m.),12,12,3+,4,North,Relatively New,,250,,1,1,0,0,0,1,114
house,independent,sector 7,0.53,5888,900,Built Up area: 900 (83.61 sq.m.),2,2,0,1,,Undefined,,900,,0,0,0,0,0,0,0
flat,conscient heritage max,sector 102,1.82,9011,2020,Super Built up area 1942(180.42 sq.m.),3,4,3+,12,North-East,Relatively New,1942,,,0,1,0,0,0,0,101
flat,supertech hues,sector 68,0.8,6779,1180,Built Up area: 1180 (109.63 sq.m.),2,2,3+,14,,New Property,,1180,,0,0,0,0,0,1,26
flat,guru gram haryana cghs,sector 56,1.39,8424,1650,Super Built up area 1850(171.87 sq.m.)Built Up area: 1750 sq.ft. (162.58 sq.m.)Carpet area: 1650 sq.ft. (153.29 sq.m.),3,2,3,6,South,Old Property,1850,1750,1650,0,1,0,1,0,1,89
flat,unitech fresco,sector 50,1.88,10479,1794,Super Built up area 1794(166.67 sq.m.)Built Up area: 1790 sq.ft. (166.3 sq.m.)Carpet area: 1450 sq.ft. (134.71 sq.m.),3,3,3+,14,North,Moderately Old,1794,1790,1450,0,0,0,0,1,1,174
flat,m3m heights,sector 65,2.79,14168,1969,Super Built up area 1828(169.83 sq.m.),3,3,3,26,East,New Property,1828,,,0,0,0,0,0,0,15
flat,smart world orchard,sector 61,2.5,16139,1549,Built Up area: 1549 (143.91 sq.m.),3,3,1,1,East,Undefined,,1549,,0,0,0,0,0,0,61
flat,cghs hewo apartments,sector 31,1.25,11574,1080,Carpet area: 1080 (100.34 sq.m.),2,2,2,2,,Old Property,,,1080,0,0,0,0,0,0,28
flat,signature global solera,sector 107,0.37,6751,548,Super Built up area 548(50.91 sq.m.),2,2,1,10,South,Relatively New,548,,,0,0,0,0,0,0,73
flat,breeze global heights,sector 33,0.4,6421,623,Built Up area: 623 (57.88 sq.m.)Carpet area: 599 sq.ft. (55.65 sq.m.),2,2,2,4,,Undefined,,623,599,0,0,0,0,0,0,0
flat,hsiidc sidco aravali,manesar,0.9,3477,2588,Super Built up area 2588(240.43 sq.m.)Built Up area: 1900 sq.ft. (176.52 sq.m.),3,3,3,2,,Old Property,2588,1900,,0,1,0,0,0,2,21
flat,dlf regency park,sector 28,2.35,13224,1777,Super Built up area 1777(165.09 sq.m.),3,3,2,18,North-East,Old Property,1777,,,0,1,0,0,0,0,120
house,dlf city plots,sector 26,17.3,38734,4466,Plot area 502(419.74 sq.m.),6,7,3+,3,North,New Property,,4518,,1,1,1,1,0,1,124
house,dlf city plots phase 2,sector 25,6.5,36111,1800,Plot area 200(167.23 sq.m.),5,5,3+,3,East,Old Property,,1800,,1,1,1,1,0,1,134
flat,ansal maple heights,sector 43,1.5,12658,1185,Super Built up area 1400(130.06 sq.m.)Built Up area: 1385 sq.ft. (128.67 sq.m.)Carpet area: 1185 sq.ft. (110.09 sq.m.),3,3,3+,7,North-East,Old Property,1400,1385,1185,0,0,1,0,0,1,174
flat,orris aster court premier,sector 85,1.73,6757,2560,Super Built up area 2560(237.83 sq.m.)Built Up area: 2017 sq.ft. (187.39 sq.m.),4,5,3+,8,East,Relatively New,2560,2017,,0,1,0,0,0,0,16
flat,tata primanti,sector 72,5,11363,4400,Super Built up area 4400(408.77 sq.m.)Built Up area: 4000 sq.ft. (371.61 sq.m.)Carpet area: 3500 sq.ft. (325.16 sq.m.),4,4,3+,2,North-East,New Property,4400,4000,3500,1,1,1,0,0,1,174
flat,tulip violet,sector 69,1.7,8457,2010,Super Built up area 2010(186.74 sq.m.)Carpet area: 1610 sq.ft. (149.57 sq.m.),4,4,2,10,South-West,Relatively New,2010,,1610,1,1,1,1,0,0,174
flat,smart world orchard,sector 61,2.57,15766,1630,Carpet area: 1630 (151.43 sq.m.),3,3,2,3,North-East,Under Construction,,,1630,1,0,0,0,0,0,0
flat,ss the leaf,sector 85,2.2,5641,3900,Super Built up area 3950(366.97 sq.m.)Built Up area: 3920 sq.ft. (364.18 sq.m.)Carpet area: 3900 sq.ft. (362.32 sq.m.),4,6,3,10,North-West,Relatively New,3950,3920,3900,0,1,0,0,0,0,174
flat,dlf new town heights,sector 86,1.55,6578,2356,Super Built up area 2356(218.88 sq.m.)Carpet area: 1750 sq.ft. (162.58 sq.m.),4,4,3+,12,North-East,Moderately Old,2356,,1750,0,1,0,1,0,1,120
flat,sidhartha ncr one phase,sector 95,0.6,4800,1250,Built Up area: 1250 (116.13 sq.m.),2,2,3,10,North-East,Undefined,,1250,,0,0,0,0,0,0,0
flat,aipl the peaceful homes,sector 70a,2.55,11860,2150,Super Built up area 2150(199.74 sq.m.)Built Up area: 2000 sq.ft. (185.81 sq.m.),3,3,3,20,North-East,New Property,2150,2000,,0,1,0,1,1,1,150
flat,deepak minda,manesar,1.25,4716,2651,Carpet area: 2650 (246.19 sq.m.),3,3,3+,6,,Moderately Old,,,2650,0,1,0,0,0,0,44
flat,hero homes,sector 104,1.35,9565,1411,Super Built up area 1359(126.26 sq.m.)Carpet area: 861.97 sq.ft. (80.08 sq.m.),3,2,2,18,East,New Property,1359,,861.97,0,0,0,0,0,0,49
flat,apna enclave,sector 3,0.58,6105,950,Super Built up area 950(88.26 sq.m.)Built Up area: 900 sq.ft. (83.61 sq.m.)Carpet area: 744 sq.ft. (69.12 sq.m.),2,2,2,2,North-East,Old Property,950,900,744,0,0,0,0,0,0,66
flat,elan mercado,sector 80,0.85,12408,685,Carpet area: 685 (63.64 sq.m.),1,1,1,15,,Relatively New,,,685,0,0,0,0,0,0,60
flat,ambience creacions,sector 22,3.5,19444,1800,Carpet area: 1800 (167.23 sq.m.),3,4,3+,8,East,New Property,,,1800,0,1,0,0,0,1,57
flat,parsvnath green ville,sector 48,1.42,8606,1650,Super Built up area 1650(153.29 sq.m.),3,3,3,1,North-West,Moderately Old,1650,,,0,0,1,0,0,2,174
flat,tata primanti,sector 72,3.5,11428,3063,Built Up area: 2625 (243.87 sq.m.),4,5,3+,10,West,Relatively New,,2625,,0,1,0,0,1,0,38
flat,godrej,sector 79,1.47,16256,904,Carpet area: 84.01,2,2,3,9,North-East,New Property,,,84.01,1,0,0,0,0,0,99
flat,eldeco accolade,sohna road,0.73,5775,1264,Super Built up area 1264(117.43 sq.m.)Carpet area: 730 sq.ft. (67.82 sq.m.),2,2,3,5,West,Relatively New,1264,,730,0,0,0,1,0,0,33
house,independent,sector 25,4.45,32963,1350,Plot area 150(125.42 sq.m.),4,3,3+,2,West,Moderately Old,,1350,,0,0,1,0,0,0,79
flat,surendra avenue 69,sector 69,0.75,6818,1100,Built Up area: 1100 (102.19 sq.m.),2,2,2,4,,Moderately Old,,1100,,0,0,0,0,0,0,0
flat,ats tourmaline,sector 109,2.3,8897,2585,Super Built up area 2585(240.15 sq.m.),3,4,3+,10,East,New Property,2585,,,0,1,0,0,1,0,74
flat,gls arawali homes,sohna road,0.35,7000,500,Super Built up area 567(52.68 sq.m.)Built Up area: 556 sq.ft. (51.65 sq.m.)Carpet area: 500 sq.ft. (46.45 sq.m.),2,2,2,5,,Relatively New,567,556,500,0,0,0,0,0,0,30
house,independent,sector 103,2.25,6367,3534,Built Up area: 3534 (328.32 sq.m.)Carpet area: 2000 sq.ft. (185.81 sq.m.),3,5,3+,10,South,Undefined,,3534,2000,0,0,0,0,0,0,0
flat,tulip violet,sector 69,1.65,8872,1860,Built Up area: 1578 (146.6 sq.m.),3,3,2,1,,Relatively New,,1578,,0,0,0,0,0,1,69
house,madan puri,sector 7,0.75,12500,600,Plot area 600(55.74 sq.m.),3,5,3,3,South-East,Moderately Old,,600,,0,0,0,0,0,0,0
flat,supertech araville,sector 79,0.78,6024,1295,Super Built up area 1295(120.31 sq.m.),2,2,3+,0,,New Property,1295,,,0,0,0,0,1,0,74
flat,woodstock floors,sector 50,1.05,10627,988,Carpet area: 988 (91.79 sq.m.),2,2,2,2,North,Moderately Old,,,988,0,0,0,0,0,0,53
flat,professors enclave cghs,sector 56,1.54,8324,1850,Super Built up area 2000(185.81 sq.m.)Built Up area: 1920 sq.ft. (178.37 sq.m.)Carpet area: 1850 sq.ft. (171.87 sq.m.),3,3,2,6,South,Old Property,2000,1920,1850,0,1,0,1,0,1,104
flat,the close north,sector 50,2.35,11767,1997,Super Built up area 1997(185.53 sq.m.)Built Up area: 1950 sq.ft. (181.16 sq.m.)Carpet area: 1850 sq.ft. (171.87 sq.m.),3,3,3+,8,North-East,Moderately Old,1997,1950,1850,0,0,0,0,0,1,165
flat,silverglades hightown residences,sector 43,4.2,19767,2125,Super Built up area 2150(199.74 sq.m.),3,4,2,7,East,Under Construction,2150,,,0,0,0,0,0,0,42
flat,tulip violet,sector 69,1.85,9203,2010,Super Built up area 2010(186.74 sq.m.),4,4,2,14,North-East,Relatively New,2010,,,0,0,0,0,0,1,157
flat,pivotal devaan,sector 84,0.34,5831,583,Super Built up area 583(54.16 sq.m.)Carpet area: 484 sq.ft. (44.97 sq.m.),2,2,1,3,East,Relatively New,583,,484,0,0,1,0,0,0,75
flat,rof ananda,sector 95,0.25,6578,380,Super Built up area 380(35.3 sq.m.),1,1,1,4,,New Property,380,,,0,0,0,0,0,0,0
flat,cancon enclave,sector 4,1.05,7777,1350,Carpet area: 1350 (125.42 sq.m.),3,2,2,2,,New Property,,,1350,0,0,0,0,0,1,0
house,unitech espace,sector 50,11.29,34846,3240,Plot area 360(301.01 sq.m.),5,5,3+,2,,Moderately Old,,3240,,1,0,0,1,0,0,21
house,raj villas,sector 52,8,25543,3132,Carpet area: 348 (290.97 sq.m.),6,5,3+,4,East,Undefined,,,348,0,0,0,0,0,0,0
flat,palam vihar society,sector 2,0.4,8602,465,Super Built up area 465(43.2 sq.m.)Built Up area: 450 sq.ft. (41.81 sq.m.)Carpet area: 425 sq.ft. (39.48 sq.m.),1,1,1,5,North,Moderately Old,465,450,425,0,0,0,0,0,1,39
flat,corona optus,sector 37,1.5,6361,2358,Super Built up area 2358(219.07 sq.m.),3,4,3+,14,North-East,New Property,2358,,,0,1,0,0,1,0,83
flat,paras dews,sector 106,1.5,6369,2355,Super Built up area 2355(218.79 sq.m.)Built Up area: 1535 sq.ft. (142.61 sq.m.)Carpet area: 1403 sq.ft. (130.34 sq.m.),4,6,3+,11,North-West,Relatively New,2355,1535,1403,0,1,0,0,0,0,174
house,independent,sector 5,3.5,14787,2367,Plot area 263(219.9 sq.m.),5,4,2,2,North,Old Property,,2367,,0,0,0,1,1,0,36
flat,surya vihar rwa,sector 21,1.3,6500,2000,Built Up area: 2400 (222.97 sq.m.)Carpet area: 2200 sq.ft. (204.39 sq.m.),5,5,2,2,South-East,Old Property,,2400,2200,1,1,1,0,0,1,42
house,independent,sector 15,1.8,10000,1800,Plot area 200(167.23 sq.m.),4,3,1,1,North-East,Old Property,,1800,,0,0,0,0,0,0,16
flat,pareena coban residences,sector 99,1.23,6159,1997,Super Built up area 1997(185.53 sq.m.),3,5,3,5,North-East,Relatively New,1997,,,0,1,0,0,0,0,99
flat,sare green parc,sector 92,0.85,6741,1261,Built Up area: 1261 (117.15 sq.m.),3,2,2,14,,Undefined,,1261,,0,0,0,0,0,0,0
flat,ambience creacions,sector 22,3.99,12912,3090,Super Built up area 3090(287.07 sq.m.),3,5,3+,3,,New Property,3090,,,0,1,0,0,0,2,102
flat,pivotal devaan,sector 84,0.3,6666,450,Carpet area: 450 (41.81 sq.m.),1,1,1,14,,New Property,,,450,0,0,0,0,0,1,22
flat,supertech araville,sector 79,0.83,5424,1530,Carpet area: 1530 (142.14 sq.m.),2,2,3,5,North-East,New Property,,,1530,1,0,0,0,0,2,49
flat,signature global the millennia,sector 37d,0.6,9230,650,Super Built up area 650(60.39 sq.m.)Carpet area: 596.12 sq.ft. (55.38 sq.m.),2,2,3,7,,New Property,650,,596.12,0,0,0,0,0,0,35
house,independent,sector 9,4.5,14286,3150,Plot area 14(354.1 sq.m.),9,9,3+,3,,Relatively New,,14,,1,0,0,1,1,1,38
flat,pivotal devaan,sector 84,0.35,7246,483,Carpet area: 483 (44.87 sq.m.),2,2,2,4,East,Relatively New,,,483,0,0,0,0,0,0,37
flat,signature the roselia,sector 95,0.45,7908,569,Carpet area: 569 (52.86 sq.m.),2,2,2,2,East,New Property,,,569,0,0,0,0,0,1,31
flat,ats marigold,sector 89,1.85,8604,2150,Super Built up area 2150(199.74 sq.m.),3,3,3+,12,South-West,New Property,2150,,,0,1,0,0,0,0,37
flat,smart world orchard,sector 61,1.6,13913,1150,Carpet area: 1150 (106.84 sq.m.),2,2,2,4,,Under Construction,,,1150,0,0,0,0,0,0,16
flat,antriksh heights,sector 84,0.79,4579,1725,Super Built up area 1725(160.26 sq.m.),3,3,3+,8,West,New Property,1725,,,0,0,0,0,0,0,24
flat,avl 36 gurgaon,sector 36,0.65,8953,726,Super Built up area 726(67.45 sq.m.),2,2,2,7,,Relatively New,726,,,0,0,0,0,0,0,89
flat,ompee k s residency,sector 110,1.6,26936,594,Carpet area: 66 (55.18 sq.m.),2,2,2,1,,Relatively New,,,66,0,0,0,0,0,0,0
flat,ss the leaf,sector 85,2,11869,1685,Super Built up area 2408(223.71 sq.m.)Carpet area: 1685 sq.ft. (156.54 sq.m.),3,4,3,5,West,Relatively New,2408,,1685,0,1,0,0,0,0,156
house,independent,sector 9,0.5,6083,822,Built Up area: 822 (76.37 sq.m.)Carpet area: 750 sq.ft. (69.68 sq.m.),3,2,1,1,,Undefined,,822,750,0,0,0,0,0,0,0
flat,ats marigold,sector 89,1.5,8571,1750,Carpet area: 1750 (162.58 sq.m.),3,3,3,2,,New Property,,,1750,0,0,0,0,1,0,49
flat,dlf new town heights,sector 90,1.51,6387,2364,Super Built up area 2364(219.62 sq.m.)Built Up area: 2362 sq.ft. (219.44 sq.m.)Carpet area: 2360 sq.ft. (219.25 sq.m.),4,4,3+,6,South,Relatively New,2364,2362,2360,0,1,0,1,0,1,142
flat,bestech park view grand spa,sector 81,2.25,8458,2660,Super Built up area 2660(247.12 sq.m.)Built Up area: 2300 sq.ft. (213.68 sq.m.)Carpet area: 2100 sq.ft. (195.1 sq.m.),3,4,3+,8,West,Relatively New,2660,2300,2100,1,1,1,0,0,1,122
flat,mapsko mount ville,sector 79,1.55,8539,1815,Super Built up area 1815(168.62 sq.m.)Carpet area: 1071.33 sq.ft. (99.53 sq.m.),3,4,3,11,South-West,Relatively New,1815,,1071.33,0,1,0,0,0,1,152
flat,dlf new town heights,sector 91,1.65,6345,2600,Super Built up area 2364(219.62 sq.m.),4,4,3+,11,West,Moderately Old,2364,,,0,1,0,0,0,0,72
flat,m3m merlin,sector 67,3.5,14843,2358,Super Built up area 2358(219.07 sq.m.),3,4,3+,15,South,Relatively New,2358,,,0,1,0,0,0,1,158
house,project housing board colony,sector 28,2.58,17695,1458,Carpet area: 1300 (120.77 sq.m.),4,2,2,2,,Undefined,,,1300,0,0,0,0,0,0,0
flat,ansal housing highland park,sector 103,1.1,6242,1762,Super Built up area 1762(163.7 sq.m.)Built Up area: 1500 sq.ft. (139.35 sq.m.)Carpet area: 1300 sq.ft. (120.77 sq.m.),3,3,3+,7,North-East,New Property,1762,1500,1300,0,0,0,0,0,0,87
flat,eden landmark,manesar,0.5,3847,1300,Built Up area: 1300 (120.77 sq.m.),2,2,0,7,,Under Construction,,1300,,0,0,0,0,0,0,0
flat,ss the leaf,sector 85,1.05,6402,1640,Super Built up area 1640(152.36 sq.m.),2,2,3,11,North-East,Relatively New,1640,,,0,0,0,0,0,0,44
flat,godrej oasis,sector 88a,2.65,16747,1582,Carpet area: 124,3,3,3+,10,,New Property,,,124,0,0,0,0,0,0,110
flat,pyramid urban,sector 67a,0.55,10516,523,Carpet area: 523 (48.59 sq.m.),2,2,2,3,South-West,Relatively New,,,523,0,0,0,0,0,0,73
flat,shree vardhman flora,sector 90,0.7,5325,1315,Super Built up area 1352(125.6 sq.m.)Built Up area: 1350 sq.ft. (125.42 sq.m.),2,2,3,9,East,New Property,1352,1350,,1,0,0,0,0,0,60
flat,dhoot time residency,sector 63,3,18271,1642,Built Up area: 1642 (152.55 sq.m.)Carpet area: 1500 sq.ft. (139.35 sq.m.),3,3,3+,14,,Relatively New,,1642,1500,0,1,0,0,0,1,0
flat,vipul lavanya,sector 81,1,8000,1250,Super Built up area 1250(116.13 sq.m.),2,2,2,7,,Relatively New,1250,,,0,0,0,0,0,0,31
flat,sunischit apartments,sector 54,1.75,7954,2200,Super Built up area 2200(204.39 sq.m.)Built Up area: 1900 sq.ft. (176.52 sq.m.)Carpet area: 1700 sq.ft. (157.94 sq.m.),3,4,3+,5,East,Moderately Old,2200,1900,1700,0,1,0,0,0,1,83
flat,signature global park,sohna road,0.9,6254,1439,Carpet area: 1439 (133.69 sq.m.),3,3,3,3,North-West,Relatively New,,,1439,0,0,0,1,0,0,96
flat,indiabulls centrum park,sector 103,1.01,8080,1250,Super Built up area 1423(132.2 sq.m.)Carpet area: 1250 sq.ft. (116.13 sq.m.),2,2,3,5,West,Relatively New,1423,,1250,0,0,1,0,0,1,165
house,international city by sobha phase 2,sector 109,9.5,26389,3600,Plot area 400(334.45 sq.m.),5,5,3+,2,South,Relatively New,,3600,,1,1,1,1,0,0,133
house,independent,sector 28,9,27778,3240,Plot area 360(301.01 sq.m.),6,7,3+,3,North,Moderately Old,,3240,,1,1,1,1,0,0,67
house,independent,sector 11,,,,Plot area 2700(250.84 sq.m.),6,4,2,2,East,Moderately Old,,2700,,0,0,0,0,0,0,15
house,vatika signature villas,sector 82,3.2,14351,2230,Plot area 2160(200.67 sq.m.),3,4,3,1,,New Property,,2160,,1,1,1,1,0,0,66
flat,paras dews,sector 106,0.97,8818,1100,Super Built up area 1385(128.67 sq.m.)Built Up area: 1200 sq.ft. (111.48 sq.m.)Carpet area: 1100 sq.ft. (102.19 sq.m.),2,2,3,6,North-East,New Property,1385,1200,1100,0,0,0,1,0,1,174
house,vipul tatvam villa,sector 48,7.35,22812,3222,Plot area 358(299.33 sq.m.),4,5,2,2,South,Moderately Old,,3222,,1,1,1,1,0,1,144
flat,sare crescent parc,sector 92,0.82,5384,1523,Built Up area: 1523 (141.49 sq.m.),3,3,3+,12,West,Undefined,,1523,,0,0,0,0,0,0,0
house,independent,sector 8,0.32,7111,450,Built Up area: 450 (41.81 sq.m.)Carpet area: 300 sq.ft. (27.87 sq.m.),2,3,1,1,North-East,Relatively New,,450,300,0,0,0,0,0,0,0
flat,dlf new town heights,sector 86,1.4,5942,2356,Super Built up area 2356(218.88 sq.m.),4,4,3+,20,South-East,Relatively New,2356,,,0,1,0,1,0,0,65
flat,tulip ivory,sector 70,2.35,9791,2400,Carpet area: 2400 (222.97 sq.m.),4,4,3+,8,West,Moderately Old,,,2400,0,1,0,0,0,0,108
flat,central park flower valley,sector 33,3.3,13750,2400,Carpet area: 2400 (222.97 sq.m.),3,3,3,2,,Under Construction,,,2400,1,1,1,1,0,0,61
house,independent,sector 104,0.8,80000,100,Plot area 100(9.29 sq.m.),13,6,3+,3,South,Moderately Old,,100,,1,1,0,1,1,0,0
flat,smart world orchard,sector 61,2,12911,1549,Carpet area: 1549 (143.91 sq.m.),3,3,2,3,,New Property,,,1549,0,0,0,0,1,0,61
flat,dlf the primus,sector 82a,2.7,10481,2576,Super Built up area 2576(239.32 sq.m.)Carpet area: 1306 sq.ft. (121.33 sq.m.),4,4,3+,18,East,Moderately Old,2576,,1306,0,1,0,0,0,0,38
house,vatika signature villas,sector 82,5,15432,3240,Plot area 360(301.01 sq.m.),4,4,3+,3,East,Relatively New,,3240,,0,1,1,1,0,0,24
house,independent,sector 4,0.65,92857,70,Plot area 70(6.5 sq.m.),1,1,1,1,South-East,Moderately Old,,70,,0,0,0,0,1,0,21
flat,tata primanti,sector 72,3.4,15560,2185,Super Built up area 2185(202.99 sq.m.),3,4,3+,9,,Moderately Old,2185,,,0,1,0,0,0,0,38
flat,puri diplomatic greens,sector 111,3.9,13000,3000,Super Built up area 3000(278.71 sq.m.)Carpet area: 2950 sq.ft. (274.06 sq.m.),4,5,3+,6,North-East,Relatively New,3000,,2950,0,1,0,0,0,2,160
flat,emaar mgf the palm drive,sector 66,1.51,15130,998,Super Built up area 1200(111.48 sq.m.)Built Up area: 1188 sq.ft. (110.37 sq.m.)Carpet area: 998 sq.ft. (92.72 sq.m.),2,2,2,5,North,Relatively New,1200,1188,998,0,0,0,1,0,1,82
flat,dlf the skycourt,sector 86,1.6,8294,1929,Super Built up area 1929(179.21 sq.m.),3,3,1,14,North-East,Relatively New,1929,,,0,0,0,1,0,0,72
flat,sare petioles,sector 92,1.25,6097,2050,Carpet area: 2050 (190.45 sq.m.),3,3,3,18,,Under Construction,,,2050,0,1,0,0,0,0,44
flat,trisara our homes 3,sohna road,0.4,6561,610,Carpet area: 602 (55.93 sq.m.),2,2,1,0,South,New Property,,,602,0,0,0,0,0,1,90
flat,imperia the esfera,sector 37,1.1,5405,2035,Super Built up area 2035(189.06 sq.m.)Carpet area: 1760 sq.ft. (163.51 sq.m.),3,4,3,9,West,Relatively New,2035,,1760,1,1,0,0,0,0,49
flat,vatika city homes,sector 83,1,5747,1740,Super Built up area 1740(161.65 sq.m.),3,3,2,2,South-East,Relatively New,1740,,,0,0,1,0,0,1,174
flat,godrej,sector 79,1.93,8532,2262,Super Built up area 2262(210.15 sq.m.),3,4,3+,5,East,Relatively New,2262,,,0,1,0,0,0,0,158
flat,ss the leaf,sector 85,1.05,6163,1704,Super Built up area 1671(155.24 sq.m.),2,2,3+,7,West,Relatively New,1671,,,0,0,1,0,0,0,144
flat,supertech hues,sector 68,0.82,6950,1180,Super Built up area 1180(109.63 sq.m.),2,2,3+,21,,Under Construction,1180,,,0,0,0,0,1,0,72
flat,orris carnation residency,sector 85,0.55,5788,950,Super Built up area 1115(103.59 sq.m.)Built Up area: 1050 sq.ft. (97.55 sq.m.)Carpet area: 950 sq.ft. (88.26 sq.m.),2,2,2,5,North-East,Relatively New,1115,1050,950,0,0,0,0,1,0,174
house,satya the hermitage,sector 103,3.15,6702,4700,Built Up area: 4700 (436.64 sq.m.),4,5,0,12,East,Undefined,,4700,,0,0,0,0,0,0,61
flat,emaar gurgaon greens,sector 102,1.6,9696,1650,Super Built up area 1650(153.29 sq.m.)Carpet area: 1022.58 sq.ft. (95 sq.m.),3,3,3,8,,Relatively New,1650,,1022.58,0,0,0,0,0,0,46
flat,unitech uniworld gardens,sector 47,2.4,11505,2086,Super Built up area 2086(193.8 sq.m.),3,3,3+,10,,Moderately Old,2086,,,0,1,0,0,0,1,120
flat,shree vardhman flora,sector 90,1.3,5252,2475,Super Built up area 2475(229.94 sq.m.)Carpet area: 1825 sq.ft. (169.55 sq.m.),4,5,2,9,North-East,Relatively New,2475,,1825,1,1,0,0,0,0,110
house,godrej meridien,sector 106,5.6,14000,4000,Plot area 4000(371.61 sq.m.),5,4,3+,33,North-East,New Property,,4000,,1,1,1,1,0,0,151
flat,bestech park view city,sector 48,1.8,10250,1756,Carpet area: 1756 (163.14 sq.m.),3,4,3,3,North-West,Moderately Old,,,1756,1,0,0,0,0,1,76
flat,sbtl caladium,sector 109,1.68,6601,2545,Super Built up area 2545(236.44 sq.m.),3,3,3+,7,East,Moderately Old,2545,,,0,1,0,0,0,0,134
house,ss aaron ville,sector 49,6.75,15000,4500,Built Up area: 4500 (418.06 sq.m.),5,4,2,2,North,New Property,,4500,,0,0,0,0,1,0,49
flat,corona gracieux,sector 76,1.46,5500,2655,Super Built up area 2650(246.19 sq.m.),4,6,3+,8,,New Property,2650,,,0,1,0,0,0,0,58
flat,umang monsoon breeze,sector 78,1.2,6493,1848,Super Built up area 2250(209.03 sq.m.)Carpet area: 1848 sq.ft. (171.68 sq.m.),3,3,2,8,,Moderately Old,2250,,1848,0,0,0,1,0,2,8
flat,global hill view,sector 11,0.36,5150,699,Built Up area: 699 (64.94 sq.m.),2,2,0,15,,Undefined,,699,,0,0,0,0,0,0,0
flat,mvn athens,sohna road,0.25,5189,482,Carpet area: 481.73 (44.75 sq.m.),2,2,1,0,North,Relatively New,,,481.684525,0,0,0,1,0,0,90
flat,housing apna enclave,sector 4,0.39,4105,950,Built Up area: 950 (88.26 sq.m.)Carpet area: 750 sq.ft. (69.68 sq.m.),2,2,1,1,North-East,Undefined,,950,750,0,0,0,0,0,0,0
house,independent,sector 7,0.45,5000,900,Carpet area: 900 (83.61 sq.m.),3,2,0,1,,Undefined,,,900,0,0,0,0,0,0,0
house,sushant lok 1 builder floors,sector 43,10.85,28841,3762,Plot area 418(349.5 sq.m.),8,8,3,3,West,Moderately Old,,3762,,1,1,1,1,0,2,160
house,independent,sector 11,0.9,10000,900,Plot area 900(83.61 sq.m.),7,4,3+,4,,Moderately Old,,900,,0,0,0,0,0,0,7
flat,ss the leaf,sector 85,1.3,7926,1640,Super Built up area 1640(152.36 sq.m.),2,2,2,17,,New Property,1640,,,0,0,0,0,0,0,90
flat,dlf new town heights,sector 90,2,7334,2727,Super Built up area 2727(253.35 sq.m.),4,4,3+,20,East,Moderately Old,2727,,,0,1,0,0,1,0,49
flat,tata primanti,sector 72,3.85,13253,2905,Super Built up area 2905(269.88 sq.m.),4,5,3+,13,North,Relatively New,2905,,,0,1,0,0,0,1,174
flat,signature global solera,sector 107,0.28,5725,489,Carpet area: 489 (45.43 sq.m.),2,2,2,6,West,Relatively New,,,489,0,0,0,0,0,0,45
house,eldeco mansionz,sector 48,4.75,20299,2340,Plot area 260(217.39 sq.m.),7,7,3,2,North-East,Moderately Old,,2340,,1,0,0,0,0,1,33
flat,sare crescent parc,sector 92,0.5,5000,1000,Super Built up area 1000(92.9 sq.m.),2,2,2,2,,Relatively New,1000,,,0,0,0,0,1,0,72
flat,unitech vistas,sector 70,0.53,4800,1104,Super Built up area 1095(101.73 sq.m.),2,2,2,9,,Under Construction,1095,,,0,0,0,0,1,0,24
flat,paras irene,sector 70a,1.3,9219,1410,Super Built up area 1420(131.92 sq.m.)Carpet area: 1410 sq.ft. (130.99 sq.m.),2,2,3,19,,Moderately Old,1420,,1410,0,0,0,0,0,1,49
flat,smart world gems,sector 89,1.2,8432,1423,Carpet area: 1423 (132.2 sq.m.),3,3,2,2,North-East,New Property,,,1423,0,0,0,0,0,0,44
flat,experion windchants,sector 112,2.5,13888,1800,Super Built up area 2441(226.78 sq.m.)Built Up area: 1939.03 sq.ft. (180.14 sq.m.)Carpet area: 1800 sq.ft. (167.23 sq.m.),2,2,3,10,East,Relatively New,2441,1939.03,1800,1,0,0,1,0,1,174
flat,vatika xpressions,sector 88,0.92,6815,1350,Built Up area: 1350 (125.42 sq.m.)Carpet area: 1120 sq.ft. (104.05 sq.m.),2,2,3,3,,New Property,,1350,1120,0,0,0,0,0,0,26
house,independent,sector 12,2.9,10740,2700,Plot area 2700(250.84 sq.m.),7,7,3,2,South-West,Old Property,,2700,,0,0,0,0,0,0,7
flat,m3m sierra 68,sector 68,1.25,10245,1220,Super Built up area 1220(113.34 sq.m.)Carpet area: 694 sq.ft. (64.47 sq.m.),2,2,3,4,,New Property,1220,,694,0,0,0,0,0,0,44
flat,conscient heritage max,sector 102,2.1,9772,2149,Super Built up area 2149(199.65 sq.m.),3,4,3+,10,East,Relatively New,2149,,,1,1,0,0,0,0,53
house,independent,sector 23,5.65,17706,3191,Plot area 342(285.96 sq.m.)Built Up area: 5000 sq.yards (4180.64 sq.m.)Carpet area: 4000 sq.yards (3344.51 sq.m.),7,7,3+,2,West,Moderately Old,,5000,4000,0,1,0,1,0,0,68
flat,paras dews,sector 106,1.25,10656,1173,Super Built up area 1900(176.52 sq.m.)Built Up area: 1305 sq.ft. (121.24 sq.m.)Carpet area: 1173 sq.ft. (108.98 sq.m.),3,4,3,14,East,Relatively New,1900,1305,1173,1,1,0,0,0,0,167
flat,emaar gurgaon greens,sector 102,1.3,7878,1650,Super Built up area 1650(153.29 sq.m.)Carpet area: 1022.58 sq.ft. (95 sq.m.),3,3,3,4,East,Relatively New,1650,,1022.58,0,1,0,0,0,1,125
flat,dlf new town heights,sector 90,1.2,6217,1930,Super Built up area 1930(179.3 sq.m.),3,3,3+,15,North,Relatively New,1930,,,0,0,0,0,0,0,37
flat,global hill view,sector 11,0.33,4271,773,Built Up area: 761 (70.7 sq.m.),2,2,0,11,,Undefined,,761,,0,0,0,0,0,0,0
flat,suncity vatsal valley,gwal pahari,1.38,9650,1430,Super Built up area 1430(132.85 sq.m.),3,3,2,1,East,Relatively New,1430,,,0,0,0,0,0,1,151
flat,corona optus,sector 37,1.2,6916,1735,Super Built up area 1735(161.19 sq.m.)Built Up area: 1635 sq.ft. (151.9 sq.m.)Carpet area: 1535 sq.ft. (142.61 sq.m.),3,4,3,8,South-West,Relatively New,1735,1635,1535,0,0,0,0,0,0,149
flat,bestech park view residency,sector 2,1.55,8072,1920,Super Built up area 1920(178.37 sq.m.),3,4,3+,4,East,Old Property,1920,,,0,1,0,0,0,0,84
flat,ss the leaf,sector 85,1.04,8320,1250,Super Built up area 1640(152.36 sq.m.)Built Up area: 1550 sq.ft. (144 sq.m.)Carpet area: 1250 sq.ft. (116.13 sq.m.),2,2,3,17,East,New Property,1640,1550,1250,0,0,0,0,1,0,145
house,emaar mgf marbella,sector 66,11,33951,3240,Plot area 360(301.01 sq.m.),5,6,3+,2,North-East,New Property,,3240,,1,1,1,1,0,1,153
house,unitech uniworld resorts,sector 33,,,,Plot area 520(434.79 sq.m.),5,8,3+,4,West,Relatively New,,520,,0,1,1,0,0,1,100
flat,ansal plaza,sector 2,1,10000,1000,Built Up area: 1000 (92.9 sq.m.),2,3,0,1,,Undefined,,1000,,0,0,0,0,0,0,0
flat,sonata group housing gh 24,manesar,1.65,5892,2800,Carpet area: 2800 (260.13 sq.m.),4,3,3,8,,New Property,,,2800,0,1,0,0,0,0,20
flat,emaar imperial gardens,sector 102,1.91,9550,2000,Super Built up area 2000(185.81 sq.m.)Carpet area: 1228.17 sq.ft. (114.1 sq.m.),3,4,2,17,East,Relatively New,2000,,1228.17,1,1,0,0,0,1,152
flat,hcbs sports ville,sector 2,0.35,4375,800,Built Up area: 800 (74.32 sq.m.)Carpet area: 600 sq.ft. (55.74 sq.m.),2,2,2,8,East,Relatively New,,800,600,0,0,0,0,0,0,37
house,bptp astaire gardens,sector 70a,6.5,27871,2332,Plot area 299(250 sq.m.),4,4,3+,2,North-East,New Property,,299,,1,1,0,1,0,1,160
house,unitech deerwood chase,sector 50,8.45,235376,359,Plot area 359(33.35 sq.m.),3,3,2,2,North-East,Old Property,,359,,1,1,0,0,0,1,102
flat,paras dews,sector 106,1.4,6000,2333,Super Built up area 1760(163.51 sq.m.),3,4,3+,12,,Under Construction,1760,,,1,1,0,0,1,0,55
flat,dlf regency park,sector 28,1.35,11739,1150,Super Built up area 1150(106.84 sq.m.)Built Up area: 1120 sq.ft. (104.05 sq.m.)Carpet area: 1050 sq.ft. (97.55 sq.m.),2,2,2,14,East,Old Property,1150,1120,1050,0,0,1,0,0,0,66
flat,piedmont taksila heights,sector 37,1,6506,1537,Carpet area: 1537 (142.79 sq.m.),3,3,3+,8,,Relatively New,,,1537,0,0,0,0,0,1,49
house,signature global city,sector 37d,1.27,8089,1570,Plot area 1570(145.86 sq.m.),3,3,3,4,East,Under Construction,,1570,,0,0,0,1,0,0,89
flat,suncity vatsal valley,gwal pahari,1,13340,750,Carpet area: 750 (69.68 sq.m.),2,2,2,3,,New Property,,,750,0,0,0,0,0,1,13
house,independent,sector 50,5,232,215517,Plot area 2(1011.71 sq.m.),6,5,3+,2,,New Property,,2,,1,1,0,1,1,1,0
flat,vatika lifestyle homes,sector 83,1.04,5699,1825,Super Built up area 1755(163.04 sq.m.)Built Up area: 1500 sq.ft. (139.35 sq.m.)Carpet area: 1100 sq.ft. (102.19 sq.m.),3,2,2,2,South-West,Moderately Old,1755,1500,1100,0,0,0,0,0,0,95
flat,umang monsoon breeze,sector 78,0.95,5491,1730,Built Up area: 1730 (160.72 sq.m.),3,3,2,9,East,Relatively New,,1730,,0,0,0,0,0,1,65
house,independent,sector 12,1.7,8000,2125,Built Up area: 2000 (185.81 sq.m.),5,5,3,3,,Moderately Old,,2000,,0,0,0,1,1,0,9
flat,ireo victory valley,sector 67,3.15,12846,2452,Super Built up area 2452(227.8 sq.m.),3,4,3+,15,South,Relatively New,2452,,,0,1,0,1,0,1,149
flat,chintels paradiso,sector 109,1.97,7490,2630,Super Built up area 2630(244.33 sq.m.),4,4,2,11,North-East,Relatively New,2630,,,0,1,0,1,0,0,49
flat,m3m the marina,sector 68,1.32,8759,1507,Super Built up area 1507(140 sq.m.),2,2,3,15,North-East,Relatively New,1507,,,1,0,0,0,0,0,120
flat,bestech park view residency,sector 2,1.36,7646,1779,Super Built up area 1780(165.37 sq.m.),3,3,3+,5,South-West,Moderately Old,1780,,,0,0,0,0,0,0,84
flat,puri emerald bay,sector 104,1.58,9117,1733,Super Built up area 1700(157.94 sq.m.),2,3,3,11,North-East,Relatively New,1700,,,0,1,0,0,0,0,101
house,independent,sector 3,0.6,6000,1000,Built Up area: 1000 (92.9 sq.m.),1,1,0,1,,Undefined,,1000,,0,0,0,0,0,0,0
house,independent,sector 57,3.3,19097,1728,Plot area 192(160.54 sq.m.),4,4,2,3,South-East,Moderately Old,,1728,,0,0,1,0,0,1,60
flat,vatika gurgaon,sector 83,0.87,6987,1245,Super Built up area 1245(115.66 sq.m.),2,2,2,3,East,Moderately Old,1245,,,0,0,0,0,0,0,35
flat,signature global orchard avenue,sector 93,0.85,14237,597,Built Up area: 597 (55.46 sq.m.),2,2,0,10,,Undefined,,597,,0,0,0,0,0,0,0
flat,smart world gems,sector 89,1.71,12000,1425,Built Up area: 1423 (132.2 sq.m.),3,2,0,3,,Undefined,,1423,,0,0,0,0,0,0,45
flat,signature global synera,sector 81,0.4,6319,633,Super Built up area 633(58.81 sq.m.)Carpet area: 539 sq.ft. (50.07 sq.m.),2,2,1,12,South,Relatively New,633,,539,0,0,0,0,0,0,23
flat,m3m woodshire,sector 107,1.45,6141,2361,Super Built up area 2361(219.34 sq.m.)Built Up area: 1900 sq.ft. (176.52 sq.m.),3,4,3+,7,South,Relatively New,2361,1900,,0,1,0,0,0,0,67
flat,paras dews,sector 106,1.34,9550,1403,Super Built up area 2355(218.79 sq.m.)Built Up area: 1535 sq.ft. (142.61 sq.m.)Carpet area: 1403 sq.ft. (130.34 sq.m.),4,5,3+,7,South-East,Relatively New,2355,1535,1403,0,1,0,0,0,0,49
house,independent,sector 28,,,,Plot area 270(225.75 sq.m.),16,16,3+,4,North-West,New Property,,270,,1,1,0,1,1,0,41
flat,bestech park view ananda,sector 81,1.4,7734,1810,Super Built up area 1810(168.15 sq.m.)Carpet area: 1180 sq.ft. (109.63 sq.m.),3,3,3+,6,North-West,Relatively New,1810,,1180,0,0,0,0,0,0,95
house,independent,sector 50,7,23333,3000,Plot area 2400(222.97 sq.m.)Built Up area: 3400 sq.ft. (315.87 sq.m.)Carpet area: 3000 sq.ft. (278.71 sq.m.),4,4,2,3,North-East,Old Property,,3400,3000,0,1,0,0,0,0,118
house,independent,sector 14,5.5,16975,3240,Plot area 360(301.01 sq.m.)Built Up area: 355 sq.yards (296.83 sq.m.)Carpet area: 300 sq.yards (250.84 sq.m.),5,4,2,2,East,Old Property,,355,300,1,0,0,0,0,0,27
flat,m3m heights,sector 65,1.95,16000,1219,Super Built up area 1261(117.15 sq.m.),2,2,3,16,,Under Construction,1261,,,0,0,0,0,0,0,44
flat,emaar gurgaon greens,sector 102,1.45,14179,1023,Super Built up area 1650(153.29 sq.m.)Carpet area: 1022.58 sq.ft. (95 sq.m.),3,3,3,10,North-East,Relatively New,1650,,1022.58,0,1,0,0,0,0,165
flat,vasant appartments,sector 14,1.7,7391,2300,Carpet area: 2300 (213.68 sq.m.),5,5,2,2,North-West,Old Property,,,2300,1,0,1,1,0,2,71
house,dlf city plots phase 2,sector 25,6.5,33592,1935,Plot area 215(179.77 sq.m.),9,9,3+,3,West,Old Property,,1935,,1,1,1,1,0,1,142
house,emaar the palm springs,sector 54,24,600000,400,Plot area 400(37.16 sq.m.),5,5,2,1,North-East,Old Property,,400,,1,1,0,1,0,1,122
flat,tulip violet,sector 69,1.37,8675,1579,Super Built up area 1578(146.6 sq.m.)Carpet area: 1538 sq.ft. (142.88 sq.m.),3,3,1,12,East,Relatively New,1578,,1538,0,0,0,1,0,0,95
house,independent,sector 25,16,26667,6000,Built Up area: 6000 (557.42 sq.m.),6,5,2,3,East,Relatively New,,6000,,0,0,0,0,0,0,0
flat,ashiana apartment,sector 23,0.16,2051,780,Super Built up area 780(72.46 sq.m.),2,2,2,1,,Moderately Old,780,,,0,0,0,0,0,0,0
flat,indiabulls enigma,sector 110,4.49,11572,3880,Super Built up area 3880(360.46 sq.m.),5,5,3+,4,North-East,Relatively New,3880,,,0,1,0,0,0,0,165
flat,bestech park view residency,sector 2,0.98,6961,1408,Super Built up area 1415(131.46 sq.m.),2,2,3,0,East,Moderately Old,1415,,,0,0,0,0,0,0,85
flat,ild grand,sector 37,0.66,5038,1310,Built Up area: 1310 (121.7 sq.m.),2,2,3+,14,,Undefined,,1310,,0,0,0,0,0,0,60
flat,dlf new town heights,sector 90,1.8,6600,2727,Super Built up area 2727(253.35 sq.m.),4,4,3+,23,,Moderately Old,2727,,,0,0,0,0,0,0,67
house,sushant lok 1 builder floors,sector 43,13,48148,2700,Plot area 300(250.84 sq.m.),3,3,3+,4,North,New Property,,2700,,0,0,0,1,0,1,7
house,international city by sobha phase 2,sector 109,12.5,26667,4687,Plot area 500(418.06 sq.m.),5,6,3,3,East,Relatively New,,4500,,1,1,1,1,0,0,63
flat,apex our homes,sector 37,0.33,3567,925,Super Built up area 925(85.94 sq.m.)Built Up area: 850 sq.ft. (78.97 sq.m.)Carpet area: 800 sq.ft. (74.32 sq.m.),2,2,1,3,West,Relatively New,925,850,800,0,0,0,0,0,1,158
flat,indiabulls enigma,sector 110,4,9851,4061,Built Up area: 3350 (311.23 sq.m.),4,4,3,17,,New Property,,3350,,0,0,0,0,0,0,59
house,independent,sector 43,1.9,35185,540,Plot area 60(50.17 sq.m.)Built Up area: 60 sq.yards (50.17 sq.m.),3,3,3+,3,,Old Property,,60,,0,0,0,0,0,2,0
house,independent,sector 57,8.31,24171,3438,Plot area 382(319.4 sq.m.),5,6,3+,4,North-East,Old Property,,3438,,1,1,1,1,0,0,34
flat,spaze privvy the address,sector 93,1.45,8033,1805,Super Built up area 1805(167.69 sq.m.)Built Up area: 1350 sq.ft. (125.42 sq.m.)Carpet area: 1100 sq.ft. (102.19 sq.m.),3,4,2,12,North-East,Relatively New,1805,1350,1100,0,0,0,0,0,1,96
flat,birla navya,sector 63a,3.3,15348,2150,Super Built up area 2150(199.74 sq.m.)Carpet area: 1200 sq.ft. (111.48 sq.m.),3,3,3,4,West,Under Construction,2150,,1200,0,1,0,0,0,0,52
flat,signature global park,sohna road,0.54,6388,845,Super Built up area 845.3(78.53 sq.m.)Carpet area: 528.3 sq.ft. (49.08 sq.m.),2,2,3,4,East,New Property,845.3,,528.3,0,0,0,0,0,0,44
flat,sare petioles,sector 92,1.3,6373,2040,Built Up area: 2040 (189.52 sq.m.),4,4,0,7,,Undefined,,2040,,0,0,0,0,0,0,0
flat,ramprasta awho,sector 95,0.92,5257,1750,Built Up area: 1750 (162.58 sq.m.)Carpet area: 1600 sq.ft. (148.64 sq.m.),3,3,3+,13,North-East,Undefined,,1750,1600,0,0,0,0,0,0,0
flat,afnhb jalvayu vihar,sector 30,1.3,10000,1300,Super Built up area 1500(139.35 sq.m.)Carpet area: 1300 sq.ft. (120.77 sq.m.),3,3,2,2,North-East,Old Property,1500,,1300,0,0,0,0,0,0,19
flat,apna enclave,sector 3,0.5,7692,650,Carpet area: 650 (60.39 sq.m.),2,2,1,1,West,Old Property,,,650,0,0,0,0,0,1,37
house,independent,sector 25,4.35,32222,1350,Plot area 150(125.42 sq.m.),5,4,3,3,North,Old Property,,1350,,0,1,0,0,0,0,49
flat,m3m golfestate,sector 65,5.3,24211,2189,Super Built up area 2850(264.77 sq.m.)Carpet area: 2189 sq.ft. (203.36 sq.m.),3,3,3,38,North-East,Moderately Old,2850,,2189,0,1,0,0,0,2,49
house,independent,sector 7,0.27,12000,225,Plot area 225(20.9 sq.m.),2,2,1,2,North-East,Moderately Old,,225,,0,0,0,0,0,0,12
flat,pyramid urban homes 2,sector 86,0.41,8283,495,Carpet area: 501 (46.54 sq.m.),2,2,1,7,West,New Property,,,501,1,1,0,1,1,0,49
flat,dlf the ultima,sector 81,2.5,11726,2132,Super Built up area 2132(198.07 sq.m.)Built Up area: 2130 sq.ft. (197.88 sq.m.)Carpet area: 2129 sq.ft. (197.79 sq.m.),3,3,2,4,South-East,Relatively New,2132,2130,2129,0,1,0,0,0,2,82
flat,tulip violet,sector 69,1.55,9822,1578,Super Built up area 1578(146.6 sq.m.),3,3,2,9,North-East,Relatively New,1578,,,0,0,0,1,0,1,165
flat,baani city center,sector 63,0.88,10945,804,Built Up area: 804 (74.69 sq.m.)Carpet area: 600 sq.ft. (55.74 sq.m.),1,1,2,4,,Undefined,,804,600,0,0,0,0,0,0,0
flat,godrej,sector 79,1.33,8531,1559,Super Built up area 1559(144.84 sq.m.),2,2,3,6,North-West,Relatively New,1559,,,1,0,0,0,0,0,158
flat,godrej,sector 79,1.34,8524,1572,Super Built up area 1572(146.04 sq.m.),2,2,3,2,North-West,Relatively New,1572,,,1,0,0,0,0,0,158
house,independent,sector 43,8.25,30556,2700,Plot area 300(250.84 sq.m.),5,6,3+,3,West,Moderately Old,,2700,,1,1,1,1,0,1,64
flat,shri banke bihari society,sector 56,1.35,9642,1400,Super Built up area 1500(139.35 sq.m.)Built Up area: 1450 sq.ft. (134.71 sq.m.)Carpet area: 1400 sq.ft. (130.06 sq.m.),3,3,3+,4,,Old Property,1500,1450,1400,0,0,0,0,1,1,174
flat,dlf the primus,sector 82a,2.95,11451,2576,Super Built up area 2576(239.32 sq.m.)Carpet area: 1700 sq.ft. (157.94 sq.m.),4,5,3+,10,North-East,Relatively New,2576,,1700,0,1,0,0,0,2,174
flat,unitech uniworld gardens,sector 47,2.4,11505,2086,Super Built up area 2086(193.8 sq.m.)Carpet area: 1750 sq.ft. (162.58 sq.m.),3,4,3+,10,East,Moderately Old,2086,,1750,0,1,0,0,0,0,103
flat,signature global park,sohna road,0.54,7248,745,Carpet area: 745 (69.21 sq.m.),2,1,3,1,,New Property,,,745,0,0,0,0,0,0,65
flat,vatika gurgaon,sector 83,1.08,6224,1735,Super Built up area 1735(161.19 sq.m.),3,3,2,11,North-East,Relatively New,1735,,,0,0,0,0,1,0,19
flat,mapsko casa bella,sector 82,3,6134,4891,Super Built up area 4890(454.3 sq.m.),4,6,3+,25,West,Relatively New,4890,,,0,1,0,1,0,1,119
flat,ss the leaf,sector 85,2,8305,2408,Super Built up area 2408(223.71 sq.m.)Built Up area: 2300 sq.ft. (213.68 sq.m.)Carpet area: 2200 sq.ft. (204.39 sq.m.),3,4,3,6,North,Relatively New,2408,2300,2200,0,1,0,0,0,0,49
flat,paras dews,sector 106,1.15,6534,1760,Super Built up area 1760(163.51 sq.m.)Built Up area: 1186 sq.ft. (110.18 sq.m.)Carpet area: 1130 sq.ft. (104.98 sq.m.),3,4,3+,12,East,Relatively New,1760,1186,1130,1,1,0,0,0,1,174
house,international city by sobha phase 1,sector 109,5.7,10556,5400,Plot area 600(501.68 sq.m.),4,5,3+,3,East,Relatively New,,5400,,1,1,1,1,0,0,160
flat,godrej frontier,sector 80,1.6,7000,2286,Super Built up area 2262(210.15 sq.m.),3,3,3,5,,Moderately Old,2262,,,0,1,0,0,0,0,53
flat,supertech araville,sector 79,1.45,7455,1945,Carpet area: 1945 (180.7 sq.m.),3,3,3,3,North,Relatively New,,,1945,0,0,0,0,0,0,0
house,unitech aspen greens,sector 50,6.95,4490,15479,Plot area 240(200.67 sq.m.)Built Up area: 2160 sq.yards (1806.04 sq.m.)Carpet area: 1720 sq.yards (1438.14 sq.m.),3,3,1,2,North-East,Moderately Old,,2160,1720,0,1,0,0,0,0,160
flat,la vida by tata housing,sector 113,1.55,11654,1330,Super Built up area 1330(123.56 sq.m.)Built Up area: 1276 sq.ft. (118.54 sq.m.)Carpet area: 1180 sq.ft. (109.63 sq.m.),2,2,3,2,North-East,New Property,1330,1276,1180,0,0,0,0,0,0,174
flat,ambience caitriona,sector 24,14,200000,700,Built Up area: 700 (65.03 sq.m.),4,5,3,3,East,Undefined,,700,,0,0,0,0,0,0,0
house,independent,sector 2,6,24691,2430,Plot area 270(225.75 sq.m.),5,6,3+,3,East,Old Property,,2430,,1,0,0,1,1,1,43
house,dlf city plots,sector 26,12.5,38580,3240,Plot area 360(301.01 sq.m.),4,5,2,2,North-East,Moderately Old,,3240,,1,1,0,0,0,1,121
flat,pareena laxmi apartments,sector 99,0.3,5424,553,Super Built up area 553(51.38 sq.m.)Carpet area: 470 sq.ft. (43.66 sq.m.),2,1,2,5,North,New Property,553,,470,0,0,0,0,0,0,66
flat,ireo the corridors,sector 67a,1.3,10031,1296,Built Up area: 1296 (120.4 sq.m.),2,2,2,1,,Undefined,,1296,,0,0,0,0,0,0,55
flat,signature global park 4,sector 36,0.82,7585,1081,Carpet area: 1081 (100.43 sq.m.),3,2,3,2,,New Property,,,1081,0,0,0,0,0,0,24
flat,sare crescent parc,sector 92,0.9,4278,2104,Super Built up area 1870(173.73 sq.m.),4,5,3+,14,North-East,Relatively New,1870,,,0,1,0,0,1,0,62
house,independent,sector 50,10.45,38703,2700,Plot area 2700(250.84 sq.m.)Built Up area: 4000 sq.ft. (371.61 sq.m.),4,5,2,3,North,Moderately Old,,4000,,1,1,0,1,0,1,142
flat,tata gurgaon gateway,sector 113,6,9139,6565,Carpet area: 6565 (609.91 sq.m.),5,6,3+,24,North,Moderately Old,,,6565,0,0,0,0,0,0,117
flat,dlf new town heights,sector 90,1.9,5683,3343,Super Built up area 2727(253.35 sq.m.),4,4,3+,7,North-West,Relatively New,2727,,,0,1,0,1,0,0,88
flat,railway officers rpf society,sector 9,1.25,6921,1806,Carpet area: 1806 (167.78 sq.m.),4,3,3,1,,Old Property,,,1806,0,1,0,0,0,0,40
house,independent,sector 9,1.25,8735,1431,Plot area 159(132.94 sq.m.),10,6,3+,3,,Old Property,,1431,,0,0,0,0,0,0,0
flat,krisumi waterfall residences,sector 36,2.3,15551,1479,Built Up area: 1479 (137.4 sq.m.),2,2,2,23,,Undefined,,1479,,0,0,0,0,0,0,58
flat,godrej nature plus serenity,sector 33,1.39,11583,1200,Carpet area: 1200 (111.48 sq.m.),3,2,3+,23,East,Under Construction,,,1200,0,0,0,0,0,0,105
flat,dlf the icon,sector 43,6,26086,2300,Carpet area: 2300 (213.68 sq.m.),4,4,3+,18,North-East,Old Property,,,2300,0,1,0,0,0,1,150
flat,corona optus,sector 37,1.44,7236,1990,Super Built up area 1990(184.88 sq.m.)Carpet area: 1600 sq.ft. (148.64 sq.m.),3,3,3+,2,North-West,Relatively New,1990,,1600,1,1,0,0,1,0,49
flat,ss the leaf,sector 85,1.75,7267,2408,Super Built up area 2408(223.71 sq.m.),3,4,3,8,North,Relatively New,2408,,,0,1,0,0,0,0,49
flat,signature global synera,sector 81,0.48,8026,598,Super Built up area 598(55.56 sq.m.)Carpet area: 498 sq.ft. (46.27 sq.m.),2,2,1,14,,Relatively New,598,,498,0,0,0,0,0,1,14
house,independent,sector 25,13,45710,2844,Plot area 316(264.22 sq.m.),6,8,3+,,,Relatively New,,2844,,1,1,1,1,0,2,0
flat,godrej,sector 79,1.28,8504,1505,Super Built up area 1505(139.82 sq.m.),3,3,3,7,North-East,Relatively New,1505,,,0,0,0,0,0,0,158
flat,assotech blith,sector 99,0.92,6739,1365,Super Built up area 1365(126.81 sq.m.),2,2,3+,22,,Under Construction,1365,,,0,0,0,0,0,0,56
flat,ild greens,sector 37,0.95,9223,1030,Super Built up area 1340(124.49 sq.m.)Carpet area: 1030 sq.ft. (95.69 sq.m.),2,2,3+,11,South-West,Relatively New,1340,,1030,0,0,1,1,0,1,119
house,independent,sector 82,7.5,23148,3240,Plot area 360(301.01 sq.m.),5,5,3+,2,East,Relatively New,,3240,,0,1,0,1,0,1,135
house,independent,sector 39,1.6,17937,892,Plot area 892(82.87 sq.m.),1,1,2,2,,Old Property,,892,,0,0,0,0,0,0,40
flat,bestech park view spa next,sector 67,2.7,11489,2350,Super Built up area 2350(218.32 sq.m.),4,4,3+,9,South-West,Moderately Old,2350,,,0,1,0,1,0,1,149
flat,sare crescent parc royal greens phase 1,sector 92,1,3713,2693,Super Built up area 2020(187.66 sq.m.),4,4,3,15,,New Property,2020,,,0,0,0,0,0,0,31
flat,vatika gurgaon,sector 83,1.42,8875,1600,Super Built up area 2390(222.04 sq.m.)Built Up area: 2000 sq.ft. (185.81 sq.m.)Carpet area: 1600 sq.ft. (148.64 sq.m.),4,4,3,7,South-West,Relatively New,2390,2000,1600,1,1,0,0,0,0,103
flat,milan cghs 9,sector 39,2,8333,2400,Built Up area: 2400 (222.97 sq.m.),3,3,3+,0,,Undefined,,2400,,0,0,0,0,0,0,0
flat,conscient heritage max,sector 102,2.5,11633,2149,Super Built up area 2149(199.65 sq.m.),3,4,3+,25,North-East,New Property,2149,,,1,1,0,0,0,1,56
flat,signature global solera,sector 107,0.28,5674,493,Carpet area: 489 (45.43 sq.m.),2,2,2,11,North,Relatively New,,,489,0,0,0,0,0,0,29
flat,tulip violet,sector 69,1.76,8756,2010,Super Built up area 2010(186.74 sq.m.),4,4,2,6,North,Relatively New,2010,,,0,0,0,0,0,0,108
flat,emaar palm gardens,sector 83,1.8,9473,1900,Super Built up area 1900(176.52 sq.m.),3,3,3+,9,South,Relatively New,1900,,,0,0,0,0,0,0,55
flat,vasant appartments,sector 14,1.7,7391,2300,Carpet area: 2300 (213.68 sq.m.),5,5,2,2,North-West,Old Property,,,2300,1,0,1,1,0,2,71
flat,emaar mgf emerald floors premier,sector 65,2.65,16060,1650,Carpet area: 1650 (153.29 sq.m.),3,3,3,5,North,Relatively New,,,1650,1,1,0,0,0,0,37
flat,umang monsoon breeze,sector 78,0.69,5390,1280,Carpet area: 1280 (118.92 sq.m.),2,2,2,11,,Moderately Old,,,1280,0,0,0,0,0,0,60
flat,ats triumph,sector 104,2.5,7936,3150,Super Built up area 3150(292.64 sq.m.),4,4,3+,14,North-East,New Property,3150,,,0,1,0,0,0,0,21
flat,m3m capital,sector 113,2,12012,1665,Super Built up area 1665(154.68 sq.m.),3,3,2,24,,Under Construction,1665,,,0,0,0,0,0,0,47
flat,ramprastha primera,sector 37d,1.1,6111,1800,Super Built up area 1800(167.23 sq.m.)Built Up area: 1700 sq.ft. (157.94 sq.m.)Carpet area: 1600 sq.ft. (148.64 sq.m.),3,3,3,6,North-West,Relatively New,1800,1700,1600,0,0,0,0,0,0,149
flat,m3m soulitude,sector 89,1.42,9978,1423,Carpet area: 1423 (132.2 sq.m.),3,3,2,3,,New Property,,,1423,0,0,0,0,0,0,15
flat,godrej,sector 79,1.41,9000,1567,Carpet area: 1572 (146.04 sq.m.),2,2,3,3,,New Property,,,1572,1,0,0,0,0,0,104
flat,smart world gems,sector 89,1.16,10500,1105,Super Built up area 1103(102.47 sq.m.),3,2,3,1,,New Property,1103,,,1,0,0,0,0,0,49
flat,shapoorji pallonji joyville gurugram,sector 102,1.9,10259,1852,Super Built up area 1852(172.06 sq.m.)Built Up area: 1700 sq.ft. (157.94 sq.m.)Carpet area: 1450 sq.ft. (134.71 sq.m.),3,3,3+,15,North-East,New Property,1852,1700,1450,0,0,0,1,0,0,174
house,independent,sector 45,10,30864,3240,Plot area 360(301.01 sq.m.),6,6,3+,4,North-East,Moderately Old,,3240,,1,1,1,1,0,1,70
flat,indiabulls centrum park,sector 103,1.2,8432,1423,Super Built up area 1423(132.2 sq.m.),2,2,3,3,North-East,Moderately Old,1423,,,0,0,0,0,0,0,26
house,unitech uniworld resorts,sector 33,9.55,19293,4950,Plot area 550(459.87 sq.m.),6,7,3+,2,East,Relatively New,,4950,,1,1,1,1,0,1,126
flat,pyramid urban homes 2,sector 86,0.43,8582,501,Carpet area: 501 (46.54 sq.m.),2,2,1,6,North-East,New Property,,,501,1,0,0,0,0,0,92
flat,bptp terra,sector 37d,1.75,7987,2191,Super Built up area 2191(203.55 sq.m.)Built Up area: 2100 sq.ft. (195.1 sq.m.)Carpet area: 1800 sq.ft. (167.23 sq.m.),4,4,3,7,West,Relatively New,2191,2100,1800,0,0,0,0,1,1,120
house,independent,sector 4,3.3,14667,2250,Plot area 250(209.03 sq.m.),3,3,2,1,North-East,Old Property,,2250,,0,0,0,0,0,0,34
house,laxmi garden sector-11,sector 11,1.5,12820,1170,Plot area 130(108.7 sq.m.),12,9,1,3,East,Relatively New,,1170,,1,1,0,1,1,1,106
flat,ats kocoon,sector 109,1.7,12878,1320,Super Built up area 1745(162.12 sq.m.)Built Up area: 1550 sq.ft. (144 sq.m.)Carpet area: 1320 sq.ft. (122.63 sq.m.),3,3,3,22,East,Relatively New,1745,1550,1320,0,0,0,0,0,0,103
flat,sbtl caladium,sector 109,1.63,6404,2545,Super Built up area 2545(236.44 sq.m.),3,3,2,8,North-West,Relatively New,2545,,,0,1,0,0,0,0,159
flat,experion windchants,sector 112,3.65,11428,3194,Built Up area: 2800 (260.13 sq.m.),3,5,2,3,South-West,Relatively New,,2800,,0,1,0,0,0,0,72
house,independent,sector 7,2.25,16892,1332,Built Up area: 148 (123.75 sq.m.),5,3,0,2,,Undefined,,148,,0,0,0,0,0,0,0
flat,vatika lifestyle homes,sector 83,1.1,6267,1755,Super Built up area 1755(163.04 sq.m.),3,3,2,8,South,Relatively New,1755,,,1,0,1,1,0,1,174
flat,tarc maceo,sector 91,1.8,7758,2320,Carpet area: 2320 (215.54 sq.m.),3,3,3+,0,North,Relatively New,,,2320,0,0,0,1,0,2,45
flat,smart world orchard,sector 61,1.6,13913,1150,Carpet area: 1150 (106.84 sq.m.),2,2,2,3,,Under Construction,,,1150,1,0,0,0,0,0,37
house,independent,sector 12,1.7,9444,1800,Built Up area: 200 (167.23 sq.m.)Carpet area: 180 sq.yards (150.5 sq.m.),3,3,0,1,,Undefined,,200,180,0,0,0,0,0,0,0
flat,bhagwati sadan,sector 12,1.15,5500,2091,Built Up area: 2000 (185.81 sq.m.),3,4,2,2,,Old Property,,2000,,0,1,0,0,1,0,0
house,"bhim nagar, sector 6",sector 6,0.85,126865,67,Plot area 67(6.22 sq.m.),5,2,2,1,,Old Property,,67,,0,0,0,1,0,0,29
house,independent,sector 23,5.1,16569,3078,Plot area 342(285.96 sq.m.)Built Up area: 125 sq.yards (104.52 sq.m.)Carpet area: 100 sq.yards (83.61 sq.m.),3,2,0,1,East,Old Property,,125,100,0,0,0,0,1,0,27
flat,ss the leaf,sector 85,1.22,13318,916,Super Built up area 1772(164.62 sq.m.)Built Up area: 1300 sq.ft. (120.77 sq.m.)Carpet area: 916 sq.ft. (85.1 sq.m.),2,2,3,16,North-East,Relatively New,1772,1300,916,0,0,1,0,0,0,81
house,independent,sector 5,0.75,57692,130,Built Up area: 130 (12.08 sq.m.),2,2,0,1,,Undefined,,130,,0,0,0,0,0,0,0
flat,raheja vedaanta,sector 108,1,4854,2060,Built Up area: 2060 (191.38 sq.m.)Carpet area: 1890 sq.ft. (175.59 sq.m.),2,2,2,0,North,Undefined,,2060,1890,0,0,0,0,0,0,0
flat,signature global synera,sector 81,0.48,8450,568,Super Built up area 657(61.04 sq.m.)Carpet area: 568 sq.ft. (52.77 sq.m.),2,2,1,7,South-East,Relatively New,657,,568,0,0,0,0,0,1,70
flat,supertech hilltown,sector 2,0.8,5556,1440,Built Up area: 1440 (133.78 sq.m.)Carpet area: 1080 sq.ft. (100.34 sq.m.),3,2,3,8,,Undefined,,1440,1080,0,0,0,0,0,0,0
house,eldeco mansionz,sector 48,5,21367,2340,Plot area 260(217.39 sq.m.),7,7,3,2,North-East,Moderately Old,,2340,,0,0,0,0,0,1,40
house,independent,sector 7,3,11494,2610,Built Up area: 2610 (242.48 sq.m.),7,7,0,3,,Undefined,,2610,,0,0,0,0,0,0,0
flat,dlf regal gardens,sector 90,1.75,7900,2215,Super Built up area 2215(205.78 sq.m.),4,4,3+,3,East,Relatively New,2215,,,0,0,0,0,1,0,6
flat,m3m woodshire,sector 107,0.8,5856,1366,Super Built up area 1366(126.91 sq.m.),2,2,3+,7,North-East,Relatively New,1366,,,0,0,0,0,0,1,165
house,independent,sector 43,3.35,26973,1242,Plot area 138(115.39 sq.m.),1,1,0,1,East,Old Property,,1242,,0,0,0,0,0,0,9
house,palam vihar extension west zone rwa,sector 2,0.35,6481,540,Plot area 600(55.74 sq.m.)Carpet area: 540 sq.ft. (50.17 sq.m.),2,2,0,1,North-East,New Property,,,540,0,0,0,0,0,0,0
flat,dlf carlton estate,sector 43,2,14214,1407,Super Built up area 1407(130.71 sq.m.),3,3,2,5,South-West,Moderately Old,1407,,,0,0,0,0,0,0,65
house,independent,sector 24,1.45,26852,540,Plot area 60(50.17 sq.m.),3,3,1,,,Old Property,,540,,0,0,0,0,0,0,9
flat,tulip yellow,sector 69,1.8,10563,1704,Carpet area: 1704 (158.31 sq.m.),3,3,3,14,East,Under Construction,,,1704,0,0,0,0,0,0,49
flat,bestech park view grand spa,sector 81,4,9523,4200,Super Built up area 4200(390.19 sq.m.),4,5,3+,15,West,Relatively New,4200,,,0,1,0,0,0,1,127
house,independent,sector 4,2.3,17014,1352,Plot area 160(133.78 sq.m.),4,4,3,2,East,Old Property,,160,,0,0,0,0,0,1,15
flat,dlf the grove,sector 43,6,25000,2400,Carpet area: 2400 (222.97 sq.m.),4,4,2,1,South-West,Under Construction,,,2400,0,1,0,0,0,1,49
flat,ss the leaf,sector 85,1.91,5026,3800,Super Built up area 3950(366.97 sq.m.)Built Up area: 3890 sq.ft. (361.39 sq.m.)Carpet area: 3800 sq.ft. (353.03 sq.m.),4,6,3,6,North,Relatively New,3950,3890,3800,0,1,0,0,0,0,174
flat,ss the leaf,sector 85,1.2,7317,1640,Super Built up area 1640(152.36 sq.m.),2,2,3,12,South,Relatively New,1640,,,0,0,0,0,0,1,157
flat,emaar mgf emerald estate,sector 65,1.75,12544,1395,Super Built up area 1395(129.6 sq.m.)Carpet area: 809 sq.ft. (75.16 sq.m.),3,3,3,10,North-East,Relatively New,1395,,809,0,1,0,0,0,1,124
flat,green court,sector 90,0.47,6811,690,Carpet area: 690 (64.1 sq.m.),2,2,1,0,East,New Property,,,690,0,0,0,0,0,0,49
flat,experion windchants,sector 112,3.29,11741,2802,Super Built up area 2802(260.31 sq.m.)Built Up area: 2225.56 sq.ft. (206.76 sq.m.),3,3,3+,2,South,Relatively New,2802,2225.56,,0,1,0,0,0,1,152
flat,maa bhagwati residency,sector 7,0.45,5000,900,Carpet area: 900 (83.61 sq.m.),2,2,1,4,West,Relatively New,,,900,0,0,0,0,0,0,28
flat,apex our homes,sector 37,0.35,3783,925,Super Built up area 925(85.94 sq.m.)Built Up area: 850 sq.ft. (78.97 sq.m.)Carpet area: 800 sq.ft. (74.32 sq.m.),2,2,1,7,East,Relatively New,925,850,800,0,0,0,0,0,1,158
flat,dlf city plots phase 3,sector 24,6.5,18571,3500,Carpet area: 3500 (325.16 sq.m.),4,5,3+,3,North-East,New Property,,,3500,0,1,0,0,0,2,42
flat,ss the leaf,sector 85,1.07,6524,1640,Super Built up area 1640(152.36 sq.m.),2,2,3,21,South,Relatively New,1640,,,0,0,0,1,0,0,67
flat,trisara our homes 3,sohna road,0.21,4339,484,Built Up area: 484 (44.97 sq.m.),1,1,0,2,,Undefined,,484,,0,0,0,0,0,0,0
flat,experion the heartsong,sector 108,1.3,8344,1558,Super Built up area 1758(163.32 sq.m.)Carpet area: 1558 sq.ft. (144.74 sq.m.),3,3,3+,7,South-West,Relatively New,1758,,1558,1,0,0,0,0,0,150
flat,breeze global heights,sector 33,0.4,6421,623,Built Up area: 623 (57.88 sq.m.)Carpet area: 599 sq.ft. (55.65 sq.m.),2,2,2,4,,Undefined,,623,599,0,0,0,0,0,0,0
flat,vatika the seven lamps,sector 82,1.37,8753,1565,Super Built up area 2160(200.67 sq.m.)Built Up area: 2000 sq.ft. (185.81 sq.m.)Carpet area: 1565 sq.ft. (145.39 sq.m.),3,3,3,11,South,Relatively New,2160,2000,1565,1,1,0,1,0,1,145
house,vatika india next,sector 82,6.5,20062,3240,Built Up area: 360 (301.01 sq.m.)Carpet area: 300 sq.yards (250.84 sq.m.),4,3,0,2,,Undefined,,360,300,0,0,0,0,0,0,0
flat,gls avenue 51,sector 92,0.42,7106,591,Carpet area: 591 (54.91 sq.m.),2,2,1,4,East,Relatively New,,,591,1,0,0,1,0,1,42
flat,dlf regal gardens,sector 90,1.3,7150,1818,Super Built up area 1818(168.9 sq.m.)Built Up area: 1700 sq.ft. (157.94 sq.m.)Carpet area: 1400 sq.ft. (130.06 sq.m.),3,3,3+,7,South,Relatively New,1818,1700,1400,0,0,0,0,0,0,141
flat,ansal api esencia,sector 67,1,6435,1554,Super Built up area 1554(144.37 sq.m.),3,3,3+,2,,Moderately Old,1554,,,0,0,0,0,0,0,9
flat,signature global city 63a,sector 63a,1.55,14783,1049,Carpet area: 1050 (97.55 sq.m.),2,2,2,2,,Under Construction,,,1050,0,0,0,0,0,0,0
flat,emaar imperial gardens,sector 102,1.7,8395,2025,Super Built up area 2025(188.13 sq.m.)Built Up area: 1750 sq.ft. (162.58 sq.m.)Carpet area: 1600 sq.ft. (148.64 sq.m.),3,4,3+,8,North-East,Relatively New,2025,1750,1600,0,1,0,1,0,1,174
flat,ss the leaf,sector 85,2.03,7230,2808,Super Built up area 2812(261.24 sq.m.)Built Up area: 2225 sq.ft. (206.71 sq.m.)Carpet area: 2175 sq.ft. (202.06 sq.m.),4,4,3+,3,North-East,Relatively New,2812,2225,2175,0,0,0,0,1,0,49
flat,orris carnation residency,sector 85,1.1,6686,1645,Super Built up area 1645(152.83 sq.m.)Carpet area: 1300 sq.ft. (120.77 sq.m.),3,4,3,6,East,Moderately Old,1645,,1300,0,1,0,0,0,2,65
flat,pareena laxmi apartments,sector 99,0.32,5786,553,Super Built up area 553(51.38 sq.m.)Carpet area: 453.5 sq.ft. (42.13 sq.m.),2,2,2,11,,New Property,553,,453.5,0,0,0,0,0,0,66
flat,ambience creacions,sector 22,1.99,14420,1380,Super Built up area 1380(128.21 sq.m.)Built Up area: 1285 sq.ft. (119.38 sq.m.)Carpet area: 1280 sq.ft. (118.92 sq.m.),2,2,2,9,North-East,New Property,1380,1285,1280,1,1,0,1,0,0,20
flat,signature global city 37d ph 2,sector 37d,1.36,8846,1537,Built Up area: 1535 (142.61 sq.m.),3,3,3,1,North-East,Under Construction,,1535,,0,0,0,1,1,0,37
flat,afnhb jalvayu vihar,sector 30,1.45,11153,1300,Built Up area: 1300 (120.77 sq.m.)Carpet area: 1090 sq.ft. (101.26 sq.m.),3,2,2,2,North,Old Property,,1300,1090,0,0,0,0,0,2,75
flat,emaar gurgaon greens,sector 102,1.4,8484,1650,Super Built up area 1650(153.29 sq.m.),3,3,3,4,North,Relatively New,1650,,,0,1,0,0,0,1,83
flat,ss the leaf,sector 85,2,6578,3040,Super Built up area 2812(261.24 sq.m.),4,5,3+,1,South-East,Relatively New,2812,,,0,1,1,0,0,0,106
flat,satya the hermitage,sector 103,1.12,5625,1991,Super Built up area 1991(184.97 sq.m.)Carpet area: 1500 sq.ft. (139.35 sq.m.),3,4,3+,9,,New Property,1991,,1500,0,1,0,0,0,0,49
house,independent,sector 43,5.5,2716,20250,Plot area 215(179.77 sq.m.)Built Up area: 2850 sq.yards (2382.96 sq.m.)Carpet area: 2250 sq.yards (1881.29 sq.m.),8,7,3+,3,East,Moderately Old,,2850,2250,1,1,0,1,1,1,123
house,dlf city plots phase 2,sector 25,7.5,31686,2367,Plot area 215(179.77 sq.m.),9,9,3+,4,West,Relatively New,,2300.5,,1,1,0,1,0,1,160
flat,adani aangan arcade,sector 88a,0.45,7200,625,Carpet area: 625 (58.06 sq.m.),2,2,1,3,,New Property,,,625,0,0,0,0,0,0,14
house,uppal southend,sector 49,3.75,25562,1467,Built Up area: 163 (136.29 sq.m.),6,6,3+,3,East,Moderately Old,,163,,1,0,0,0,0,1,26
flat,vipul belmonte,sector 53,6,24489,2450,Super Built up area 2450(227.61 sq.m.),3,4,3+,6,North-West,Moderately Old,2450,,,0,1,0,0,1,1,26
flat,signature global solera,sector 107,0.28,5725,489,Carpet area: 489 (45.43 sq.m.),2,2,2,10,South,Relatively New,,,489,0,0,0,0,0,0,38
flat,emaar gurgaon greens,sector 102,1.5,9090,1650,Super Built up area 1650(153.29 sq.m.)Carpet area: 1022.58 sq.ft. (95 sq.m.),3,3,3,7,West,Relatively New,1650,,1022.58,0,0,0,1,0,1,174
flat,raheja revanta,sector 78,0.99,6100,1623,Super Built up area 1621(150.6 sq.m.),2,2,3,14,East,Under Construction,1621,,,0,0,0,0,1,0,39
house,independent,sector 26,15,33200,4518,Plot area 502(419.74 sq.m.),5,6,3+,3,North,Moderately Old,,4518,,1,1,1,1,0,1,78
flat,suposhaa smartworld orchard,sector 61,2.25,14525,1549,Carpet area: 1549 (143.91 sq.m.),3,3,2,3,,Under Construction,,,1549,0,0,0,0,0,0,0
flat,ramsons kshitij,sector 95,0.3,3158,950,Built Up area: 950 (88.26 sq.m.)Carpet area: 552 sq.ft. (51.28 sq.m.),2,2,1,11,,Undefined,,950,552,0,0,0,0,0,0,0
flat,chd avenue,sector 71,0.82,7083,1158,Super Built up area 1200(111.48 sq.m.),2,2,2,6,,Moderately Old,1200,,,0,0,0,0,0,0,0
flat,satya element one,sector 49,0.87,19333,450,Carpet area: 450 (41.81 sq.m.),1,1,1,2,,Relatively New,,,450,0,0,0,0,0,0,22
house,unitech uniworld resorts,sector 33,9.5,23333,4071,Plot area 500(418.06 sq.m.),5,7,3+,2,East,Under Construction,,500,,1,1,1,1,0,0,57
flat,rof ananda,sector 95,0.2,5463,366,Carpet area: 366.08 (34.01 sq.m.),1,1,1,10,West,Relatively New,,,366.080239,0,0,0,0,0,0,82
flat,experion windchants,sector 112,5.2,10726,4848,Super Built up area 4848(450.39 sq.m.)Built Up area: 3655.35 sq.ft. (339.59 sq.m.)Carpet area: 3500 sq.ft. (325.16 sq.m.),4,6,3+,15,East,Relatively New,4848,3655.35,3500,0,1,0,1,0,1,174
flat,eldeco accolade,sohna road,0.72,5735,1255,Carpet area: 1264 (117.43 sq.m.),2,2,3,8,West,Relatively New,,,1264,0,0,0,0,0,0,153
flat,signature andour heights,sector 71,0.59,8428,700,Super Built up area 700(65.03 sq.m.)Built Up area: 639 sq.ft. (59.37 sq.m.)Carpet area: 540.89 sq.ft. (50.25 sq.m.),2,2,1,6,North-East,Moderately Old,700,639,540.89,0,0,0,0,0,0,67
flat,bestech park view residency,sector 2,0.56,8632,649,Carpet area: 651 (60.48 sq.m.),1,2,2,7,North-East,Moderately Old,,,651,0,0,0,0,0,0,92
flat,the lions cghs,sector 56,2,8333,2400,Super Built up area 2400(222.97 sq.m.)Carpet area: 2100 sq.ft. (195.1 sq.m.),4,4,3,8,West,Relatively New,2400,,2100,0,0,0,0,1,1,49
flat,kashish manor one,sector 111,1.65,7097,2325,Super Built up area 2325(216 sq.m.),3,4,3+,14,,Under Construction,2325,,,0,1,0,0,1,0,8
flat,shapoorji pallonji joyville gurugram,sector 102,0.95,10383,915,Built Up area: 915 (85.01 sq.m.)Carpet area: 858 sq.ft. (79.71 sq.m.),2,2,2,14,North-West,Undefined,,915,858,0,0,0,0,0,0,0
flat,"ganpati apartment  2, laxman vihar phase 1",sector 4,0.45,4705,956,Carpet area: 850 (78.97 sq.m.),2,2,1,0,East,Relatively New,,,850,0,0,0,0,0,0,46
house,vipul world,sector 48,3.35,5583,6000,Built Up area: 6000 (557.42 sq.m.),6,5,3+,3,South,Undefined,,6000,,0,0,0,0,0,0,53
house,independent,sector 3,0.37,7916,467,Built Up area: 480 (44.59 sq.m.),1,1,1,1,,Relatively New,,480,,0,0,0,0,0,0,0
flat,sobha city,sector 108,2.6,15195,1711,Super Built up area 1711(158.96 sq.m.),3,3,2,8,East,Relatively New,1711,,,0,0,0,0,0,0,99
flat,maruti vihar colony,sector 28,0.95,8886,1069,Carpet area: 1069 (99.31 sq.m.),2,1,1,1,,Old Property,,,1069,0,0,0,0,0,0,59
flat,unitech sunbreeze,sector 69,0.75,6849,1095,Super Built up area 1095(101.73 sq.m.),2,2,2,4,,Under Construction,1095,,,0,0,0,0,0,0,0
flat,godrej summit,sector 104,1.1,8669,1269,Super Built up area 1269(117.89 sq.m.),2,2,3,16,East,Under Construction,1269,,,0,0,0,0,1,0,88
house,vatika the seven lamps,sector 82,1.6,6597,2425,Plot area 2425(225.29 sq.m.),4,4,3+,16,North,Moderately Old,,2425,,0,1,0,0,0,0,94
house,independent,sector 17,8.5,18814,4518,Plot area 502(419.74 sq.m.)Built Up area: 500 sq.yards (418.06 sq.m.)Carpet area: 400 sq.yards (334.45 sq.m.),4,4,2,2,West,Old Property,,500,400,1,1,0,1,0,1,21
flat,godrej nature plus,sector 33,1.75,8768,1996,Built Up area: 1996 (185.43 sq.m.),3,3,0,2,,Undefined,,1996,,0,0,0,0,0,0,56
flat,shapoorji pallonji joyville gurugram,sector 102,1.25,9876,1266,Super Built up area 1215(112.88 sq.m.),2,2,2,0,East,Relatively New,1215,,,0,0,0,0,0,0,79
flat,godrej,sector 79,1.35,8970,1505,Super Built up area 1505(139.82 sq.m.),3,3,2,7,South-West,Relatively New,1505,,,0,0,0,0,0,0,118
flat,m3m woodshire,sector 107,1.21,6227,1943,Super Built up area 1943(180.51 sq.m.)Carpet area: 1500 sq.ft. (139.35 sq.m.),3,3,3,7,East,Moderately Old,1943,,1500,0,0,0,0,0,1,126
flat,pareena coban residences,sector 99,1.08,6625,1630,Super Built up area 1997(185.53 sq.m.)Built Up area: 1750 sq.ft. (162.58 sq.m.)Carpet area: 1630 sq.ft. (151.43 sq.m.),3,5,3,2,West,Relatively New,1997,1750,1630,0,1,0,0,1,0,49
flat,eldeco accolade,sohna road,0.72,4975,1447,Super Built up area 1457(135.36 sq.m.)Carpet area: 849 sq.ft. (78.87 sq.m.),2,2,3+,12,East,Relatively New,1457,,849,1,0,0,0,0,0,152
flat,imperia the esfera,sector 37,0.99,5454,1815,Super Built up area 1815(168.62 sq.m.)Carpet area: 1510 sq.ft. (140.28 sq.m.),3,4,3,9,North-East,Relatively New,1815,,1510,0,1,0,0,0,0,49
flat,bestech park view city,sector 48,4.25,9334,4553,Super Built up area 4553(422.99 sq.m.),4,5,3+,14,,Moderately Old,4553,,,1,0,0,0,0,1,81
flat,godrej,sector 79,1.18,8532,1383,Super Built up area 1383(128.48 sq.m.),2,2,3,7,North-West,Relatively New,1383,,,0,0,0,0,0,0,158
flat,vipul lavanya,sector 81,1.28,7174,1784,Carpet area: 1784 (165.74 sq.m.),3,3,3,1,North-East,Moderately Old,,,1784,0,1,0,1,0,1,49
flat,pareena mi casa,sector 68,1.1,8835,1245,Super Built up area 1245(115.66 sq.m.),2,2,3,11,North,New Property,1245,,,0,0,0,0,0,0,95
flat,dlf wellington estate,sector 43,2.09,14615,1430,Super Built up area 1430(132.85 sq.m.),3,3,2,11,West,Old Property,1430,,,0,0,0,0,0,1,79
flat,silverglades the melia,sohna road,0.78,5777,1350,Super Built up area 1350(125.42 sq.m.),2,2,3,9,,Under Construction,1350,,,1,0,0,0,0,0,72
flat,tulip violet,sector 69,1.32,8411,1569,Super Built up area 1568(145.67 sq.m.),3,3,1,12,South-East,Relatively New,1568,,,0,0,0,1,0,0,86
flat,dlf belvedere towers,sector 25,3.4,13765,2470,Carpet area: 2470 (229.47 sq.m.),4,4,3,1,South-East,Old Property,,,2470,0,1,0,0,0,0,26
flat,imperia the esfera,sector 37,0.99,5500,1800,Super Built up area 1815(168.62 sq.m.),3,3,1,10,North-East,New Property,1815,,,0,1,0,0,0,0,49
flat,orchid petals,sector 49,4.21,11835,3557,Super Built up area 3557(330.46 sq.m.),5,6,3+,14,South-East,Relatively New,3557,,,0,1,0,1,0,0,35
house,independent,sector 26,18,39841,4518,Plot area 502(419.74 sq.m.),5,4,3+,4,North,Moderately Old,,4518,,1,1,1,1,0,1,113
flat,pareena mi casa,sector 68,1.1,9020,1220,Super Built up area 1245(115.66 sq.m.)Carpet area: 1225 sq.ft. (113.81 sq.m.),2,2,3,13,East,New Property,1245,,1225,0,0,0,0,0,0,106
house,independent,sector 50,12.5,40611,3078,Plot area 342(285.96 sq.m.),6,5,3,4,East,Moderately Old,,3078,,1,1,0,1,0,1,23
house,independent,manesar,0.8,6666,1200,Plot area 1200(111.48 sq.m.),8,8,2,1,,Relatively New,,1200,,0,0,0,0,0,0,0
flat,mapsko paradise,sector 83,0.75,5597,1340,Super Built up area 1340(124.49 sq.m.)Carpet area: 1000 sq.ft. (92.9 sq.m.),3,3,3,10,North,New Property,1340,,1000,0,0,0,0,1,1,49
flat,experion windchants,sector 112,6.5,10416,6240,Built Up area: 4800 (445.93 sq.m.),4,5,3,11,South,Relatively New,,4800,,0,0,0,0,0,0,55
flat,dlf the primus,sector 82a,2.25,10714,2100,Carpet area: 2100 (195.1 sq.m.),3,3,3+,29,East,Relatively New,,,2100,0,1,0,0,0,2,72
flat,conscient heritage max,sector 102,2.2,10237,2149,Super Built up area 2149(199.65 sq.m.),3,4,3+,9,South-East,Moderately Old,2149,,,1,1,0,0,0,0,125
house,independent,sector 26,8.9,32963,2700,Plot area 300(250.84 sq.m.),4,4,3+,2,South-East,Old Property,,2700,,1,1,1,1,0,0,82
house,independent,sector 43,5.3,27390,1935,Plot area 215(179.77 sq.m.),9,9,3+,3,East,Moderately Old,,1935,,0,1,0,0,0,1,71
flat,emaar palm gardens,sector 83,1.8,9474,1900,Built Up area: 1900 (176.52 sq.m.),3,4,0,9,,Undefined,,1900,,0,0,0,0,0,0,55
house,independent,sector 7,1.2,11194,1072,Built Up area: 1072 (99.59 sq.m.),5,4,2,3,,Undefined,,1072,,0,0,0,0,0,0,0
flat,emaar digihomes,sector 62,2.15,14257,1508,Carpet area: 1508 (140.1 sq.m.),2,2,3,31,,Under Construction,,,1508,0,0,0,0,0,0,101
flat,kiran residency,sector 56,1.55,6888,2250,Super Built up area 2250(209.03 sq.m.)Built Up area: 1900 sq.ft. (176.52 sq.m.)Carpet area: 1750 sq.ft. (162.58 sq.m.),3,3,3+,5,North,Moderately Old,2250,1900,1750,0,1,0,1,0,1,92
flat,signature global park,sohna road,0.65,7907,822,Carpet area: 822 (76.37 sq.m.),2,1,2,3,,New Property,,,822,0,0,0,0,0,0,87
flat,dlf regal gardens,sector 90,1.24,7065,1755,Super Built up area 1755(163.04 sq.m.)Built Up area: 1600 sq.ft. (148.64 sq.m.)Carpet area: 1400 sq.ft. (130.06 sq.m.),3,3,3+,9,South,Relatively New,1755,1600,1400,0,0,0,0,1,0,72
flat,pareena mi casa,sector 68,1,8163,1225,Carpet area: 1225 (113.81 sq.m.),2,2,2,16,,New Property,,,1225,0,1,0,0,0,0,65
flat,supertech hues,sector 68,0.93,8611,1080,Carpet area: 1080 (100.34 sq.m.),2,2,2,11,,Undefined,,,1080,0,0,0,0,0,0,0
flat,citizen apartment,sector 51,3.55,6826,5201,Built Up area: 5200 (483.1 sq.m.)Carpet area: 4700 sq.ft. (436.64 sq.m.),5,6,3+,11,North,Moderately Old,,5200,4700,1,1,1,1,0,1,157
flat,godrej summit,sector 104,1.3,7893,1647,Super Built up area 1647(153.01 sq.m.),3,3,3,8,,New Property,1647,,,0,0,0,0,1,0,103
flat,indiabulls enigma,sector 110,3.7,10882,3400,Super Built up area 3400(315.87 sq.m.),4,5,3,7,South-West,Relatively New,3400,,,0,1,0,0,0,0,156
house,vipul tatvam villa,sector 48,5.75,22184,2592,Plot area 288(240.8 sq.m.)Built Up area: 280 sq.yards (234.12 sq.m.)Carpet area: 250 sq.yards (209.03 sq.m.),4,4,2,2,West,Moderately Old,,280,250,0,1,0,0,0,0,30
flat,krrish provence estate,gwal pahari,7.5,7500,10000,Super Built up area 10000(929.03 sq.m.),5,6,3+,23,North-East,Relatively New,10000,,,0,1,0,1,1,0,49
flat,godrej summit,sector 104,1.05,5833,1800,Carpet area: 1800 (167.23 sq.m.),3,4,3+,7,East,Relatively New,,,1800,0,1,0,0,0,1,96
house,adani brahma samsara,sector 60,18.02,28200,6390,Built Up area: 6390 (593.65 sq.m.),9,12,3+,3,North-East,Relatively New,,6390,,0,1,0,0,0,1,146
house,independent,sector 9,0.42,9333,450,Built Up area: 450 (41.81 sq.m.),5,3,2,2,,Undefined,,450,,0,0,0,0,0,0,0
flat,emaar mgf palm studios,sector 66,1.45,14795,980,Super Built up area 1188(110.37 sq.m.)Carpet area: 980 sq.ft. (91.04 sq.m.),2,2,3,3,East,Relatively New,1188,,980,0,0,0,0,0,0,92
flat,emaar palm gardens,sector 83,1.75,9210,1900,Super Built up area 1900(176.52 sq.m.)Carpet area: 1240.04 sq.ft. (115.2 sq.m.),3,3,3,6,North-West,Relatively New,1900,,1240.04,0,1,0,0,0,1,105
house,independent,sector 31,3.5,24155,1449,Plot area 161(134.62 sq.m.),4,3,3,2,South-West,Moderately Old,,1449,,0,0,1,0,0,1,81
flat,signature global grand iva,sector 103,0.5,6667,750,Built Up area: 750 (69.68 sq.m.)Carpet area: 605 sq.ft. (56.21 sq.m.),2,2,0,10,North,Undefined,,750,605,0,0,0,0,0,0,0
flat,indiabulls centrum park,sector 103,1.34,7882,1700,Super Built up area 1725(160.26 sq.m.)Carpet area: 1700 sq.ft. (157.94 sq.m.),3,3,3+,12,East,Relatively New,1725,,1700,1,1,1,1,0,1,38
house,international city by sobha phase 1,sector 109,6.15,27333,2250,Plot area 270(225.75 sq.m.)Built Up area: 270 sq.yards (225.75 sq.m.)Carpet area: 250 sq.yards (209.03 sq.m.),5,5,3+,3,West,Relatively New,,270,250,0,1,1,1,0,1,130
flat,bestech park view sanskruti,sector 92,1.5,7812,1920,Super Built up area 1920(178.37 sq.m.),3,3,3,3,East,Relatively New,1920,,,0,0,0,0,1,0,49
flat,hcbs sports ville,sohna road,0.29,3970,730,Built Up area: 743 (69.03 sq.m.)Carpet area: 519 sq.ft. (48.22 sq.m.),2,2,1,4,,Undefined,,743,519,0,0,0,0,0,0,0
flat,ireo victory valley,sector 67,4.75,13929,3410,Super Built up area 3410(316.8 sq.m.)Built Up area: 3200 sq.ft. (297.29 sq.m.)Carpet area: 3100 sq.ft. (288 sq.m.),4,4,3+,0,West,Relatively New,3410,3200,3100,1,1,1,1,0,1,165
flat,tulip violet,sector 69,1.7,8457,2010,Super Built up area 2010(186.74 sq.m.),4,4,2,1,South,Relatively New,2010,,,0,0,0,0,0,0,126
house,unitech uniworld resorts,sector 33,10,181818,550,Plot area 550(51.1 sq.m.),5,6,3,4,North-East,New Property,,550,,1,1,0,0,0,0,26
flat,prime habitat,sector 99,0.32,4657,687,Super Built up area 687(63.82 sq.m.)Built Up area: 601 sq.ft. (55.83 sq.m.)Carpet area: 448 sq.ft. (41.62 sq.m.),2,2,1,7,,Relatively New,687,601,448,0,0,0,0,0,0,44
flat,vatika lifestyle homes,sector 83,1.05,5982,1755,Super Built up area 1755(163.04 sq.m.),3,3,2,14,South-West,Relatively New,1755,,,1,1,1,1,0,1,174
house,iffco nagar and 17b rwa,sector 17,2.98,20566,1449,Plot area 161(134.62 sq.m.),6,6,3+,3,East,Relatively New,,1449,,1,0,0,1,0,0,78
flat,gls avenue 51,sector 92,0.45,7614,591,Built Up area: 646 (60.02 sq.m.)Carpet area: 591 sq.ft. (54.91 sq.m.),2,2,1,10,,New Property,,646,591,1,0,0,0,0,1,20
flat,parsvnath exotica,sector 53,4.8,14680,3270,Built Up area: 2895 (268.95 sq.m.),3,4,3+,12,North-West,New Property,,2895,,0,0,0,0,0,0,69
house,nul,sector 28,12.5,51440,2430,Plot area 270(225.75 sq.m.),16,17,3+,4,South,Relatively New,,2430,,1,1,0,1,1,2,137
house,emaar mgf marbella,sector 66,12,37037,3240,Plot area 360(301.01 sq.m.),4,4,3+,3,East,Relatively New,,3240,,1,1,1,1,0,1,160
flat,mapsko casa bella,sector 82,0.86,8120,1059,Super Built up area 1430(132.85 sq.m.)Carpet area: 1056 sq.ft. (98.11 sq.m.),3,3,3,5,South,Moderately Old,1430,,1056,1,0,0,0,0,1,120
flat,rof ananda,sector 95,0.36,5658,636,Carpet area: 645 (59.92 sq.m.),2,2,2,10,East,New Property,,,645,1,0,0,0,0,0,75
house,independent,sector 23,2.9,11600,2500,Plot area 2500(232.26 sq.m.),4,4,3,2,,Relatively New,,2500,,0,1,0,0,0,1,43
flat,la lagune,sector 54,6.75,21360,3160,Super Built up area 3160(293.57 sq.m.)Built Up area: 2455 sq.ft. (228.08 sq.m.)Carpet area: 2240 sq.ft. (208.1 sq.m.),4,6,3+,11,East,Moderately Old,3160,2455,2240,0,1,0,0,0,1,119
flat,ramsons kshitij,sector 95,0.32,4500,711,Super Built up area 700(65.03 sq.m.)Carpet area: 443.32 sq.ft. (41.19 sq.m.),2,2,1,8,,Relatively New,700,,443.32,0,0,0,0,1,2,28
house,independent,sector 40,5,21124,2367,Plot area 263(219.9 sq.m.),9,9,3+,3,South-East,Relatively New,,2367,,0,0,0,1,0,1,66
flat,conscient heritage max,sector 102,2.2,10237,2149,Super Built up area 2149(199.65 sq.m.)Built Up area: 1186 sq.ft. (110.18 sq.m.)Carpet area: 1130 sq.ft. (104.98 sq.m.),3,4,3+,20,East,Relatively New,2149,1186,1130,1,1,0,0,0,1,45
flat,vatika city,sector 49,3.6,11920,3020,Carpet area: 3020 (280.57 sq.m.),4,5,3,7,,Moderately Old,,,3020,0,1,0,1,0,2,15
house,signature global city 63a,sector 63,1.5,6289,2385,Built Up area: 2385 (221.57 sq.m.),3,3,2,1,,New Property,,2385,,0,0,0,0,0,0,0
flat,dlf regal gardens,sector 90,1.79,8081,2215,Carpet area: 2215 (205.78 sq.m.),4,3,3+,10,North-East,Moderately Old,,,2215,0,0,0,0,0,0,63
flat,m3m soulitude,sector 89,1.28,8827,1450,Carpet area: 1450 (134.71 sq.m.),3,3,2,4,,Under Construction,,,1450,1,0,0,0,0,0,114
house,independent,sector 46,2.4,26667,900,Plot area 100(83.61 sq.m.),4,4,3,3,East,Moderately Old,,900,,0,0,1,0,0,1,44
flat,ashiana anmol,sohna road,0.9,7059,1275,Built Up area: 1275 (118.45 sq.m.)Carpet area: 1039 sq.ft. (96.53 sq.m.),2,2,2,8,,Undefined,,1275,1039,0,0,0,0,0,0,0
house,independent,sector 7,0.95,21111,450,Plot area 450(41.81 sq.m.),2,1,1,3,,New Property,,450,,0,0,0,0,0,0,15
flat,vatika city,sector 49,2.64,11725,2252,Super Built up area 2251.42(209.16 sq.m.)Built Up area: 1750.75 sq.ft. (162.65 sq.m.),3,4,3+,2,East,Moderately Old,2251.42,1750.75,,0,1,0,1,0,1,140
house,independent,sector 39,15,33333,4500,Plot area 500(418.06 sq.m.),5,5,3+,4,,Moderately Old,,4500,,0,1,0,0,0,1,27
house,independent,sector 26,8.1,35294,2295,Plot area 255(213.21 sq.m.),5,5,2,4,East,Old Property,,2295,,0,0,0,0,0,0,42
flat,shree vardhman victoria,sector 70,1.75,8205,2133,Super Built up area 1950(181.16 sq.m.)Carpet area: 1161 sq.ft. (107.86 sq.m.),3,5,3,7,,New Property,1950,,1161,0,1,0,1,0,0,37
house,unitech nirvana birch court,sector 50,6.8,31481,2160,Plot area 240(200.67 sq.m.),4,4,3+,2,South-East,Old Property,,2160,,1,1,0,1,0,0,105
house,independent,sector 4,0.5,10482,477,Built Up area: 53 (44.31 sq.m.),5,3,0,1,,Undefined,,53,,0,0,0,0,0,0,0
flat,ansal housing highland park,sector 103,0.88,6429,1369,Super Built up area 1361(126.44 sq.m.),2,2,3,3,,New Property,1361,,,0,0,0,0,0,0,52
flat,tulip violet,sector 69,1.68,8348,2012,Super Built up area 2010(186.74 sq.m.),4,4,2,1,South-West,Relatively New,2010,,,0,0,0,1,0,0,102
house,independent,sector 4,0.5,9259,540,Plot area 540(50.17 sq.m.),5,3,2,3,West,Old Property,,540,,0,0,0,0,0,0,0
flat,sare homes,sector 92,0.56,4729,1184,Carpet area: 1184 (110 sq.m.),3,1,3,1,East,Moderately Old,,,1184,0,0,0,0,0,1,75
house,independent,sector 14,4.6,20444,2250,Built Up area: 2250 (209.03 sq.m.),1,1,0,1,,Undefined,,2250,,0,0,0,0,0,0,0
flat,tulip violet,sector 69,1.19,8814,1350,Carpet area: 1350 (125.42 sq.m.),2,3,1,0,West,Relatively New,,,1350,1,0,0,0,0,1,174
house,independent,sector 105,0.35,7778,450,Carpet area: 500 (46.45 sq.m.),2,2,1,2,East,Undefined,,,500,0,0,0,0,0,0,0
house,dlf city plots,sector 26,13.5,29880,4518,Plot area 502(419.74 sq.m.),5,5,2,2,East,Moderately Old,,4518,,1,1,0,0,1,1,104
flat,conscient heritage max,sector 102,1.75,9011,1942,Super Built up area 1942(180.42 sq.m.),3,4,3+,13,North,Relatively New,1942,,,0,1,0,0,0,1,94
flat,m3m capital,sector 113,2.51,14800,1696,Super Built up area 1695(157.47 sq.m.),3,3,3+,2,North-West,Under Construction,1695,,,1,0,0,0,0,0,49
house,unitech uniworld resorts,sector 33,11.75,23240,5056,Plot area 502(419.74 sq.m.),5,7,3+,3,East,Relatively New,,502,,0,1,0,0,0,0,80
flat,vatika lifestyle homes,sector 83,1.15,8214,1400,Super Built up area 1832(170.2 sq.m.)Carpet area: 1400 sq.ft. (130.06 sq.m.),3,3,1,7,South-West,Moderately Old,1832,,1400,0,0,0,0,0,1,95
flat,vatika sovereign park,sector 99,3.2,9922,3225,Built Up area: 3225 (299.61 sq.m.),4,4,0,5,North-East,Under Construction,,3225,,0,0,0,0,0,0,23
flat,signature global synera,sector 81,0.45,7525,598,Carpet area: 598 (55.56 sq.m.),2,2,2,6,North-East,Relatively New,,,598,0,0,1,0,0,1,39
flat,experion the heartsong,sector 108,2.28,8204,2779,Super Built up area 2779(258.18 sq.m.),4,5,3+,8,North,Relatively New,2779,,,0,0,0,0,0,0,101
house,the laburnum,sector 43,11,27160,4050,Plot area 450(376.26 sq.m.)Built Up area: 360 sq.yards (301.01 sq.m.)Carpet area: 350 sq.yards (292.64 sq.m.),5,6,3+,3,East,New Property,,360,350,0,1,0,1,0,1,160
house,independent,sector 27,4.25,31481,1350,Plot area 163(136.29 sq.m.)Built Up area: 161 sq.yards (134.62 sq.m.)Carpet area: 150 sq.yards (125.42 sq.m.),5,5,3+,3,East,Relatively New,,161,150,0,1,0,1,0,1,49
house,independent,sector 26,4.6,12198,3771,Plot area 419(350.34 sq.m.),4,4,3+,,,Old Property,,3771,,0,0,0,0,0,0,28
flat,bestech park view ananda,sector 81,0.87,7951,1094,Super Built up area 1360(126.35 sq.m.)Built Up area: 1300 sq.ft. (120.77 sq.m.)Carpet area: 1094 sq.ft. (101.64 sq.m.),2,2,3,8,West,Relatively New,1360,1300,1094,0,0,0,0,0,1,95
flat,godrej nature plus,sector 33,1.9,9849,1929,Carpet area: 1929 (179.21 sq.m.),3,3,3+,14,,New Property,,,1929,0,1,0,0,0,0,96
flat,saan verdante,sector 95,2,10178,1965,Super Built up area 1965(182.55 sq.m.)Carpet area: 1935 sq.ft. (179.77 sq.m.),3,4,3+,5,North,New Property,1965,,1935,0,1,0,0,0,0,49
house,independent,sector 24,4.5,33333,1350,Plot area 163(136.29 sq.m.)Built Up area: 160 sq.yards (133.78 sq.m.)Carpet area: 150 sq.yards (125.42 sq.m.),10,8,3+,4,East,Relatively New,,160,150,0,1,1,0,0,1,56
house,independent,sector 5,1.1,10000,1100,Built Up area: 1100 (102.19 sq.m.)Carpet area: 900 sq.ft. (83.61 sq.m.),5,4,2,1,East,Undefined,,1100,900,0,0,0,0,0,0,0
flat,tulip violet,sector 69,1.4,8840,1584,Super Built up area 1578(146.6 sq.m.),3,3,2,1,North-East,Relatively New,1578,,,0,0,0,0,0,0,95
house,unitech espace,sector 50,7.35,41762,1760,Plot area 240(200.67 sq.m.),4,4,3+,3,South,Moderately Old,,240,,0,1,0,1,0,1,52
flat,dlf the ultima,sector 81,2.4,11257,2132,Super Built up area 2132(198.07 sq.m.)Built Up area: 1800 sq.ft. (167.23 sq.m.)Carpet area: 1400 sq.ft. (130.06 sq.m.),3,3,2,10,North-West,Relatively New,2132,1800,1400,0,1,0,0,0,2,174
flat,capital residences 360,sector 70a,1.66,8400,1976,Super Built up area 1976(183.58 sq.m.)Built Up area: 1900 sq.ft. (176.52 sq.m.)Carpet area: 1500 sq.ft. (139.35 sq.m.),3,3,3+,8,East,New Property,1976,1900,1500,0,1,0,0,0,0,132
flat,vatika boulevard residences and heights,sector 83,1.42,8000,1775,Carpet area: 1775 (164.9 sq.m.),3,3,2,2,West,Relatively New,,,1775,0,0,0,0,0,1,113
flat,ansal heights 86,sector 86,0.74,5441,1360,Super Built up area 1360(126.35 sq.m.),2,2,1,11,,Under Construction,1360,,,0,0,0,0,1,0,45
flat,m3m skycity,sector 65,3.5,17039,2054,Carpet area: 2054 (190.82 sq.m.),3,3,3,15,East,New Property,,,2054,1,1,0,1,0,1,166
flat,microtek greenburg,sector 86,1.45,9797,1480,Built Up area: 1480 (137.5 sq.m.)Carpet area: 1050 sq.ft. (97.55 sq.m.),3,2,3,8,North-East,Relatively New,,1480,1050,0,0,0,0,0,2,72
flat,godrej,sector 79,1.29,8206,1572,Super Built up area 1572(146.04 sq.m.),2,2,3,4,,New Property,1572,,,0,0,0,0,0,0,0
flat,krishna appartment,sector 12,0.35,3500,1000,Super Built up area 1000(92.9 sq.m.),3,3,1,2,,Old Property,1000,,,0,0,0,0,0,0,0
flat,raheja vedaanta,sector 108,0.95,5214,1822,Super Built up area 1822(169.27 sq.m.),3,3,3,3,,Relatively New,1822,,,0,0,0,0,1,0,95
flat,suncity platinum towers,sector 28,7,22222,3150,Super Built up area 3150(292.64 sq.m.)Carpet area: 1913 sq.ft. (177.72 sq.m.),4,3,2,10,North,Moderately Old,3150,,1913,0,1,0,0,0,0,31
flat,umang winter hills,sector 77,0.99,7857,1260,Super Built up area 1260(117.06 sq.m.)Carpet area: 1000 sq.ft. (92.9 sq.m.),2,2,2,1,North,Relatively New,1260,,1000,0,0,0,0,0,0,97
flat,parsvnath green ville,sector 48,1.86,7654,2430,Super Built up area 2430(225.75 sq.m.),3,3,3+,6,North,Moderately Old,2430,,,0,1,0,0,0,1,94
flat,alpha corp gurgaonone,sector 84,2.2,6406,3434,Super Built up area 3434(319.03 sq.m.),4,4,3+,15,South-West,Relatively New,3434,,,0,1,0,0,0,0,97
flat,hcbs sports ville,sohna road,0.32,4301,744,Built Up area: 743.99 (69.12 sq.m.),2,2,1,3,,Relatively New,,744.000768,,0,0,0,0,0,0,109
house,independent,sector 43,8.49,31444,2700,Plot area 300(250.84 sq.m.),3,3,2,4,North,Relatively New,,2700,,0,1,0,1,0,1,21
house,not applicable,sector 4,0.75,11718,640,Plot area 640(59.46 sq.m.),5,4,3,2,,Moderately Old,,640,,0,0,0,0,0,0,0
flat,chd avenue,sector 71,1.4,7945,1762,Carpet area: 1762 (163.7 sq.m.),3,3,2,1,South-East,Moderately Old,,,1762,0,0,0,1,0,1,125
flat,supertech araville,sector 79,0.9,6950,1295,Built Up area: 1295 (120.31 sq.m.),2,2,0,12,,Undefined,,1295,,0,0,0,0,0,0,0
flat,sobha city,sector 108,2.1,13975,1503,Super Built up area 1381(128.3 sq.m.),2,2,2,3,,Under Construction,1381,,,0,0,0,0,0,0,74
flat,emaar mgf palm hills,sector 77,1.65,8461,1950,Super Built up area 1950(181.16 sq.m.),4,3,3,9,South,Relatively New,1950,,,0,1,0,0,0,0,100
house,bptp visionnaire,sector 70a,4.6,17624,2610,Plot area 290(242.48 sq.m.),4,4,3+,3,North,Moderately Old,,2610,,1,1,1,1,0,0,96
flat,supertech araville,sector 79,0.71,6061,1171,Super Built up area 1295(120.31 sq.m.)Carpet area: 1250 sq.ft. (116.13 sq.m.),2,2,3+,17,North,New Property,1295,,1250,0,0,0,0,1,0,53
flat,unitech uniworld gardens,sector 47,1.05,10531,997,Carpet area: 997 (92.62 sq.m.),2,2,2,3,North-East,Relatively New,,,997,0,0,0,0,0,1,34
flat,cghs airport apartment,sector 47,1.8,6000,3000,Super Built up area 3000(278.71 sq.m.)Carpet area: 2700 sq.ft. (250.84 sq.m.),4,4,3+,4,North-West,Moderately Old,3000,,2700,0,0,1,0,0,1,120
house,independent,sector 54,3.75,234375,160,Plot area 160(14.86 sq.m.),4,4,3,3,East,Moderately Old,,160,,0,1,0,0,0,1,13
flat,godrej summit premia towers,sector 104,0.9,7149,1259,Built Up area: 1259 (116.96 sq.m.),2,2,0,16,,Undefined,,1259,,0,0,0,0,0,0,0
flat,emaar mgf emerald estate,sector 65,1.42,13921,1020,Super Built up area 1020(94.76 sq.m.)Built Up area: 1010 sq.ft. (93.83 sq.m.)Carpet area: 750 sq.ft. (69.68 sq.m.),2,2,2,6,North-East,Relatively New,1020,1010,750,1,0,0,0,0,1,174
flat,piedmont taksila heights,sector 37,1.05,4792,2191,Super Built up area 1920(178.37 sq.m.),3,3,3,7,,Relatively New,1920,,,0,0,0,0,0,1,81
flat,paras dews,sector 106,1.2,6818,1760,Super Built up area 1760(163.51 sq.m.)Built Up area: 1186 sq.ft. (110.18 sq.m.)Carpet area: 1130 sq.ft. (104.98 sq.m.),3,4,3+,9,North-East,Relatively New,1760,1186,1130,0,1,0,0,0,0,174
flat,la vida by tata housing,sector 113,3.05,15561,1960,Super Built up area 2690(249.91 sq.m.)Built Up area: 2150 sq.ft. (199.74 sq.m.)Carpet area: 1960 sq.ft. (182.09 sq.m.),3,4,3,3,North-West,Relatively New,2690,2150,1960,0,1,0,0,0,0,174
flat,emaar mgf the palm drive,sector 66,4.6,18400,2500,Super Built up area 3300(306.58 sq.m.)Carpet area: 2500 sq.ft. (232.26 sq.m.),3,3,3,11,North,Relatively New,3300,,2500,1,1,1,1,0,1,131
flat,dlf express greens,manesar,1.5,6358,2359,Super Built up area 2359(219.16 sq.m.),4,5,3+,10,East,New Property,2359,,,0,1,0,0,0,0,32
house,rattan vihar rajendra park,dwarka expressway,0.85,14166,600,Plot area 600(55.74 sq.m.),5,5,3+,4,,New Property,,600,,0,0,0,0,0,0,0
flat,umang winter hills,sector 77,1,7500,1333,Carpet area: 1340 (124.49 sq.m.),2,2,2,3,,New Property,,,1340,0,0,0,0,0,0,74
house,unitech uniworld resorts,sector 33,8,17778,4500,Built Up area: 500 (418.06 sq.m.),6,5,3+,4,,Undefined,,500,,0,0,0,0,0,0,0
flat,shree vardhman victoria,sector 70,1.8,9230,1950,Super Built up area 1950(181.16 sq.m.),3,3,3+,10,North-East,New Property,1950,,,0,0,0,0,1,1,49
house,independent,sector 14,3.4,15111,2250,Plot area 250(209.03 sq.m.),3,3,3,1,North-West,Old Property,,2250,,0,0,0,0,0,0,32
flat,ats triumph,sector 104,2.63,9563,2750,Super Built up area 3150(292.64 sq.m.)Carpet area: 2750 sq.ft. (255.48 sq.m.),4,4,3+,21,North,Relatively New,3150,,2750,0,1,0,0,0,1,161
flat,ild grand,sector 37,0.66,5038,1310,Built Up area: 1310 (121.7 sq.m.),2,2,3+,14,,Undefined,,1310,,0,0,0,0,0,0,60
flat,dlf regency park,sector 28,1.35,11992,1126,Built Up area: 1109 (103.03 sq.m.),2,2,2,1,,Moderately Old,,1109,,0,0,0,0,0,0,0
flat,pioneer park,sector 61,3.6,12627,2851,Super Built up area 2851(264.87 sq.m.),4,4,3,3,North,Moderately Old,2851,,,0,1,0,0,0,1,121
flat,radhakrishna society,sector 23,0.55,5000,1100,Super Built up area 1100(102.19 sq.m.),2,2,1,1,West,Moderately Old,1100,,,0,0,0,0,0,1,29
flat,shyamkunj ashok vihar pahse 2,sector 5,0.3,4444,675,Carpet area: 675 (62.71 sq.m.),2,2,1,1,East,Relatively New,,,675,0,0,0,0,0,0,21
flat,m3m woodshire,sector 107,1.01,7394,1366,Super Built up area 1366(126.91 sq.m.)Built Up area: 1200 sq.ft. (111.48 sq.m.),2,2,3+,11,,New Property,1366,1200,,0,0,0,0,1,0,74
flat,bestech park view sanskruti,sector 92,1.9,8172,2325,Super Built up area 2325(216 sq.m.)Built Up area: 1920 sq.ft. (178.37 sq.m.)Carpet area: 1750 sq.ft. (162.58 sq.m.),4,4,3+,10,West,Relatively New,2325,1920,1750,1,1,0,1,1,0,49
flat,vatika lifestyle homes,sector 83,1.25,6839,1828,Super Built up area 1827.5(169.78 sq.m.),3,2,1,6,South-West,Relatively New,1827.5,,,1,1,1,1,0,2,174
house,independent,sector 40,9.5,40135,2367,Plot area 263(219.9 sq.m.),12,12,3+,4,,New Property,,2367,,0,0,1,0,0,1,57
flat,ireo skyon,sector 60,3.8,13571,2800,Super Built up area 2800(260.13 sq.m.)Built Up area: 2791 sq.ft. (259.29 sq.m.)Carpet area: 2768 sq.ft. (257.16 sq.m.),4,5,3,15,East,Moderately Old,2800,2791,2768,0,1,0,0,0,1,145
house,independent,sector 4,1.9,8444,2250,Plot area 250(209.03 sq.m.)Carpet area: 190 sq.yards (158.86 sq.m.),4,3,2,2,North-East,Moderately Old,,,190,0,0,1,1,0,1,46
flat,m3m sierra 68,sector 68,1.08,8674,1245,Super Built up area 1245(115.66 sq.m.)Built Up area: 1130 sq.ft. (104.98 sq.m.)Carpet area: 930 sq.ft. (86.4 sq.m.),2,2,3,1,West,Relatively New,1245,1130,930,0,0,0,0,0,1,149
house,puri diplomatic greens,sector 111,9,11250,8000,Built Up area: 8000 (743.22 sq.m.),5,5,3+,3,North-East,Relatively New,,8000,,0,1,0,0,0,0,112
house,unitech aspen greens,sector 50,12,37037,3240,Plot area 360(301.01 sq.m.),3,4,2,1,East,Moderately Old,,3240,,1,1,0,0,0,1,101
flat,paras dews,sector 106,1.42,6029,2355,Super Built up area 2355(218.79 sq.m.),4,6,3+,11,North-East,Relatively New,2355,,,0,1,0,0,0,0,143
flat,sare green parc phase 3,sector 92,0.95,4856,1956,Super Built up area 1956(181.72 sq.m.),4,3,3,4,North,Moderately Old,1956,,,0,0,0,0,0,0,67
house,independent,sector 38,8,230547,347,Built Up area: 347 (32.24 sq.m.)Carpet area: 215 sq.ft. (19.97 sq.m.),10,10,3+,1,North,Undefined,,347,215,0,0,0,0,0,0,0
flat,bestech park view spa next,sector 67,2.32,11989,1935,Super Built up area 1935(179.77 sq.m.)Carpet area: 1600 sq.ft. (148.64 sq.m.),3,4,3+,14,North-East,Moderately Old,1935,,1600,0,1,0,0,0,1,59
flat,karmyogi apartment,sector 10,2.3,6467,3557,Carpet area: 3556 (330.36 sq.m.),6,4,2,6,,Moderately Old,,,3556,0,0,0,0,0,0,0
flat,signature global park,sohna road,0.91,6289,1447,Carpet area: 1439 (133.69 sq.m.),3,3,3,1,West,Relatively New,,,1439,0,0,0,1,0,0,165
house,dlf city plots phase 2,sector 25,10.75,29861,3600,Plot area 400(334.45 sq.m.),9,9,3+,3,South-West,Old Property,,3600,,0,1,1,1,0,0,73
flat,mvn athens,sohna road,0.21,4666,450,Carpet area: 450 (41.81 sq.m.),1,1,1,11,,New Property,,,450,0,0,0,0,0,0,16
flat,railway officers rpf society,sector 9,1.25,6921,1806,Carpet area: 1806 (167.78 sq.m.),4,3,3,1,South-West,Old Property,,,1806,0,1,0,0,0,1,12
house,independent,sector 4,5,10101,4950,Plot area 550(459.87 sq.m.),3,3,2,1,North-East,Old Property,,4950,,0,0,0,0,0,0,22
flat,ansal heights 86,sector 86,1.3,4666,2786,Super Built up area 2786(258.83 sq.m.),4,6,2,11,East,New Property,2786,,,0,1,0,0,1,0,86
flat,the lions cghs,sector 56,2.05,8541,2400,Carpet area: 2400 (222.97 sq.m.),4,4,3+,8,West,Moderately Old,,,2400,0,0,0,0,0,1,49
flat,vatika gurgaon,sector 83,1.33,5564,2390,Super Built up area 2390(222.04 sq.m.)Carpet area: 2000 sq.ft. (185.81 sq.m.),4,4,3,3,East,Relatively New,2390,,2000,0,1,0,0,0,0,26
house,independent,sector 2,2.95,15989,1845,Plot area 205(171.41 sq.m.),4,4,3+,2,North-West,Old Property,,1845,,0,0,0,0,0,0,27
flat,ss the leaf,sector 85,1.85,7682,2408,Super Built up area 2408(223.71 sq.m.),3,4,3,2,North,Relatively New,2408,,,1,1,0,0,0,1,49
flat,chd avenue,sector 71,0.95,7917,1200,Built Up area: 1200 (111.48 sq.m.),2,2,0,5,South,Undefined,,1200,,0,0,0,0,0,0,0
flat,shree vardhman victoria,sector 70,1.15,8518,1350,Super Built up area 1350(125.42 sq.m.),2,2,3,8,South-East,Relatively New,1350,,,1,0,0,0,1,0,49
house,independent,sector 39,1.7,17980,945,Plot area 900(83.61 sq.m.),2,2,3+,3,,Moderately Old,,900,,0,1,1,0,0,0,45
flat,ireo the corridors,sector 67a,1.62,9380,1727,Super Built up area 1727(160.44 sq.m.)Carpet area: 1017 sq.ft. (94.48 sq.m.),3,3,2,4,North,New Property,1727,,1017,0,0,1,0,0,1,142
flat,ambience creacions,sector 22,2.4,17391,1380,Super Built up area 1380(128.21 sq.m.)Built Up area: 1200 sq.ft. (111.48 sq.m.)Carpet area: 900 sq.ft. (83.61 sq.m.),2,2,2,8,South-East,Relatively New,1380,1200,900,0,0,0,0,1,2,112
flat,dlf new town heights,sector 90,1.21,6243,1938,Super Built up area 1930(179.3 sq.m.)Built Up area: 1929 sq.ft. (179.21 sq.m.)Carpet area: 1928 sq.ft. (179.12 sq.m.),3,3,3+,7,West,Relatively New,1930,1929,1928,0,1,0,1,0,0,127
flat,ss the leaf,sector 85,1.3,7779,1671,Super Built up area 1671(155.24 sq.m.)Carpet area: 1169 sq.ft. (108.6 sq.m.),2,2,3+,16,East,Relatively New,1671,,1169,0,0,1,0,0,0,148
flat,greenopolis,sector 89,1.3,6806,1910,Carpet area: 1910 (177.44 sq.m.),3,3,3+,1,South-West,New Property,,,1910,0,1,0,0,0,0,35
flat,shree vardhman victoria,sector 70,1.67,14384,1161,Super Built up area 1950(181.16 sq.m.)Carpet area: 1161 sq.ft. (107.86 sq.m.),3,5,3,5,North-East,Moderately Old,1950,,1161,0,1,0,0,0,0,108
flat,vatika the seven lamps,sector 82,1,6969,1435,Super Built up area 1435(133.32 sq.m.),2,2,2,14,,Relatively New,1435,,,1,0,0,0,1,0,69
flat,milan cghs 9,sector 39,2,8333,2400,Built Up area: 2400 (222.97 sq.m.),3,3,3+,0,,Undefined,,2400,,0,0,0,0,0,0,0
flat,paras quartier,gwal pahari,5.9,11028,5350,Super Built up area 5350(497.03 sq.m.),4,4,3+,19,East,New Property,5350,,,1,1,1,1,0,1,160
house,international city by sobha phase 1,sector 109,6,24691,2430,Plot area 270(225.75 sq.m.),4,5,3+,2,North,Relatively New,,2430,,0,1,0,0,0,1,96
flat,denso haryana housing society,manesar,0.9,4308,2089,Carpet area: 2089 (194.07 sq.m.),3,3,3+,5,East,Moderately Old,,,2089,0,1,0,0,0,0,7
flat,dlf new town heights,sector 90,1.54,6514,2364,Super Built up area 2364(219.62 sq.m.)Built Up area: 2200 sq.ft. (204.39 sq.m.)Carpet area: 1850 sq.ft. (171.87 sq.m.),4,4,3+,12,South-West,Moderately Old,2364,2200,1850,0,1,0,1,0,1,111
house,tulip yellow,sector 69,2.95,16389,1800,Plot area 200(167.23 sq.m.),4,3,2,3,North,New Property,,1800,,0,0,0,1,1,2,111
house,independent,sector 23,4,16004,2499,Plot area 270(225.75 sq.m.),3,3,2,2,East,Moderately Old,,2430,,0,1,0,0,0,1,115
flat,pareena mi casa,sector 68,1.9,9227,2059,Carpet area: 2059 (191.29 sq.m.),3,3,3+,1,,Under Construction,,,2059,0,1,0,0,0,0,49
flat,bestech park view ananda,sector 81,1.35,7541,1790,Carpet area: 1790 (166.3 sq.m.),3,3,3+,8,North,Old Property,,,1790,0,0,0,0,0,0,114
flat,eldeco accolade,sohna road,1.1,7549,1457,Super Built up area 1457(135.36 sq.m.),2,2,3+,17,,Relatively New,1457,,,1,0,0,0,1,1,7
flat,ansal housing highland park,sector 103,0.88,6429,1369,Super Built up area 1361(126.44 sq.m.),2,2,3,3,,New Property,1361,,,0,0,0,0,0,0,52
flat,mapsko casa bella,sector 82,1.38,5443,2535,Super Built up area 2535(235.51 sq.m.),4,5,3+,20,South-West,Relatively New,2535,,,0,1,0,0,0,0,79
flat,ashiana anmol,sohna road,0.88,11125,791,Super Built up area 1275(118.45 sq.m.)Carpet area: 791 sq.ft. (73.49 sq.m.),2,2,2,13,East,Relatively New,1275,,791,0,0,0,0,0,2,127
flat,dlf the skycourt,sector 86,1.35,6998,1929,Super Built up area 1929(179.21 sq.m.),3,3,1,9,North-West,Relatively New,1929,,,0,0,0,0,0,0,119
flat,experion the heartsong,sector 108,1.02,7950,1283,Built Up area: 1283 (119.19 sq.m.)Carpet area: 734.43 sq.ft. (68.23 sq.m.),2,3,3,4,,Relatively New,,1283,734.43,1,0,0,0,0,0,112
flat,dlf new town heights,sector 86,1.54,5786,2662,Super Built up area 2364(219.62 sq.m.),4,4,3+,21,North-West,Moderately Old,2364,,,1,1,0,1,0,0,80
flat,dlf regal gardens,sector 90,1.65,7449,2215,Super Built up area 2215(205.78 sq.m.)Built Up area: 1900 sq.ft. (176.52 sq.m.)Carpet area: 1700 sq.ft. (157.94 sq.m.),4,4,3+,8,East,Relatively New,2215,1900,1700,0,0,0,0,1,0,79
flat,orchid island,sector 51,1.7,10651,1596,Carpet area: 1596 (148.27 sq.m.),3,4,3,2,West,Moderately Old,,,1596,0,0,1,1,0,0,90
house,independent,sector 2,4.99,18889,2642,Plot area 270(225.75 sq.m.),4,4,3+,3,North,Moderately Old,,270,,0,1,1,1,0,0,43
flat,vatika lifestyle homes,sector 83,1.15,6552,1755,Super Built up area 1755(163.04 sq.m.),3,2,3,15,,Relatively New,1755,,,0,0,0,0,0,0,37
flat,signature global city 37d ph 2,sector 37d,1.35,9375,1440,Carpet area: 1440 (133.78 sq.m.),3,3,3+,3,,Under Construction,,,1440,0,0,0,1,0,0,51
flat,smart world orchard,sector 61,1.7,15178,1120,Carpet area: 1120 (104.05 sq.m.),2,2,2,4,East,Under Construction,,,1120,1,0,0,0,0,0,127
flat,trisara our homes 3,sohna road,0.36,5980,602,Super Built up area 602(55.93 sq.m.)Carpet area: 450 sq.ft. (41.81 sq.m.),2,2,1,1,,New Property,602,,450,0,0,0,0,0,0,45
flat,experion heartsong,dwarka expressway,1.08,6150,1756,Built Up area: 1758 (163.32 sq.m.),3,3,0,,,Under Construction,,1758,,0,0,0,0,0,0,0
flat,m3m golfestate,sector 65,5,18518,2700,Super Built up area 2979(276.76 sq.m.)Built Up area: 2800 sq.ft. (260.13 sq.m.)Carpet area: 2700 sq.ft. (250.84 sq.m.),3,3,3+,28,North-East,Relatively New,2979,2800,2700,0,1,0,1,0,1,165
flat,signature global park,sohna road,0.83,7410,1120,Carpet area: 1120 (104.05 sq.m.),3,2,2,1,,New Property,,,1120,0,0,0,0,0,0,16
flat,pioneer park,sector 61,2.1,11666,1800,Super Built up area 1800(167.23 sq.m.)Carpet area: 1400 sq.ft. (130.06 sq.m.),3,3,3,15,South-East,Relatively New,1800,,1400,0,0,0,0,0,1,49
flat,mapsko mount ville,sector 79,1.25,8389,1490,Super Built up area 1490(138.43 sq.m.)Carpet area: 863.91 sq.ft. (80.26 sq.m.),3,3,3,22,South-West,Relatively New,1490,,863.91,1,0,0,1,0,0,160
flat,ats triumph,sector 104,2.65,8412,3150,Super Built up area 3150(292.64 sq.m.)Carpet area: 2650 sq.ft. (246.19 sq.m.),4,4,3+,14,East,Relatively New,3150,,2650,0,1,0,0,0,1,21
flat,ss the leaf,sector 85,1.1,12471,882,Super Built up area 1640(152.36 sq.m.)Built Up area: 1173 sq.ft. (108.98 sq.m.)Carpet area: 882 sq.ft. (81.94 sq.m.),2,2,3,12,North,Relatively New,1640,1173,882,1,0,0,0,0,0,75
house,bptp visionnaire,sector 70a,4.02,7309,5500,Built Up area: 5500 (510.97 sq.m.),4,4,3+,3,North-East,Relatively New,,5500,,1,1,1,1,0,0,138
house,ansal florence super,sector 57,3.75,23148,1620,Plot area 180(150.5 sq.m.)Carpet area: 300 sq.yards (250.84 sq.m.),3,4,3,2,,Moderately Old,,,300,1,1,1,0,0,1,38
flat,alpha corp gurgaonone,sector 84,0.85,6692,1270,Super Built up area 1270(117.99 sq.m.)Carpet area: 1050 sq.ft. (97.55 sq.m.),2,2,3,6,West,Relatively New,1270,,1050,0,0,0,0,0,1,28
house,independent,sector 6,0.5,8333,600,Plot area 600(55.74 sq.m.),3,3,2,2,East,Moderately Old,,600,,0,0,0,1,0,0,0
flat,sare crescent parc royal greens phase 1,sector 92,0.79,6086,1298,Super Built up area 1298(120.59 sq.m.),3,2,2,15,,New Property,1298,,,0,0,0,0,0,0,25
flat,godrej icon,sector 88a,1.75,1384,12645,Carpet area: 1175.11,3,3,3+,6,,New Property,,,1175.11,0,0,0,0,0,0,55
flat,ss the leaf,sector 85,2.2,6934,3173,Super Built up area 2812(261.24 sq.m.),4,5,3+,4,East,Relatively New,2812,,,0,0,0,0,0,0,106
house,independent,sector 9,0.35,9722,360,Plot area 40(33.45 sq.m.),2,2,1,2,South-East,Old Property,,360,,0,0,0,0,0,0,0
flat,pivotal devaan,sector 84,0.36,7588,474,Super Built up area 583(54.16 sq.m.)Carpet area: 481 sq.ft. (44.69 sq.m.),2,2,1,9,West,Relatively New,583,,481,0,0,1,0,0,2,80
flat,suncity platinum towers,sector 28,6.2,23091,2685,Super Built up area 2685(249.44 sq.m.)Built Up area: 2000 sq.ft. (185.81 sq.m.)Carpet area: 1900 sq.ft. (176.52 sq.m.),3,4,3+,21,South,Relatively New,2685,2000,1900,0,1,0,0,0,1,160
house,independent,sector 57,8,266666,300,Plot area 300(27.87 sq.m.),5,4,3,2,North,Relatively New,,300,,1,1,0,1,0,0,21
flat,tata primanti,sector 72,3.2,12190,2625,Super Built up area 2625(243.87 sq.m.)Built Up area: 2600 sq.ft. (241.55 sq.m.)Carpet area: 2550 sq.ft. (236.9 sq.m.),4,4,3+,8,North,Moderately Old,2625,2600,2550,0,1,0,0,0,1,168
flat,paras dews,sector 106,1.05,7581,1385,Carpet area: 1385 (128.67 sq.m.),2,2,2,5,West,New Property,,,1385,0,0,0,0,0,0,97
flat,bptp terra,sector 37d,1.72,9497,1811,Super Built up area 1811(168.25 sq.m.)Carpet area: 996.3 sq.ft. (92.56 sq.m.),3,3,3,9,South,Relatively New,1811,,996.3,1,0,0,0,0,1,24
flat,dlf the skycourt,sector 86,1.55,8035,1929,Super Built up area 1929(179.21 sq.m.)Built Up area: 1500 sq.ft. (139.35 sq.m.)Carpet area: 1300 sq.ft. (120.77 sq.m.),3,3,3+,12,North-East,Relatively New,1929,1500,1300,0,0,0,0,1,2,166
flat,ats marigold,sector 89,1.7,9714,1750,Carpet area: 1750 (162.58 sq.m.),3,3,3+,8,North,Under Construction,,,1750,1,0,0,0,0,0,65
flat,rof ananda,sector 95,0.37,5744,644,Carpet area: 644.12 (59.84 sq.m.),3,2,1,6,South-East,Relatively New,,,644.111776,0,0,0,1,0,1,72
flat,eldeco accolade,sohna road,1.1,7549,1457,Super Built up area 1457(135.36 sq.m.),2,2,3+,17,,Relatively New,1457,,,1,0,0,0,1,1,7
house,independent,sector 56,12.39,45889,2700,Plot area 300(250.84 sq.m.),16,18,3+,4,North-East,New Property,,2700,,0,1,0,1,0,1,49
flat,viridian the plaza 106,sector 106,0.46,6571,700,Carpet area: 700 (65.03 sq.m.),1,1,1,18,,New Property,,,700,0,0,0,0,0,0,104
flat,signature global city,sector 37d,0.68,11724,580,Carpet area: 580 (53.88 sq.m.),2,2,3,9,,New Property,,,580,0,0,0,0,1,0,58
flat,eldeco accolade,sohna road,0.95,6554,1449,Super Built up area 1457(135.36 sq.m.)Carpet area: 849 sq.ft. (78.87 sq.m.),2,2,3,8,North-East,Under Construction,1457,,849,1,0,0,0,0,0,42
flat,dlf regal gardens,sector 90,1.19,5505,2162,Super Built up area 1726(160.35 sq.m.),3,3,2,11,South-East,Relatively New,1726,,,0,0,0,0,1,0,88
flat,hcbs sports ville,sohna road,0.32,6165,519,Carpet area: 519 (48.22 sq.m.),2,2,2,2,,New Property,,,519,0,0,0,0,0,0,37
flat,smart world gems,sector 89,0.97,8794,1103,Built Up area: 1103 (102.47 sq.m.),2,2,3+,2,East,New Property,,1103,,0,0,0,0,0,0,49
house,emaar mgf marbella,sector 66,,,,Plot area 500(418.06 sq.m.),5,7,3+,2,,Moderately Old,,500,,1,1,1,1,0,1,70
house,independent,sector 50,6.5,21667,3000,Built Up area: 3000 (278.71 sq.m.),5,6,0,1,,Undefined,,3000,,0,0,0,0,0,0,0
flat,raheja vedaanta,sector 108,0.85,4637,1833,Super Built up area 1833(170.29 sq.m.)Built Up area: 1500 sq.ft. (139.35 sq.m.)Carpet area: 1350 sq.ft. (125.42 sq.m.),3,3,2,2,North-East,Relatively New,1833,1500,1350,0,1,0,0,0,0,65
flat,vatika the seven lamps,sector 82,0.94,6567,1431,Super Built up area 1435(133.32 sq.m.),2,2,2,12,East,Relatively New,1435,,,1,0,0,0,0,1,103
flat,antriksh heights,sector 84,0.73,6083,1200,Super Built up area 1200(111.48 sq.m.)Carpet area: 870 sq.ft. (80.83 sq.m.),2,2,3+,4,North-West,Relatively New,1200,,870,1,0,1,1,0,0,158
house,independent,sector 7,2.25,15625,1440,Plot area 160(133.78 sq.m.),3,3,2,2,North-West,Old Property,,1440,,0,0,0,0,0,1,27
flat,bptp terra,sector 37d,1.8,8215,2191,Super Built up area 2191(203.55 sq.m.),4,3,3,12,North,Relatively New,2191,,,1,0,0,0,0,1,144
flat,godrej nature plus,sector 33,1.15,11558,995,Carpet area: 92.44,2,2,2,15,,Under Construction,,,92.44,0,0,0,0,0,0,38
flat,unitech sunbreeze,sector 69,1,5476,1826,Built Up area: 1826 (169.64 sq.m.),4,3,0,0,,Undefined,,1826,,0,0,0,0,0,0,0
flat,adani m2k oyster grande,sector 102,1.9,14074,1350,Super Built up area 1889(175.49 sq.m.)Carpet area: 1350 sq.ft. (125.42 sq.m.),3,4,3,21,,Relatively New,1889,,1350,0,1,0,0,0,0,60
flat,breez global heights,sohna road,0.42,6420,654,Super Built up area 623(57.88 sq.m.),2,2,2,2,,New Property,623,,,0,0,0,0,0,0,73
flat,signature global solera,sector 107,0.25,7862,318,Built Up area: 318 (29.54 sq.m.),1,1,0,0,,Undefined,,318,,0,0,0,0,0,0,55
house,independent,sector 2,5.6,17284,3240,Plot area 360(301.01 sq.m.),8,6,3+,,South-West,Moderately Old,,3240,,1,1,1,1,0,0,0
house,independent,sector 26,5.8,32222,1800,Plot area 200(167.23 sq.m.),4,3,2,2,East,Relatively New,,1800,,0,0,1,0,0,0,21
flat,bajrang apartments,sector 6,0.38,4470,850,Carpet area: 850 (78.97 sq.m.),2,2,2,1,,Moderately Old,,,850,0,0,0,0,0,0,0
house,independent,sector 25,,,,Plot area 250(209.03 sq.m.)Built Up area: 260 sq.yards (217.39 sq.m.)Carpet area: 245 sq.yards (204.85 sq.m.),12,12,3+,4,North-East,New Property,,260,245,1,1,0,1,1,2,144
flat,m3m heights,sector 65,1.9,13991,1358,Built Up area: 1358 (126.16 sq.m.),2,2,2,40,,Undefined,,1358,,0,0,0,0,0,0,48
flat,sare homes,sector 92,1.25,6200,2016,Built Up area: 2040 (189.52 sq.m.),4,3,0,16,,Under Construction,,2040,,0,0,0,0,0,0,49
house,unitech espace,sector 50,,,,Plot area 360(301.01 sq.m.),5,5,3+,2,,Moderately Old,,360,,1,0,0,0,0,0,36
flat,smart world gems,sector 89,1.2,12526,958,Carpet area: 958 (89 sq.m.),3,3,3,3,East,Under Construction,,,958,0,0,1,1,0,0,131
flat,adani m2k oyster grande,sector 102,1.95,7561,2579,Super Built up area 2579(239.6 sq.m.),3,4,3,9,South,Relatively New,2579,,,1,1,0,0,0,1,83
flat,dlf the ultima,sector 81,2.3,10994,2092,Super Built up area 2092(194.35 sq.m.),3,4,3+,6,East,New Property,2092,,,0,1,0,0,0,2,167
flat,capital residences 360,sector 70a,1.18,8137,1450,Super Built up area 1450(134.71 sq.m.)Built Up area: 1400 sq.ft. (130.06 sq.m.)Carpet area: 1000 sq.ft. (92.9 sq.m.),2,2,3,7,East,New Property,1450,1400,1000,0,0,0,1,0,0,140
flat,silverglades the melia,sohna road,0.75,5555,1350,Built Up area: 1350 (125.42 sq.m.),2,2,2,4,,Moderately Old,,1350,,0,0,0,0,0,0,70
flat,godrej summit,sector 104,1.25,6778,1844,Super Built up area 1844(171.31 sq.m.),3,4,3+,12,East,Relatively New,1844,,,0,1,0,0,1,0,79
flat,dlf the ultima,sector 81,2.26,10761,2100,Super Built up area 2100(195.1 sq.m.),3,4,3+,17,West,New Property,2100,,,0,1,0,0,0,2,174
flat,shapoorji pallonji joyville gurugram,sector 102,2.4,10545,2276,Super Built up area 2162(200.86 sq.m.),4,4,3+,15,North-East,Relatively New,2162,,,0,0,0,0,0,0,108
flat,dnha group housing society,manesar,0.75,4518,1660,Super Built up area 1660(154.22 sq.m.),3,2,2,5,,Moderately Old,1660,,,0,0,0,0,0,0,0
flat,raheja vedas,sector 108,2.15,4134,5201,Super Built up area 5200(483.1 sq.m.)Built Up area: 4600 sq.ft. (427.35 sq.m.)Carpet area: 4000 sq.ft. (371.61 sq.m.),3,4,3+,12,East,Relatively New,5200,4600,4000,1,0,0,0,0,0,0
flat,shree vardhman flora,sector 90,1.25,4854,2575,Carpet area: 2575 (239.23 sq.m.),4,4,3,10,East,Relatively New,,,2575,1,0,0,1,0,0,174
flat,shree vardhman victoria,sector 70,1.65,8461,1950,Super Built up area 1950(181.16 sq.m.),3,4,3,12,North,Relatively New,1950,,,0,1,1,0,0,0,56
flat,ramprastha the atrium,sector 37d,0.9,6225,1446,Super Built up area 1285(119.38 sq.m.)Built Up area: 1185 sq.ft. (110.09 sq.m.)Carpet area: 975 sq.ft. (90.58 sq.m.),3,3,2,13,South-East,Relatively New,1285,1185,975,0,0,0,0,0,2,37
flat,ss the leaf,sector 85,1.14,6433,1772,Super Built up area 1772(164.62 sq.m.),2,2,3,16,South,Relatively New,1772,,,0,0,0,0,0,0,44
house,independent,sector 26,15,33333,4500,Built Up area: 4500 (418.06 sq.m.),4,4,3,3,,Moderately Old,,4500,,0,1,1,0,0,1,36
flat,bestech altura,sector 79,1.72,8400,2048,Built Up area: 2050 (190.45 sq.m.),3,4,3,9,East,New Property,,2050,,0,0,0,0,0,0,49
flat,sare crescent parc,sector 92,0.82,5384,1523,Built Up area: 1523 (141.49 sq.m.),3,3,3+,12,West,Undefined,,1523,,0,0,0,0,0,0,0
flat,signature andour heights,sector 71,0.55,8607,639,Super Built up area 639(59.37 sq.m.)Built Up area: 600 sq.ft. (55.74 sq.m.)Carpet area: 541 sq.ft. (50.26 sq.m.),2,2,1,7,South-East,Relatively New,639,600,541,0,0,0,0,0,1,24
house,independent,sector 21,1.6,11852,1350,Plot area 150(125.42 sq.m.)Built Up area: 120 sq.yards (100.34 sq.m.),5,5,2,3,,Relatively New,,120,,0,0,0,0,0,0,0
flat,smart world orchard,sector 61,1.9,22700,837,Super Built up area 1398(129.88 sq.m.)Built Up area: 1137 sq.ft. (105.63 sq.m.)Carpet area: 837 sq.ft. (77.76 sq.m.),3,3,3,1,,New Property,1398,1137,837,0,0,0,0,0,0,30
flat,antriksh heights,sector 84,0.84,4869,1725,Super Built up area 1725(160.26 sq.m.),3,3,3+,8,,New Property,1725,,,0,0,0,1,0,0,60
flat,ansal housing highland park,sector 103,2,7490,2670,Super Built up area 2670(248.05 sq.m.),4,5,3+,14,,New Property,2670,,,0,1,0,0,0,0,45
flat,apna enclave,sector 3,0.8,6153,1300,Super Built up area 1300(120.77 sq.m.)Built Up area: 1000 sq.ft. (92.9 sq.m.),3,3,1,0,,Old Property,1300,1000,,0,0,0,0,0,0,0
flat,adani m2k oyster grande,sector 102,2.61,10046,2598,Super Built up area 2598(241.36 sq.m.)Built Up area: 2200 sq.ft. (204.39 sq.m.)Carpet area: 2000 sq.ft. (185.81 sq.m.),3,3,3,14,North-East,Relatively New,2598,2200,2000,1,1,0,0,0,0,21
flat,signature global superbia,sector 95,0.4,6728,595,Carpet area: 594.52 (55.23 sq.m.),2,2,3,2,,Under Construction,,,594.490197,0,0,0,0,0,0,0
flat,signature global city 92,sector 92,0.78,7722,1010,Super Built up area 1010(93.83 sq.m.)Carpet area: 700 sq.ft. (65.03 sq.m.),2,2,3,2,,Under Construction,1010,,700,0,0,0,0,1,0,24
flat,m3m heights,sector 65,1.9,13991,1358,Built Up area: 1358 (126.16 sq.m.),2,2,2,40,,Undefined,,1358,,0,0,0,0,0,0,48
house,ansal api spanish court,sector 2,2.9,18626,1557,Plot area 173(144.65 sq.m.)Built Up area: 1415 sq.yards (1183.12 sq.m.)Carpet area: 1350 sq.yards (1128.77 sq.m.),4,4,3,2,North,Relatively New,,1415,1350,0,0,1,0,0,1,49
flat,ireo uptown,sector 66,1.32,11442,1154,Super Built up area 1158(107.58 sq.m.),2,2,2,6,,Relatively New,1158,,,0,0,0,0,0,0,45
flat,la vida by tata housing,sector 113,2.35,13352,1760,Super Built up area 2217(205.97 sq.m.)Built Up area: 1930 sq.ft. (179.3 sq.m.)Carpet area: 1760 sq.ft. (163.51 sq.m.),3,4,3,3,West,Relatively New,2217,1930,1760,0,1,0,0,0,0,174
flat,tarc maceo,sector 91,0.87,6641,1310,Super Built up area 1310(121.7 sq.m.)Carpet area: 1000 sq.ft. (92.9 sq.m.),2,2,2,9,North-West,Relatively New,1310,,1000,0,0,1,0,0,0,78
flat,smriti apartment,sector 56,0.6,10000,600,Super Built up area 600(55.74 sq.m.),1,1,1,2,,Moderately Old,600,,,0,0,0,0,0,0,49
flat,sobha city,sector 108,2.33,14463,1611,Built Up area: 1711 (158.96 sq.m.)Carpet area: 1611 sq.ft. (149.67 sq.m.),3,3,3,17,North-East,Relatively New,,1711,1611,0,0,1,0,0,1,159
flat,experion windchants,sector 112,5.6,11551,4848,Super Built up area 4848(450.39 sq.m.)Built Up area: 3655.35 sq.ft. (339.59 sq.m.),4,6,3+,8,North-East,Relatively New,4848,3655.35,,0,1,0,0,0,1,168
flat,raheja vedaanta,sector 108,0.7,4651,1505,Built Up area: 1505 (139.82 sq.m.),2,2,2,12,South,Undefined,,1505,,0,0,0,0,0,0,0
flat,puri diplomatic greens,sector 111,3.7,12542,2950,Super Built up area 2950(274.06 sq.m.)Built Up area: 2650 sq.ft. (246.19 sq.m.)Carpet area: 2450 sq.ft. (227.61 sq.m.),4,5,3+,12,South-East,Relatively New,2950,2650,2450,0,1,0,0,0,1,158
house,huda plot sector 38,sector 38,4.3,245398,175,Plot area 163(15.14 sq.m.)Built Up area: 145 sq.ft. (13.47 sq.m.),13,13,3+,5,North-West,Relatively New,,145,,0,0,0,0,0,2,7
flat,godrej frontier,sector 80,1.4,6189,2262,Super Built up area 2262(210.15 sq.m.)Built Up area: 1922 sq.ft. (178.56 sq.m.)Carpet area: 1634 sq.ft. (151.8 sq.m.),3,4,2,6,South,Moderately Old,2262,1922,1634,0,1,0,1,0,0,111
flat,emaar mgf palm hills,sector 77,1.09,5382,2025,Super Built up area 2025(188.13 sq.m.),3,4,3+,5,South,Relatively New,2025,,,0,1,0,0,1,1,167
flat,ss the leaf,sector 85,1.08,6585,1640,Super Built up area 1640(152.36 sq.m.)Built Up area: 1200 sq.ft. (111.48 sq.m.)Carpet area: 1125 sq.ft. (104.52 sq.m.),2,2,3,8,North-East,New Property,1640,1200,1125,1,1,1,1,0,1,157
flat,sbtl caladium,sector 109,1.3,6914,1880,Super Built up area 1880(174.66 sq.m.),3,2,3,16,East,Moderately Old,1880,,,0,0,0,0,0,0,134
flat,umang winter hills,sector 77,0.92,5049,1822,Super Built up area 1822(169.27 sq.m.)Carpet area: 1400 sq.ft. (130.06 sq.m.),3,3,3,17,North-East,Relatively New,1822,,1400,0,0,0,0,1,1,49
house,independent,sector 41,1.65,13750,1200,Built Up area: 1200 (111.48 sq.m.),1,1,0,1,,Undefined,,1200,,0,0,0,0,0,0,0
flat,pyramid urban,sector 67a,0.56,7928,706,Carpet area: 700 (65.03 sq.m.),2,2,2,0,North-East,Relatively New,,,700,0,0,0,0,1,0,49
flat,supertech araville,sector 79,0.95,6209,1530,Super Built up area 1530(142.14 sq.m.),2,2,3,7,North-East,New Property,1530,,,1,0,0,0,0,0,49
flat,green court,sector 90,0.47,6811,690,Carpet area: 690 (64.1 sq.m.),2,2,1,0,East,New Property,,,690,0,0,0,0,0,0,49
flat,ireo skyon,sector 60,3,12484,2403,Super Built up area 2403(223.25 sq.m.)Built Up area: 2400 sq.ft. (222.97 sq.m.)Carpet area: 2200 sq.ft. (204.39 sq.m.),3,3,3,5,North-East,Relatively New,2403,2400,2200,0,1,0,0,0,1,174
flat,eldeco accolade,sector 33,1.2,8043,1492,Built Up area: 1492 (138.61 sq.m.)Carpet area: 900 sq.ft. (83.61 sq.m.),2,2,2,0,North,New Property,,1492,900,1,0,0,0,0,0,55
flat,ild grand,sector 37,1.2,6593,1820,Super Built up area 1820(169.08 sq.m.),3,3,3,7,,Under Construction,1820,,,0,0,0,0,0,0,24
flat,tata primanti,sector 72,4,16032,2495,Super Built up area 2905(269.88 sq.m.)Carpet area: 2495 sq.ft. (231.79 sq.m.),4,5,3+,22,West,Relatively New,2905,,2495,0,1,0,0,0,1,174
house,independent,sector 7,0.45,5000,900,Plot area 900(83.61 sq.m.),3,2,1,2,North-West,Old Property,,900,,0,0,0,0,1,0,12
flat,antriksh heights,sector 84,0.9,4444,2025,Super Built up area 2025(188.13 sq.m.),3,3,3,18,,Relatively New,2025,,,0,1,0,1,0,0,59
flat,paras dews,sector 106,1.2,11605,1034,Super Built up area 1665(154.68 sq.m.)Built Up area: 1145 sq.ft. (106.37 sq.m.)Carpet area: 1034 sq.ft. (96.06 sq.m.),3,3,3,12,North-West,Relatively New,1665,1145,1034,1,0,0,0,0,0,158
flat,raheja atharva,sector 109,1.6,5319,3008,Built Up area: 3008 (279.45 sq.m.),4,1,0,0,,New Property,,3008,,0,0,0,0,0,0,0
flat,tulip ivory,sector 70,5,10416,4800,Carpet area: 4800 (445.93 sq.m.),6,7,3+,0,,Relatively New,,,4800,1,1,0,0,0,0,119
flat,central park resorts,sector 48,15,22388,6700,Carpet area: 6700 (622.45 sq.m.),5,6,3+,17,,Relatively New,,,6700,1,1,0,1,0,2,45
flat,krisumi waterfall residences,sector 36,2.3,15551,1479,Built Up area: 1479 (137.4 sq.m.),2,2,2,23,,Undefined,,1479,,0,0,0,0,0,0,58
flat,bestech park view residency,sector 2,1.02,7208,1415,Super Built up area 1415(131.46 sq.m.),2,2,3,11,South-West,Moderately Old,1415,,,0,0,0,0,0,0,92
flat,emaar gurgaon greens,sector 102,1.55,9393,1650,Super Built up area 1650(153.29 sq.m.)Carpet area: 1022.58 sq.ft. (95 sq.m.),3,4,3,7,North,Relatively New,1650,,1022.58,0,1,0,0,0,1,152
flat,ss the leaf,sector 85,1.25,7179,1741,Super Built up area 1741(161.74 sq.m.)Built Up area: 1730 sq.ft. (160.72 sq.m.)Carpet area: 1720 sq.ft. (159.79 sq.m.),2,2,3,10,South-East,Relatively New,1741,1730,1720,0,0,0,0,0,0,49
flat,pareena mi casa,sector 68,1.7,8500,2000,Super Built up area 1999(185.71 sq.m.),4,4,3+,23,,New Property,1999,,,0,0,0,0,0,0,88
flat,smart world gems,sector 89,0.9,8145,1105,Built Up area: 1105 (102.66 sq.m.),2,2,2,1,,Undefined,,1105,,0,0,0,0,0,0,45
flat,m3m merlin,sector 67,2.9,14167,2047,Super Built up area 2047(190.17 sq.m.),3,3,3,0,West,Relatively New,2047,,,0,0,0,0,1,1,49
house,independent,sector 38,2.1,23333,900,Plot area 100(83.61 sq.m.),7,7,3+,3,North-East,Relatively New,,900,,1,0,1,1,0,0,27
flat,dlf new town heights,sector 86,1.3,6735,1930,Super Built up area 1930(179.3 sq.m.),3,3,3,12,West,Moderately Old,1930,,,0,1,0,1,0,0,106
flat,experion the heartsong,sector 108,0.9,7014,1283,Super Built up area 1283(119.19 sq.m.),2,3,3,7,East,Relatively New,1283,,,0,1,0,0,1,0,72
flat,orris carnation residency,sector 85,0.9,4531,1986,Super Built up area 1975(183.48 sq.m.)Built Up area: 1575 sq.ft. (146.32 sq.m.)Carpet area: 1435 sq.ft. (133.32 sq.m.),4,4,3,8,East,Moderately Old,1975,1575,1435,0,0,0,0,0,1,40
flat,shree kirpalu gi sector 52,sector 52,1.45,7631,1900,Super Built up area 1900(176.52 sq.m.)Built Up area: 1800 sq.ft. (167.23 sq.m.)Carpet area: 1700 sq.ft. (157.94 sq.m.),3,3,3+,7,West,Relatively New,1900,1800,1700,0,0,0,0,1,1,108
flat,vatika city homes,sector 83,1.05,8571,1225,Super Built up area 1740(161.65 sq.m.)Carpet area: 1225 sq.ft. (113.81 sq.m.),3,3,3,8,South-East,Moderately Old,1740,,1225,0,0,0,1,0,1,103
flat,la vida by tata housing,sector 113,3.72,13984,2660,Carpet area: 2660 (247.12 sq.m.),5,4,3+,0,,New Property,,,2660,0,0,0,1,0,2,44
flat,bestech spa signature,sector 81,4.4,12571,3500,Super Built up area 4200(390.19 sq.m.)Built Up area: 3700 sq.ft. (343.74 sq.m.)Carpet area: 3500 sq.ft. (325.16 sq.m.),4,4,3+,6,South-West,New Property,4200,3700,3500,1,1,0,1,1,2,49
flat,hcbs sports ville,sohna road,0.3,4011,748,Built Up area: 743 (69.03 sq.m.)Carpet area: 621 sq.ft. (57.69 sq.m.),2,2,2,3,,Undefined,,743,621,0,0,0,0,0,0,0
house,independent,sector 7,1.95,13542,1440,Plot area 160(133.78 sq.m.),2,2,2,2,,Old Property,,1440,,0,0,0,0,0,0,0
flat,the close south,sector 50,3.1,12444,2491,Super Built up area 2491(231.42 sq.m.)Built Up area: 2450 sq.ft. (227.61 sq.m.)Carpet area: 2250 sq.ft. (209.03 sq.m.),3,4,3+,4,North-East,Moderately Old,2491,2450,2250,0,1,0,0,0,1,165
house,vatika sovereign next,sector 82a,3.85,7500,5133,Built Up area: 5140 (477.52 sq.m.),5,6,3+,6,,Undefined,,5140,,0,0,0,0,0,0,53
flat,signature global solera,sector 107,0.51,7906,645,Carpet area: 645 (59.92 sq.m.),3,2,2,9,South,Relatively New,,,645,0,0,0,0,1,0,15
flat,ss the leaf,sector 85,2.1,7467,2812,Super Built up area 2812(261.24 sq.m.),4,5,3+,9,East,Relatively New,2812,,,0,0,0,0,0,1,67
flat,mapsko mount ville,sector 79,1.25,8389,1490,Carpet area: 1490 (138.43 sq.m.),3,3,3+,16,North,Relatively New,,,1490,0,0,0,0,0,1,49
flat,ashiana anmol,sohna road,0.99,8215,1205,Super Built up area 1205(111.95 sq.m.)Carpet area: 900 sq.ft. (83.61 sq.m.),2,2,2,6,East,Under Construction,1205,,900,0,0,0,0,0,0,49
flat,godrej oasis,sector 88a,1.15,7116,1616,Super Built up area 1616(150.13 sq.m.)Carpet area: 1168 sq.ft. (108.51 sq.m.),2,2,3,14,South-East,Relatively New,1616,,1168,1,0,0,1,0,0,174
flat,tulip monsella,sector 53,6.02,20816,2892,Built Up area: 2892 (268.68 sq.m.),3,3,3,29,,Under Construction,,2892,,0,0,0,0,0,0,68
house,independent,sector 2,0.4,7619,525,Carpet area: 525 (48.77 sq.m.),2,2,1,1,,Relatively New,,,525,0,0,0,0,0,0,0
house,independent,sector 12,0.38,4222,900,Plot area 900(83.61 sq.m.),3,3,3,3,,Relatively New,,900,,0,0,0,0,0,0,0
flat,ild greens,sector 37,1.05,7500,1400,Super Built up area 1875(174.19 sq.m.)Built Up area: 1500 sq.ft. (139.35 sq.m.)Carpet area: 1400 sq.ft. (130.06 sq.m.),3,3,3,4,,New Property,1875,1500,1400,0,0,0,0,0,1,5
flat,godrej oasis,sector 88a,1.38,6679,2066,Carpet area: 2066 (191.94 sq.m.),3,3,3+,7,North,Relatively New,,,2066,0,1,0,0,0,0,72
flat,corona gracieux,sector 76,1.08,5510,1960,Super Built up area 1960(182.09 sq.m.),3,3,3,1,,New Property,1960,,,0,1,0,0,0,0,58
flat,ss residency,sector 12,0.53,4818,1100,Super Built up area 1100(102.19 sq.m.),3,3,2,2,,Relatively New,1100,,,0,0,0,0,0,1,14
flat,vatika gurgaon,sector 83,1.05,7000,1500,Super Built up area 1735(161.19 sq.m.)Carpet area: 1500 sq.ft. (139.35 sq.m.),3,3,3,3,South-West,Relatively New,1735,,1500,0,0,1,0,0,0,79
flat,sare green parc 2,sector 92,1.07,5246,2040,Built Up area: 2040 (189.52 sq.m.),4,3,3,10,,Under Construction,,2040,,1,1,0,0,0,0,86
flat,experion the heartsong,sector 108,1.2,6825,1758,Super Built up area 1758(163.32 sq.m.)Built Up area: 1550 sq.ft. (144 sq.m.)Carpet area: 1400 sq.ft. (130.06 sq.m.),3,2,3+,11,North-East,Relatively New,1758,1550,1400,0,1,0,1,0,1,174
flat,dlf regal gardens,sector 90,1.29,7103,1816,Super Built up area 1818(168.9 sq.m.)Built Up area: 1817 sq.ft. (168.8 sq.m.)Carpet area: 1816 sq.ft. (168.71 sq.m.),3,3,3+,12,South-East,Relatively New,1818,1817,1816,0,1,0,0,0,0,152
flat,capital residences 360,sector 70a,1.68,8502,1976,Super Built up area 1976(183.58 sq.m.)Built Up area: 1900 sq.ft. (176.52 sq.m.)Carpet area: 1560 sq.ft. (144.93 sq.m.),3,3,3+,5,North-East,New Property,1976,1900,1560,0,1,0,0,0,0,141
flat,signature global synera,sector 81,0.31,7434,417,Super Built up area 417(38.74 sq.m.)Carpet area: 320 sq.ft. (29.73 sq.m.),1,1,1,13,North,Relatively New,417,,320,0,0,0,0,0,2,123
flat,bestech park view grand spa,sector 81,2.22,8345,2660,Super Built up area 2660(247.12 sq.m.),3,4,3+,15,South-East,Relatively New,2660,,,0,1,0,0,0,1,174
flat,vatika gurgaon,sector 83,1.18,6801,1735,Super Built up area 1735(161.19 sq.m.)Carpet area: 1500 sq.ft. (139.35 sq.m.),3,3,2,14,North,Relatively New,1735,,1500,0,0,0,0,0,0,26
flat,bhagwati sadan,sector 12,1.15,5500,2091,Built Up area: 2000 (185.81 sq.m.),3,4,2,2,,Old Property,,2000,,0,1,0,0,1,0,0
house,shri shyam residency,sector 104,0.62,12400,500,Plot area 500(46.45 sq.m.)Built Up area: 900 sq.ft. (83.61 sq.m.)Carpet area: 480 sq.ft. (44.59 sq.m.),3,3,1,2,,Moderately Old,,900,480,0,0,0,0,1,2,8
flat,experion the heartsong,sector 108,1.2,6825,1758,Super Built up area 1758(163.32 sq.m.)Built Up area: 1275.53 sq.ft. (118.5 sq.m.)Carpet area: 974.68 sq.ft. (90.55 sq.m.),3,3,3+,10,South,Relatively New,1758,1275.53,974.68,1,0,0,0,0,0,93
flat,gls arawali homes,sohna road,0.26,4513,576,Carpet area: 576 (53.51 sq.m.),2,2,2,4,,Relatively New,,,576,0,0,0,0,0,0,42
flat,assotech blith,sector 99,1.15,6593,1744,Super Built up area 1365(126.81 sq.m.),2,2,2,2,,New Property,1365,,,0,0,0,0,1,1,72
flat,elan the presidential,sector 106,3.9,15918,2450,Built Up area: 2450 (227.61 sq.m.),3,3,0,20,,Undefined,,2450,,0,0,0,0,0,0,66
flat,shapoorji pallonji joyville gurugram,sector 102,1.95,17285,1128,Super Built up area 1852(172.06 sq.m.)Carpet area: 1128.09 sq.ft. (104.8 sq.m.),3,3,3,12,North-East,New Property,1852,,1128.09,0,0,1,0,0,0,72
flat,sare homes,sector 92,0.82,5384,1523,Super Built up area 1523(141.49 sq.m.)Built Up area: 1221.18 sq.ft. (113.45 sq.m.),3,3,3+,12,West,Relatively New,1523,1221.18,,0,0,0,0,0,0,114
flat,m3m latitude,sector 65,4.7,19747,2380,Super Built up area 2380(221.11 sq.m.)Carpet area: 1231 sq.ft. (114.36 sq.m.),3,3,3+,9,North-East,Relatively New,2380,,1231,0,1,0,1,0,1,44
flat,rof ananda,sector 95,0.38,5899,644,Carpet area: 644.12 (59.84 sq.m.),2,2,2,5,,Relatively New,,,644.111776,1,0,0,0,0,0,83
house,international city by sobha phase 1,sector 109,5.9,24280,2430,Plot area 270(225.75 sq.m.),4,5,2,2,East,Relatively New,,2430,,0,1,0,0,0,1,111
flat,m3m merlin,sector 67,3.4,14418,2358,Super Built up area 2358(219.07 sq.m.),3,4,3+,16,West,Relatively New,2358,,,0,1,0,0,0,1,158
flat,signature global solera,sector 107,0.3,6134,489,Super Built up area 602(55.93 sq.m.)Carpet area: 489 sq.ft. (45.43 sq.m.),2,2,1,5,East,Relatively New,602,,489,0,0,0,0,0,0,57
flat,ss the leaf,sector 85,1.25,10888,1148,Super Built up area 1741(161.74 sq.m.)Carpet area: 1148 sq.ft. (106.65 sq.m.),2,2,3+,17,East,Relatively New,1741,,1148,0,0,1,0,0,0,156
flat,antriksh heights,sector 84,0.6,5000,1200,Super Built up area 1200(111.48 sq.m.),2,2,2,14,North,Relatively New,1200,,,0,0,0,0,0,0,52
house,independent,sector 43,7.85,29074,2700,Plot area 300(250.84 sq.m.),9,9,3+,3,West,Relatively New,,2700,,1,1,0,1,1,2,49
flat,signature global solera,sector 107,0.35,6398,547,Carpet area: 547 (50.82 sq.m.),2,2,2,8,South,Relatively New,,,547,0,0,0,0,0,0,45
flat,godrej nature plus,sector 33,1.25,9025,1385,Built Up area: 1385 (128.67 sq.m.)Carpet area: 1000 sq.ft. (92.9 sq.m.),2,2,3,17,,Undefined,,1385,1000,0,0,0,0,0,0,56
flat,tulip violet,sector 69,1.55,9822,1578,Super Built up area 1578(146.6 sq.m.),3,3,2,5,North-East,Relatively New,1578,,,0,0,0,1,0,0,99
house,independent,sector 7,1.75,11111,1575,Plot area 1575(146.32 sq.m.),4,2,2,2,,Old Property,,1575,,0,0,0,0,1,0,31
flat,experion windchants,sector 112,5.6,11529,4857,Super Built up area 4857(451.23 sq.m.)Built Up area: 3662.34 sq.ft. (340.24 sq.m.),4,6,3+,15,North-East,Moderately Old,4857,3662.34,,0,1,0,0,0,1,157
flat,tulip violet,sector 69,1.66,8408,1974,Super Built up area 1970(183.02 sq.m.),4,4,1,12,South-East,Relatively New,1970,,,0,0,0,1,0,0,102
flat,ss the leaf,sector 85,2.2,11178,1968,Super Built up area 2812(261.24 sq.m.)Built Up area: 2390 sq.ft. (222.04 sq.m.)Carpet area: 1968 sq.ft. (182.83 sq.m.),4,5,3+,4,West,Relatively New,2812,2390,1968,0,1,0,1,0,0,174
flat,m3m woodshire,sector 107,1.32,6330,2085,Super Built up area 1943(180.51 sq.m.),3,3,3,10,East,Relatively New,1943,,,0,0,0,0,0,0,117
flat,dlf the skycourt,sector 86,2.2,11500,1913,Super Built up area 1930(179.3 sq.m.),3,3,1,7,,Relatively New,1930,,,0,0,0,1,0,2,77
flat,vatika inxt floors,sector 82a,0.75,7500,1000,Built Up area: 1000 (92.9 sq.m.)Carpet area: 650 sq.ft. (60.39 sq.m.),2,2,2,1,,Undefined,,1000,650,0,0,0,0,0,0,0
flat,shree vardhman flora,sector 90,0.85,4404,1930,Super Built up area 1930(179.3 sq.m.)Carpet area: 1450 sq.ft. (134.71 sq.m.),3,4,3,3,South-East,Relatively New,1930,,1450,0,1,1,0,0,0,110
flat,ansal api sushant estate,sector 52,0.29,11600,250,Carpet area: 250 (23.23 sq.m.),1,1,0,0,,Moderately Old,,,250,0,0,0,0,0,1,49
flat,uphar lakshya homes,sector 105,0.42,4200,1000,Carpet area: 1000 (92.9 sq.m.),3,2,1,1,East,Relatively New,,,1000,0,0,0,0,0,0,7
flat,m3m skywalk,sector 74,1.47,10954,1342,Super Built up area 1415(131.46 sq.m.),2,2,3,26,,New Property,1415,,,0,0,0,0,0,1,31
flat,m3m skycity,sector 65,3.5,17039,2054,Carpet area: 2054 (190.82 sq.m.),3,3,3,15,East,New Property,,,2054,1,1,0,1,0,1,166
house,independent,sector 55,1.64,10123,1620,Plot area 180(150.5 sq.m.),3,3,2,4,South,New Property,,1620,,1,1,0,0,0,1,54
flat,m3m golf hills,sector 79,1.45,10211,1420,Carpet area: 1420 (131.92 sq.m.),2,2,3,15,,Under Construction,,,1420,0,0,0,0,0,0,67
flat,ss the leaf,sector 85,1.18,10094,1169,Super Built up area 1671(155.24 sq.m.)Built Up area: 1420 sq.ft. (131.92 sq.m.)Carpet area: 1169 sq.ft. (108.6 sq.m.),2,3,3,12,North,Relatively New,1671,1420,1169,0,0,0,1,0,1,150
flat,chd avenue,sector 71,1.2,7407,1620,Super Built up area 1620(150.5 sq.m.),3,3,3,4,North,Relatively New,1620,,,0,0,0,0,1,1,49
flat,ats kocoon,sector 109,1.68,9627,1745,Super Built up area 1745(162.12 sq.m.),3,3,3,8,North-East,Relatively New,1745,,,0,0,0,0,0,0,142
flat,sare homes,sector 92,0.8,4694,1704,Carpet area: 1704 (158.31 sq.m.),4,4,3,1,North-East,Moderately Old,,,1704,0,0,0,0,0,0,77
flat,bestech altura,sector 79,1.9,8837,2150,Super Built up area 2150(199.74 sq.m.),3,4,3,11,North-East,Under Construction,2150,,,0,0,0,0,0,0,96
house,project mianwali colony,sector 12,2,14815,1350,Built Up area: 1350 (125.42 sq.m.),5,5,2,3,East,Undefined,,1350,,0,0,0,0,0,0,0
flat,dlf the skycourt,sector 86,1.55,8031,1930,Super Built up area 1930(179.3 sq.m.)Built Up area: 1900 sq.ft. (176.52 sq.m.)Carpet area: 1720 sq.ft. (159.79 sq.m.),3,3,3,5,South,Relatively New,1930,1900,1720,0,0,0,0,0,0,49
house,independent,sector 54,5,43066,1161,Plot area 129(107.86 sq.m.),21,21,3+,5,North,Relatively New,,1161,,0,1,0,0,0,2,49
house,independent,sector 105,1.3,11555,1125,Plot area 1125(104.52 sq.m.),3,3,1,2,North,Moderately Old,,1125,,0,0,0,0,0,0,16
flat,imperia elvedor,sector 37,0.55,8221,669,Built Up area: 669 (62.15 sq.m.),1,1,0,5,,Undefined,,669,,0,0,0,0,0,0,0
flat,spaze privy at,sector 84,1.35,9642,1400,Super Built up area 1918(178.19 sq.m.)Built Up area: 1750 sq.ft. (162.58 sq.m.)Carpet area: 1400 sq.ft. (130.06 sq.m.),3,3,3,7,South-East,Relatively New,1918,1750,1400,0,0,0,1,0,0,90
flat,birla navya,sector 63a,3.5,25925,1350,Carpet area: 1350 (125.42 sq.m.),3,3,3,1,,Under Construction,,,1350,0,0,0,0,0,0,38
flat,antriksh green,sector 45,2.25,7826,2875,Carpet area: 2875 (267.1 sq.m.),4,4,2,9,North,Old Property,,,2875,0,1,0,0,0,2,23
house,independent,sector 4,0.67,88157,76,Plot area 76(7.06 sq.m.),3,3,2,2,South,Relatively New,,76,,0,0,0,0,1,0,7
flat,shapoorji pallonji joyville,sector 102,1.1,12022,915,Built Up area: 915 (85.01 sq.m.)Carpet area: 700 sq.ft. (65.03 sq.m.),2,2,1,7,,Undefined,,915,700,0,0,0,0,0,0,0
flat,emaar mgf emerald floors premier,sector 65,2.5,15151,1650,Super Built up area 1650(153.29 sq.m.),3,3,3,3,South-West,Relatively New,1650,,,1,1,0,0,0,0,15
flat,tulip ivory,sector 70,2,8333,2400,Super Built up area 2400(222.97 sq.m.),4,5,3+,2,South-East,Relatively New,2400,,,0,1,0,0,0,1,49
flat,bptp mansions park prime,sector 66,2.7,9768,2764,Super Built up area 2764(256.78 sq.m.),4,4,3,6,,Relatively New,2764,,,0,1,0,0,1,0,13
flat,bestech altura,sector 79,2.69,12500,2152,Super Built up area 2150(199.74 sq.m.),3,4,3+,3,,New Property,2150,,,0,1,0,0,0,0,49
flat,tata primanti,sector 72,3.3,15102,2185,Super Built up area 2185(202.99 sq.m.)Built Up area: 1800 sq.ft. (167.23 sq.m.)Carpet area: 1600 sq.ft. (148.64 sq.m.),3,4,3+,15,North,New Property,2185,1800,1600,0,1,0,0,0,2,174
flat,sbtl caladium,sector 109,1.8,7072,2545,Super Built up area 2545(236.44 sq.m.)Carpet area: 1527 sq.ft. (141.86 sq.m.),3,3,3+,10,East,Relatively New,2545,,1527,0,0,0,0,0,0,174
flat,dlf the skycourt,sector 86,1.72,8916,1929,Super Built up area 1929(179.21 sq.m.),3,3,1,8,North,Relatively New,1929,,,0,0,0,0,1,1,49
house,independent,sector 17,0.32,5664,565,Built Up area: 565 (52.49 sq.m.),5,1,0,1,,Undefined,,565,,0,0,0,0,0,0,0
flat,ss the leaf,sector 85,1.15,10017,1148,Super Built up area 1640(152.36 sq.m.)Carpet area: 1148 sq.ft. (106.65 sq.m.),2,2,3+,18,East,Relatively New,1640,,1148,0,0,1,0,0,0,156
flat,rk tower,sector 2,0.95,9595,990,Carpet area: 990 (91.97 sq.m.),2,2,1,1,South-East,Relatively New,,,990,0,0,0,0,0,0,99
flat,experion the heartsong,sector 108,1.6,7988,2003,Super Built up area 2003(186.08 sq.m.)Built Up area: 1500.29 sq.ft. (139.38 sq.m.)Carpet area: 1140.98 sq.ft. (106 sq.m.),3,4,3+,3,South,Relatively New,2003,1500.29,1140.98,0,1,0,0,0,1,60
flat,aipl club residences,sector 70a,1.27,9777,1299,Carpet area: 1304 (121.15 sq.m.),2,2,3+,24,North-West,Relatively New,,,1304,0,0,0,0,1,1,113
flat,shree vardhman victoria,sector 70,1.66,14254,1165,Super Built up area 1950(181.16 sq.m.)Carpet area: 1161 sq.ft. (107.86 sq.m.),3,5,3,8,North,Relatively New,1950,,1161,0,1,0,0,0,0,108
flat,emaar mgf the palm drive,sector 66,3,14285,2100,Super Built up area 2100(195.1 sq.m.),4,5,3+,10,East,Relatively New,2100,,,0,1,0,0,0,1,49
flat,la vida by tata housing,sector 113,1.65,10449,1579,Super Built up area 1579(146.69 sq.m.)Built Up area: 1420 sq.ft. (131.92 sq.m.)Carpet area: 1220 sq.ft. (113.34 sq.m.),3,2,2,3,North-East,Relatively New,1579,1420,1220,0,0,0,0,0,0,49
flat,krrish florence estate,sector 70,1.3,5600,2321,Built Up area: 1865 (173.26 sq.m.),3,3,3,17,,Under Construction,,1865,,0,0,0,0,0,1,61
flat,mapsko mount ville,sector 79,1.25,7716,1620,Super Built up area 1620(150.5 sq.m.)Carpet area: 862.18 sq.ft. (80.1 sq.m.),3,3,2,1,South-West,Relatively New,1620,,862.18,1,0,0,1,0,1,166
flat,signature the serenas,sohna road,0.45,8474,531,Carpet area: 531 (49.33 sq.m.),2,2,1,10,,New Property,,,531,0,0,0,0,0,0,23
flat,rail vihar cghs,sector 56,1.35,10384,1300,Super Built up area 1300(120.77 sq.m.)Built Up area: 1275 sq.ft. (118.45 sq.m.)Carpet area: 1250 sq.ft. (116.13 sq.m.),3,2,2,1,West,Old Property,1300,1275,1250,0,0,0,0,1,0,159
flat,ss the leaf,sector 85,1.17,7001,1671,Super Built up area 1671(155.24 sq.m.)Built Up area: 1660 sq.ft. (154.22 sq.m.)Carpet area: 1650 sq.ft. (153.29 sq.m.),2,2,3,11,East,Relatively New,1671,1660,1650,0,0,0,0,0,0,49
house,independent,sector 7,1.35,40909,330,Built Up area: 330 (30.66 sq.m.),4,5,0,3,,Undefined,,330,,0,0,0,0,0,0,0
house,independent,sohna road,6.25,6944,9001,Plot area 1000(836.13 sq.m.),3,3,0,1,,Moderately Old,,9000,,0,0,0,0,0,0,0
flat,vipul lavanya,sector 81,0.6,6666,900,Carpet area: 900 (83.61 sq.m.),2,2,1,0,East,Relatively New,,,900,0,0,0,0,0,0,49
flat,ramsons kshitij,sector 95,0.24,53,45283,Carpet area: 45966 (4270.38 sq.m.),2,2,1,10,North-West,Relatively New,,,45966,0,0,0,0,1,0,33
flat,ansal heights 86,sector 86,0.67,5100,1314,Super Built up area 1360(126.35 sq.m.),2,2,1,10,,Relatively New,1360,,,0,0,0,0,0,0,115
flat,puri emerald bay,sector 104,1.5,9678,1550,Super Built up area 1550(144 sq.m.),2,2,2,7,,Under Construction,1550,,,0,0,0,0,1,0,43
house,emaar mgf marbella,sector 66,8.8,41615,2115,Built Up area: 267 (223.25 sq.m.),4,4,3+,3,South-East,Relatively New,,267,,0,1,1,1,0,0,107
flat,shree arihant apartment,sector 54,1.55,7380,2100,Super Built up area 2100(195.1 sq.m.)Built Up area: 2000 sq.ft. (185.81 sq.m.)Carpet area: 1900 sq.ft. (176.52 sq.m.),3,3,3+,3,North-East,Moderately Old,2100,2000,1900,0,0,0,1,1,1,125
flat,m3m skywalk,sector 74,1.52,13342,1139,Super Built up area 1400(130.06 sq.m.)Built Up area: 1250 sq.ft. (116.13 sq.m.)Carpet area: 1139.2 sq.ft. (105.84 sq.m.),2,2,3,6,South-East,Relatively New,1400,1250,1139.2,0,0,1,0,0,0,174
flat,m3m soulitude,sector 89,1.14,8000,1425,Carpet area: 1423 (132.2 sq.m.),3,3,2,2,East,Under Construction,,,1423,1,0,0,0,0,0,77
flat,tulip violet,sector 69,1.7,8432,2016,Super Built up area 2010(186.74 sq.m.),4,4,2,10,South,New Property,2010,,,0,0,0,0,0,0,125
flat,indiabulls enigma,sector 110,3.4,10000,3400,Super Built up area 3400(315.87 sq.m.)Built Up area: 3000 sq.ft. (278.71 sq.m.)Carpet area: 2800 sq.ft. (260.13 sq.m.),4,5,3,10,South-West,Relatively New,3400,3000,2800,0,1,0,0,0,0,152
house,unitech aspen greens,sector 50,6.8,31481,2160,Plot area 240(200.67 sq.m.)Built Up area: 220 sq.yards (183.95 sq.m.)Carpet area: 200 sq.yards (167.23 sq.m.),4,5,3,3,West,Old Property,,220,200,1,1,0,0,0,1,111
flat,indiabulls centrum park,sector 103,1.9,5681,3344,Carpet area: 3344 (310.67 sq.m.),3,4,3+,10,North-East,Relatively New,,,3344,1,1,0,1,1,1,49
house,independent,sector 5,1,6667,1500,Built Up area: 1500 (139.35 sq.m.),1,1,0,1,,Undefined,,1500,,0,0,0,0,0,0,0
flat,nul,gwal pahari,0.56,6054,925,Carpet area: 925 (85.94 sq.m.),2,2,1,11,,Old Property,,,925,0,0,0,0,0,1,0
flat,signature global park,sohna road,0.55,7355,748,Carpet area: 745 (69.21 sq.m.),2,2,3,4,East,New Property,,,745,0,0,0,0,0,0,80
flat,dlf the ultima,sector 81,2.25,10755,2092,Super Built up area 2092(194.35 sq.m.)Built Up area: 2090 sq.ft. (194.17 sq.m.)Carpet area: 2087 sq.ft. (193.89 sq.m.),3,4,3+,11,West,Relatively New,2092,2090,2087,0,1,0,0,0,2,174
house,international city by sobha phase 1,sector 109,5.5,21605,2546,Plot area 270(225.75 sq.m.),4,4,3+,2,North-East,New Property,,2430,,0,1,0,0,0,0,61
house,suncity essel towers,sector 28,6,22222,2700,Plot area 300(250.84 sq.m.),4,4,3+,3,East,Old Property,,2700,,1,0,0,0,0,1,89
house,vipul tatvam villa,sector 48,8.2,25309,3240,Plot area 360(301.01 sq.m.),3,3,2,2,North,Moderately Old,,3240,,1,1,0,1,0,2,160
flat,corona optus,sector 37,1.44,7250,1986,Carpet area: 1990 (184.88 sq.m.),3,3,3+,8,North-West,New Property,,,1990,0,1,0,0,0,0,37
house,ats tourmaline,sector 109,1.87,8697,2150,Built Up area: 2150 (199.74 sq.m.),3,4,0,12,,Undefined,,2150,,0,0,0,0,0,0,0
flat,tulip leaf,sector 69,2.06,11386,1809,Super Built up area 1812(168.34 sq.m.),3,3,3,16,South-West,Relatively New,1812,,,0,0,0,0,0,0,49
flat,chintels paradiso,sector 109,1.8,8866,2030,Super Built up area 2030(188.59 sq.m.)Carpet area: 1785 sq.ft. (165.83 sq.m.),3,3,2,0,East,Moderately Old,2030,,1785,0,1,0,0,0,0,83
flat,antriksh heights,sector 84,0.89,4370,2037,Super Built up area 2025(188.13 sq.m.),3,3,3,8,North,Relatively New,2025,,,0,0,0,1,0,0,67
flat,m3m soulitude,sector 89,1.33,16985,783,Built Up area: 1423 (132.2 sq.m.)Carpet area: 783 sq.ft. (72.74 sq.m.),3,3,3,4,North-West,Under Construction,,1423,783,1,0,0,0,0,0,125
flat,orchid petals,sector 49,2.51,12178,2061,Super Built up area 2061(191.47 sq.m.),3,3,3+,7,East,Old Property,2061,,,1,0,0,0,0,1,72
flat,godrej nature plus,sector 33,1.25,9025,1385,Carpet area: 1385 (128.67 sq.m.),2,2,3+,15,,Under Construction,,,1385,0,0,0,0,0,0,44
flat,orris aster court,sector 85,0.9,5671,1587,Super Built up area 1587(147.44 sq.m.),3,3,3,8,North-East,Relatively New,1587,,,0,0,0,0,0,0,49
flat,puri diplomatic greens,sector 111,3.65,12372,2950,Super Built up area 2950(274.06 sq.m.),4,5,3+,17,West,Moderately Old,2950,,,0,1,0,0,0,0,132
flat,green campus chs,manesar,0.9,3935,2287,Super Built up area 2287(212.47 sq.m.),3,3,3+,6,North-East,Moderately Old,2287,,,0,1,0,0,0,0,5
flat,tulip violet,sector 69,2,9950,2010,Super Built up area 2010(186.74 sq.m.),4,4,2,0,West,Relatively New,2010,,,0,0,0,0,0,0,95
flat,dlf new town heights,sector 90,1.65,6979,2364,Super Built up area 2364(219.62 sq.m.),4,4,3+,15,South-East,Moderately Old,2364,,,0,1,0,0,0,1,137
house,independent,sector 14,4.5,20000,2250,Carpet area: 2500 (232.26 sq.m.),5,5,1,1,,Relatively New,,,2500,0,0,0,0,0,0,0
flat,bptp terra,sector 37d,1.6,7302,2191,Super Built up area 2191(203.55 sq.m.)Built Up area: 2000 sq.ft. (185.81 sq.m.)Carpet area: 1800 sq.ft. (167.23 sq.m.),4,3,3+,7,North,Relatively New,2191,2000,1800,0,0,0,0,1,1,139
flat,whiteland blissville,sector 76,1.92,11794,1628,Built Up area: 1628 (151.25 sq.m.),3,3,2,3,,Undefined,,1628,,0,0,0,0,0,0,61
flat,emaar mgf emerald floors premier,sector 65,2.8,14177,1975,Carpet area: 1975 (183.48 sq.m.),4,4,3,2,South,Relatively New,,,1975,1,1,0,0,0,1,108
flat,imperia the esfera,sector 37,0.95,5703,1666,Built Up area: 1578 (146.6 sq.m.),2,2,0,17,,Under Construction,,1578,,0,1,0,0,0,0,66
house,independent,sector 13,1.5,10518,1426,Plot area 1426(132.48 sq.m.),2,2,2,3,South-West,Old Property,,1426,,1,0,0,1,0,0,7
house,independent,sector 12,0.9,13333,675,Built Up area: 675 (62.71 sq.m.),4,4,0,2,,Undefined,,675,,0,0,0,0,0,0,0
house,ansal sushant residency,sector 57,4.6,17037,2700,Plot area 300(250.84 sq.m.),6,6,3,3,East,Old Property,,2700,,1,1,1,1,0,2,102
flat,suncity heights,sector 54,3.85,16445,2341,Super Built up area 2341(217.49 sq.m.),3,3,3+,8,,Old Property,2341,,,0,1,0,0,0,0,67
flat,ats kocoon,sector 109,2.22,10596,2095,Super Built up area 2095(194.63 sq.m.),3,3,3,20,East,Relatively New,2095,,,0,1,0,0,1,0,79
flat,hcbs sports ville,sohna road,0.38,5067,750,Built Up area: 750 (69.68 sq.m.)Carpet area: 650 sq.ft. (60.39 sq.m.),2,2,2,9,East,Undefined,,750,650,0,0,0,0,0,0,0
flat,mvn athens,sohna road,0.25,3671,681,Built Up area: 681 (63.27 sq.m.)Carpet area: 581 sq.ft. (53.98 sq.m.),2,2,1,11,,Relatively New,,681,581,0,0,0,0,0,1,67
flat,hcbs sports ville,sohna road,0.32,5517,580,Carpet area: 580 (53.88 sq.m.),2,2,1,7,,New Property,,,580,0,0,0,0,0,0,37
house,malibu towne,sector 47,1.15,41818,275,Plot area 275(25.55 sq.m.),3,3,3,2,North-East,Old Property,,275,,0,0,0,0,0,1,33
flat,signature global park,sohna road,0.68,8252,824,Carpet area: 824 (76.55 sq.m.),2,2,2,3,,New Property,,,824,0,0,0,0,0,0,113
flat,mvn athens,sohna road,0.26,5397,482,Carpet area: 481.73 (44.75 sq.m.),2,2,1,5,,Relatively New,,,481.684525,0,0,0,0,0,0,95
flat,pioneer araya,sector 62,9.95,20995,4739,Super Built up area 4739(440.27 sq.m.)Carpet area: 3219 sq.ft. (299.05 sq.m.),4,6,3,12,South-East,Relatively New,4739,,3219,0,1,0,1,0,1,138
flat,emaar mgf palm hills,sector 77,1.08,5400,2000,Super Built up area 2000(185.81 sq.m.),3,4,3+,5,South-West,Relatively New,2000,,,1,1,0,0,1,1,167
house,independent,sector 55,9.19,34037,2700,Plot area 300(250.84 sq.m.),16,18,2,4,West,New Property,,2700,,0,1,0,1,0,1,49
house,independent,sector 50,10.56,32593,3240,Plot area 360(301.01 sq.m.),5,5,3,3,,Moderately Old,,3240,,0,1,0,0,0,0,20
flat,shree vardhman flora,sector 90,0.7,5177,1352,Super Built up area 1352(125.6 sq.m.),2,2,3,9,East,New Property,1352,,,1,0,0,0,0,0,97
flat,vatika independent floors,sector 82,0.67,5826,1150,Built Up area: 1150 (106.84 sq.m.),2,2,3,2,,Moderately Old,,1150,,0,0,0,0,0,0,53
flat,meditech apartment,sector 56,2.45,8166,3000,Super Built up area 3000(278.71 sq.m.)Built Up area: 2900 sq.ft. (269.42 sq.m.)Carpet area: 2800 sq.ft. (260.13 sq.m.),4,4,3+,1,West,Relatively New,3000,2900,2800,0,0,0,0,1,1,118
flat,dlf the ultima,sector 81,2.4,11412,2103,Super Built up area 2103(195.38 sq.m.),3,4,3+,19,North-West,Relatively New,2103,,,0,1,0,0,0,2,174
flat,central park flower valley,sector 33,1.55,11923,1300,Carpet area: 1300 (120.77 sq.m.),3,3,3+,7,North-East,New Property,,,1300,0,0,0,0,0,1,28
flat,dlf the skycourt,sector 86,1.5,9740,1540,Super Built up area 1929(179.21 sq.m.)Built Up area: 1780 sq.ft. (165.37 sq.m.)Carpet area: 1540 sq.ft. (143.07 sq.m.),3,3,3+,18,West,Relatively New,1929,1780,1540,1,0,0,0,0,0,174
flat,shree vardhman victoria,sector 70,1.65,8461,1950,Super Built up area 1950(181.16 sq.m.)Carpet area: 1267 sq.ft. (117.71 sq.m.),3,4,3,1,North,Relatively New,1950,,1267,0,1,0,0,0,2,167
flat,gls arawali homes,sohna road,0.26,4513,576,Carpet area: 576 (53.51 sq.m.),2,2,2,5,East,New Property,,,576,0,0,0,0,0,0,78
flat,ambience lagoon,sector 24,4.25,13281,3200,Super Built up area 3200(297.29 sq.m.)Carpet area: 3156 sq.ft. (293.2 sq.m.),3,4,3+,3,East,Old Property,3200,,3156,0,1,1,0,0,1,131
flat,pyramid urban,sector 67a,0.53,8967,591,Carpet area: 591 (54.91 sq.m.),2,2,1,6,West,Relatively New,,,591,0,0,0,0,1,1,49
flat,puri emerald bay,sector 104,2.23,9911,2250,Super Built up area 2450(227.61 sq.m.)Carpet area: 2250 sq.ft. (209.03 sq.m.),3,4,3+,10,East,Relatively New,2450,,2250,0,1,0,0,0,1,159
flat,trisara our homes 3,sohna road,0.38,6312,602,Built Up area: 602 (55.93 sq.m.),2,2,2,1,,Undefined,,602,,0,0,0,0,0,0,0
flat,bestech park view residency,sector 2,1.51,7890,1914,Super Built up area 1920(178.37 sq.m.),3,4,3+,8,West,Moderately Old,1920,,,0,1,0,0,0,0,92
house,independent,sector 41,4.25,26235,1620,Plot area 180(150.5 sq.m.),10,9,3+,4,North,Moderately Old,,1620,,1,1,0,0,0,1,36
house,unitech espace,sector 50,9.8,30247,3240,Plot area 360(301.01 sq.m.)Built Up area: 300 sq.yards (250.84 sq.m.)Carpet area: 280 sq.yards (234.12 sq.m.),4,4,3,2,North-West,Moderately Old,,300,280,0,1,0,0,0,0,22
flat,suncity platinum towers,sector 28,6,22346,2685,Carpet area: 2685 (249.44 sq.m.),3,3,2,8,South-East,Moderately Old,,,2685,0,1,0,0,0,0,31
house,independent,sector 23,5,16244,3078,Plot area 342(285.96 sq.m.),4,4,2,2,East,Old Property,,3078,,0,0,0,0,0,0,7
flat,puri diplomatic greens,sector 111,2.65,11963,2215,Super Built up area 2215(205.78 sq.m.),3,4,3+,19,South-East,Relatively New,2215,,,1,1,1,1,0,0,65
flat,puri diplomatic greens,sector 111,2.25,13235,1700,Super Built up area 1700(157.94 sq.m.),3,3,2,12,North-East,Relatively New,1700,,,0,0,0,0,0,0,101
flat,tulip violet,sector 69,1.28,8111,1578,Super Built up area 1578(146.6 sq.m.),3,3,2,12,South-West,Relatively New,1578,,,0,0,0,1,0,1,49
flat,ambience creacions,sector 22,1.99,15546,1280,Super Built up area 1380(128.21 sq.m.)Built Up area: 1285 sq.ft. (119.38 sq.m.)Carpet area: 1280 sq.ft. (118.92 sq.m.),2,2,2,9,North-East,New Property,1380,1285,1280,0,0,0,0,0,0,49
flat,signature global park,sohna road,0.87,7190,1210,Built Up area: 1210 (112.41 sq.m.)Carpet area: 870 sq.ft. (80.83 sq.m.),3,2,3,4,,Undefined,,1210,870,0,0,0,0,0,0,58
flat,my home,sector 110,0.22,4400,500,Carpet area: 500 (46.45 sq.m.),2,2,1,1,,New Property,,,500,0,0,0,0,0,1,0
flat,ansal maple crescent,sector 43,1.35,10037,1345,Super Built up area 1345(124.95 sq.m.)Built Up area: 1320 sq.ft. (122.63 sq.m.)Carpet area: 1300 sq.ft. (120.77 sq.m.),3,3,3,2,South,Old Property,1345,1320,1300,0,0,0,0,1,1,93
flat,chd avenue,sector 71,1.15,6526,1762,Super Built up area 1762(163.7 sq.m.)Carpet area: 1339 sq.ft. (124.4 sq.m.),3,3,2,15,East,Moderately Old,1762,,1339,0,1,0,0,0,1,66
flat,the castle society,sector 56,2,8695,2300,Super Built up area 2300(213.68 sq.m.),4,4,2,4,,Under Construction,2300,,,0,0,0,0,0,0,0
flat,la vida by tata housing,sector 113,1.35,13989,965,Super Built up area 1276(118.54 sq.m.)Built Up area: 1090 sq.ft. (101.26 sq.m.)Carpet area: 965 sq.ft. (89.65 sq.m.),2,2,3,10,North-East,New Property,1276,1090,965,0,0,0,0,0,0,174
flat,whiteland the aspen,sector 76,3.35,17615,1902,Carpet area: 1900 (176.52 sq.m.),3,4,3+,5,North-East,Under Construction,,,1900,0,1,0,0,0,2,151
flat,eldeco accolade,sohna road,0.71,5607,1266,Super Built up area 1275(118.45 sq.m.),2,2,3,10,North-East,Relatively New,1275,,,0,0,0,0,0,0,159
flat,smart world one,dwarka expressway,1.65,5933,2781,Carpet area: 2785 (258.73 sq.m.),3,4,3,6,,Under Construction,,,2785,0,0,0,0,0,0,0
flat,shree vardhman victoria,sector 70,1.55,7948,1950,Super Built up area 1950(181.16 sq.m.)Carpet area: 1161 sq.ft. (107.86 sq.m.),3,3,3,6,South-East,Relatively New,1950,,1161,1,1,0,1,1,0,49
flat,ss the leaf,sector 85,1.2,7317,1640,Super Built up area 1640(152.36 sq.m.)Carpet area: 1148 sq.ft. (106.65 sq.m.),2,2,3+,14,East,Relatively New,1640,,1148,0,0,1,0,0,0,141
flat,bptp terra,sector 37d,1.55,7074,2191,Super Built up area 2191(203.55 sq.m.)Built Up area: 2100 sq.ft. (195.1 sq.m.)Carpet area: 1800 sq.ft. (167.23 sq.m.),4,3,3+,19,North-East,Relatively New,2191,2100,1800,0,0,0,0,1,1,131
flat,pareena mi casa,sector 68,1.15,9236,1245,Super Built up area 1245(115.66 sq.m.),2,2,3,8,East,New Property,1245,,,0,0,0,0,0,0,49
flat,swarn jayanti cghs,sector 54,1.75,7608,2300,Super Built up area 2300(213.68 sq.m.)Built Up area: 1900 sq.ft. (176.52 sq.m.)Carpet area: 1800 sq.ft. (167.23 sq.m.),4,3,3+,3,North-West,Old Property,2300,1900,1800,0,0,0,0,1,1,26
flat,sare crescent parc,sector 92,0.8,4210,1900,Super Built up area 1900(176.52 sq.m.),4,3,2,10,East,Relatively New,1900,,,0,0,0,0,1,0,37
flat,ats triumph,sector 104,1.85,8078,2290,Super Built up area 2290(212.75 sq.m.),3,4,3+,14,East,Relatively New,2290,,,1,1,1,1,0,0,117
flat,pareena coban residences,sector 99,1.6,8000,2000,Super Built up area 2000(185.81 sq.m.),3,3,3,6,,Under Construction,2000,,,0,0,0,0,0,0,0
house,independent,sector 7,1.16,11693,992,Plot area 992(92.16 sq.m.)Carpet area: 992 sq.ft. (92.16 sq.m.),5,4,2,3,North-East,Moderately Old,,,992,0,0,0,0,1,0,39
flat,raheja vedaanta,sector 108,0.7,4522,1548,Built Up area: 1548 (143.81 sq.m.)Carpet area: 1200 sq.ft. (111.48 sq.m.),2,2,3,1,West,Undefined,,1548,1200,0,0,0,0,0,0,0
flat,siddhartha apartment,sector 95,1.1,4327,2542,Carpet area: 2542 (236.16 sq.m.),4,3,3,9,North,Relatively New,,,2542,0,1,0,0,1,0,22
flat,ss the leaf,sector 85,1.2,12371,970,Super Built up area 1671(155.24 sq.m.)Built Up area: 1190 sq.ft. (110.55 sq.m.)Carpet area: 970 sq.ft. (90.12 sq.m.),2,2,2,4,East,Relatively New,1671,1190,970,0,1,1,0,0,0,81
flat,indiabulls centrum park,sector 103,1.33,8580,1550,Super Built up area 1790(166.3 sq.m.)Carpet area: 1550 sq.ft. (144 sq.m.),3,3,3+,8,East,Relatively New,1790,,1550,1,0,0,0,0,0,150
house,signature global city 81,sector 81,0.75,6849,1095,Plot area 1095(101.73 sq.m.),3,2,3,4,East,Under Construction,,1095,,1,0,0,0,0,0,97
flat,breez global heights,sohna road,0.21,5329,394,Carpet area: 394 (36.6 sq.m.),1,1,1,2,,Relatively New,,,394,0,0,0,0,0,0,21
flat,signature global city,sector 37d,1.1,9838,1118,Carpet area: 1118 (103.87 sq.m.),2,2,2,4,South,Undefined,,,1118,0,0,0,0,0,0,59
flat,vatika city homes,sector 83,1.08,6206,1740,Super Built up area 1740(161.65 sq.m.)Carpet area: 1350 sq.ft. (125.42 sq.m.),3,3,3,6,South-West,Relatively New,1740,,1350,0,0,1,0,0,0,111
flat,ambience creacions,sector 22,4.63,14983,3090,Super Built up area 3090(287.07 sq.m.),3,5,3+,5,North-East,New Property,3090,,,0,1,0,0,1,0,120
flat,signature the roselia,sector 95,0.41,7293,562,Built Up area: 670 (62.25 sq.m.)Carpet area: 569 sq.ft. (52.86 sq.m.),2,2,2,12,South,New Property,,670,569,0,0,0,0,0,1,93
flat,shree vardhman victoria,sector 70,1.62,13953,1161,Super Built up area 1950(181.16 sq.m.)Carpet area: 1161 sq.ft. (107.86 sq.m.),3,3,3,9,North,Relatively New,1950,,1161,0,1,0,0,0,0,96
flat,puri the aravallis,sector 61,3.9,33209,1174,Carpet area: 1249.65 (116.1 sq.m.),3,4,3+,33,South,Under Construction,,,1249.68879,0,1,0,0,0,0,158
house,independent,sector 21,0.45,8411,535,Carpet area: 535 (49.7 sq.m.),3,2,1,1,,Undefined,,,535,0,0,0,0,0,0,0
flat,ss the leaf,sector 85,1.78,7392,2408,Super Built up area 2408(223.71 sq.m.),3,4,3+,6,West,New Property,2408,,,0,0,1,0,0,0,113
flat,sare homes,sector 92,0.95,4250,2235,Super Built up area 2000(185.81 sq.m.)Built Up area: 1983 sq.ft. (184.23 sq.m.)Carpet area: 1900 sq.ft. (176.52 sq.m.),4,3,2,16,East,New Property,2000,1983,1900,0,0,0,0,0,0,95
flat,sare petioles,sector 92,1.3,6373,2040,Built Up area: 2040 (189.52 sq.m.),4,4,0,7,,Undefined,,2040,,0,0,0,0,0,0,0
flat,vatika sovereign park,sector 99,3.25,9672,3360,Super Built up area 3360(312.15 sq.m.),4,4,3+,2,,New Property,3360,,,0,1,0,0,0,0,123
flat,kiran residency,sector 56,1.55,7750,2000,Super Built up area 2000(185.81 sq.m.)Built Up area: 1800 sq.ft. (167.23 sq.m.)Carpet area: 1700 sq.ft. (157.94 sq.m.),3,3,3+,5,North,Old Property,2000,1800,1700,0,1,0,1,1,0,166
flat,shyam apartment,sector 3,0.26,3714,700,Super Built up area 700(65.03 sq.m.)Carpet area: 530 sq.ft. (49.24 sq.m.),2,1,2,2,,Relatively New,700,,530,0,0,0,0,0,0,0
flat,dlf royalton tower,sector 43,6.5,20687,3142,Super Built up area 2997(278.43 sq.m.),4,4,3+,9,,Moderately Old,2997,,,0,1,0,0,0,0,7
flat,ss the leaf,sector 85,1.15,11966,961,Super Built up area 1741(161.74 sq.m.)Built Up area: 1263 sq.ft. (117.34 sq.m.)Carpet area: 961 sq.ft. (89.28 sq.m.),2,2,3,20,North-East,Relatively New,1741,1263,961,0,0,0,1,0,0,107
flat,tata primanti,sector 72,4,13769,2905,Super Built up area 2905(269.88 sq.m.),4,5,2,7,South-East,Moderately Old,2905,,,0,1,0,0,0,0,38
flat,shree vardhman mantra,sector 67,0.56,7000,800,Carpet area: 800 (74.32 sq.m.),2,2,1,8,,New Property,,,800,0,0,0,0,0,0,65
house,independent,sector 48,8.4,25926,3240,Plot area 360(301.01 sq.m.),4,4,3,2,,Old Property,,3240,,0,1,0,1,0,1,15
flat,brisk lumbini terrace homes,sector 109,1.38,6338,2177,Carpet area: 2177 (202.25 sq.m.),3,3,1,4,,Moderately Old,,,2177,0,0,0,0,0,0,20
flat,imperia the esfera,sector 37,0.87,5513,1578,Super Built up area 1578(146.6 sq.m.),2,3,3+,9,North-East,New Property,1578,,,1,0,0,0,0,0,49
flat,sidhartha ncr one,sector 95,0.57,4179,1364,Built Up area: 1364 (126.72 sq.m.)Carpet area: 1232 sq.ft. (114.46 sq.m.),2,2,2,10,,Undefined,,1364,1232,0,0,0,0,0,0,0
flat,orris aster court premier,sector 85,1.38,6509,2120,Super Built up area 2120(196.95 sq.m.)Built Up area: 1616 sq.ft. (150.13 sq.m.),3,4,2,6,North-East,Relatively New,2120,1616,,0,1,0,0,0,0,76
flat,ss the leaf,sector 85,1.93,8075,2390,Super Built up area 2408(223.71 sq.m.)Built Up area: 2400 sq.ft. (222.97 sq.m.)Carpet area: 2390 sq.ft. (222.04 sq.m.),3,4,3,7,North-East,Relatively New,2408,2400,2390,0,1,0,0,0,0,174
house,huda sector-56 gurgaon,sector 56,3.6,24845,1449,Plot area 161(134.62 sq.m.),5,5,3+,3,North-East,Moderately Old,,1449,,0,0,0,0,1,0,47
flat,maruti vihar,sector 28,1,9090,1100,Super Built up area 1100(102.19 sq.m.),1,1,1,1,North,Old Property,1100,,,1,0,0,1,0,1,80
flat,corona gracieux,sector 76,1.05,5949,1765,Super Built up area 1765(163.97 sq.m.),3,3,3+,7,North-East,Relatively New,1765,,,0,0,0,0,0,1,133
flat,signature global city 37d ph 2,sector 37d,1.1,8148,1350,Carpet area: 1350 (125.42 sq.m.),3,3,1,2,North,Under Construction,,,1350,0,0,0,1,0,0,30
flat,indiabulls centrum park,sector 103,1.15,8679,1325,Super Built up area 1325(123.1 sq.m.)Carpet area: 865 sq.ft. (80.36 sq.m.),2,2,3,10,North-East,Relatively New,1325,,865,1,0,0,0,0,1,174
flat,emaar mgf the enclave,sector 66,1.9,10555,1800,Super Built up area 1920(178.37 sq.m.)Built Up area: 1850 sq.ft. (171.87 sq.m.)Carpet area: 1800 sq.ft. (167.23 sq.m.),3,4,2,8,North-East,Relatively New,1920,1850,1800,0,1,0,0,0,1,174
house,independent,sector 28,0.45,90000,50,Built Up area: 50 (4.65 sq.m.),5,3,0,1,,Undefined,,50,,0,0,0,0,0,0,0
flat,paras dews,sector 106,1.28,7272,1760,Super Built up area 1760(163.51 sq.m.)Built Up area: 1186 sq.ft. (110.18 sq.m.)Carpet area: 1130 sq.ft. (104.98 sq.m.),3,4,3+,24,North-West,Relatively New,1760,1186,1130,0,1,0,0,0,0,49
flat,krisumi waterfall residences,sector 36,3.65,14381,2538,Super Built up area 2538(235.79 sq.m.),3,3,2,17,East,New Property,2538,,,0,0,0,0,0,0,31
house,independent,sector 17,9.5,23457,4050,Plot area 502(419.74 sq.m.)Built Up area: 500 sq.yards (418.06 sq.m.)Carpet area: 450 sq.yards (376.26 sq.m.),8,8,3,3,West,Relatively New,,500,450,1,0,0,0,0,1,27
flat,antriksh heights,sector 84,0.49,4355,1125,Super Built up area 1125(104.52 sq.m.),2,2,2,16,East,Relatively New,1125,,,0,0,0,0,0,0,66
flat,dlf new town heights,sector 86,1.26,6113,2061,Super Built up area 1930(179.3 sq.m.),3,3,3,5,West,Moderately Old,1930,,,0,1,0,0,1,0,113
flat,sare homes,sector 92,0.95,4871,1950,Super Built up area 1950(181.16 sq.m.),4,3,3,13,,New Property,1950,,,0,0,0,0,0,0,0
flat,sare green parc phase 3,sector 92,0.79,6086,1298,Super Built up area 1298(120.59 sq.m.),3,2,2,15,North,New Property,1298,,,0,0,0,0,0,0,29
flat,suncity avenue 76,sector 76,0.75,10204,735,Super Built up area 735(68.28 sq.m.),2,2,2,11,,Under Construction,735,,,0,0,0,0,0,0,57
house,independent,sector 37d,2.5,13157,1900,Plot area 1900(176.52 sq.m.),5,5,3+,2,,Relatively New,,1900,,0,0,0,0,0,0,0
flat,mapsko royale ville,sector 82,1.15,6424,1790,Super Built up area 1790(166.3 sq.m.),3,4,2,15,North-East,Relatively New,1790,,,0,1,0,1,0,1,104
flat,ansal sushant residency,sector 57,1.5,6775,2214,Carpet area: 246 (205.69 sq.m.),3,2,3+,1,,Moderately Old,,,246,0,0,0,0,0,0,87
flat,godrej nature plus,sector 33,1.55,9955,1557,Carpet area: 1557 (144.65 sq.m.),3,2,3+,8,East,New Property,,,1557,0,0,0,0,0,0,43
flat,deepak minda,manesar,1.2,4528,2650,Carpet area: 2650 (246.19 sq.m.),3,3,3+,6,North-West,Moderately Old,,,2650,0,1,0,0,0,0,7
flat,vipul belmonte,sector 53,6.5,21922,2965,Super Built up area 2965(275.46 sq.m.),3,4,3+,0,,Old Property,2965,,,1,0,0,0,1,0,72
flat,bptp terra,sector 37d,1.5,8282,1811,Super Built up area 1811(168.25 sq.m.)Carpet area: 1570 sq.ft. (145.86 sq.m.),3,3,3,17,North-West,Relatively New,1811,,1570,0,0,0,0,1,0,49
flat,bestech park view residency,sector 2,0.55,8461,650,Super Built up area 650(60.39 sq.m.),1,1,2,7,North,Moderately Old,650,,,0,0,0,0,0,0,31
house,international city by sobha phase 2,sector 109,6.44,26502,2430,Plot area 270(225.75 sq.m.),4,5,3+,3,North-East,New Property,,2430,,1,1,1,1,0,0,138
flat,ss the leaf,sector 85,1.25,7179,1741,Carpet area: 1741 (161.74 sq.m.),2,2,2,16,North,Relatively New,,,1741,0,0,0,0,0,1,49
flat,gls arawali homes,sohna road,0.27,4687,576,Carpet area: 576 (53.51 sq.m.),2,2,2,1,East,New Property,,,576,0,0,0,0,0,0,35
house,independent,sector 27,8,26298,3042,Plot area 338(282.61 sq.m.),9,9,3,4,North-East,Relatively New,,3042,,1,1,1,1,0,2,110
flat,eldeco accolade,sohna road,0.87,5965,1459,Super Built up area 1457(135.36 sq.m.)Carpet area: 849 sq.ft. (78.87 sq.m.),2,2,3+,10,,Relatively New,1457,,849,1,0,0,0,0,0,72
flat,paras dews,sector 106,0.92,6642,1385,Super Built up area 1385(128.67 sq.m.)Built Up area: 940 sq.ft. (87.33 sq.m.)Carpet area: 845 sq.ft. (78.5 sq.m.),2,2,3+,2,East,Relatively New,1385,940,845,0,0,0,0,0,0,174
house,surendra homes dayaindependentd colony,sector 6,0.75,15625,480,Built Up area: 480 (44.59 sq.m.),4,4,2,1,,Undefined,,480,,0,0,0,0,0,0,0
flat,pivotal devaan,sector 84,0.37,6346,583,Super Built up area 583(54.16 sq.m.)Carpet area: 483 sq.ft. (44.87 sq.m.),2,2,1,5,North-West,Relatively New,583,,483,0,0,0,0,0,0,73
house,international city by sobha phase 1,sector 109,6,9634,6228,Plot area 692(578.6 sq.m.),5,5,3+,2,South-West,Relatively New,,6228,,1,1,1,1,0,0,160
flat,ansal api celebrity suites,sector 2,0.6,8163,735,Super Built up area 735(68.28 sq.m.),1,1,1,5,North-East,Moderately Old,735,,,0,0,0,0,0,1,67
house,independent,sector 43,15.5,28233,5490,Plot area 610(510.04 sq.m.),5,6,3,3,East,Moderately Old,,5490,,1,1,1,1,0,0,76
flat,m3m ikonic,sector 68,1.78,9128,1950,Super Built up area 1950(181.16 sq.m.)Built Up area: 1845 sq.ft. (171.41 sq.m.)Carpet area: 1530 sq.ft. (142.14 sq.m.),3,3,3+,27,South,Relatively New,1950,1845,1530,0,0,0,0,0,1,126
